scope,method,query_index,query,first_hit_rank,rank_bucket,recall_at_1,recall_at_5,recall_at_10,reciprocal_rank,ap_at_10,latency_ms
coco,baseline_clip,0,A smothered beef sandwich is sided with pickles and slaw.,1.0,1,1.0,1.0,1.0,1.0,1.0,1334.26
coco,baseline_clip,1,Many old appliances in trash head with woman in center.,1.0,1,1.0,1.0,1.0,1.0,1.0,613.36
coco,baseline_clip,2,two people outside sitting on chairs with planes around them.,1.0,1,1.0,1.0,1.0,1.0,1.0,559.15
coco,baseline_clip,3,A COUPLE OF TREES AND ONE WITH BANANAS IN IT ,1.0,1,1.0,1.0,1.0,1.0,1.0,932.01
coco,baseline_clip,4,"Chef at counter with baked goods, baking pans and containers of toppings.",1.0,1,1.0,1.0,1.0,1.0,1.0,599.42
coco,baseline_clip,5,A batter ready to swing at home plate.,1.0,1,1.0,1.0,1.0,1.0,1.0,447.2
coco,baseline_clip,6,A baseball game in progress with the batter in the middle of a swing.,3.0,2-5,0.0,1.0,1.0,0.3333333333333333,0.3333333333333333,668.72
coco,baseline_clip,7,a white toilet in a black counter bathroom,1.0,1,1.0,1.0,1.0,1.0,1.0,406.91
coco,baseline_clip,8,The tray has a sandwich and two bowls near a beverage. ,1.0,1,1.0,1.0,1.0,1.0,1.0,546.22
coco,baseline_clip,9,A boy playing wii in the living room while several other children watch.,1.0,1,1.0,1.0,1.0,1.0,1.0,638.51
coco,baseline_clip,10,A surfer is riding the waves as a sailboat sails in the background.,1.0,1,1.0,1.0,1.0,1.0,1.0,568.06
coco,baseline_clip,11,A bedroom with a framed bed and a vanity.,1.0,1,1.0,1.0,1.0,1.0,1.0,551.95
coco,baseline_clip,12,a clean kitchen counter with a clean sink,1.0,1,1.0,1.0,1.0,1.0,1.0,441.51
coco,baseline_clip,13,A man is laying down in a pavement balancing a ball on his foot while others watch.,1.0,1,1.0,1.0,1.0,1.0,1.0,740.82
coco,baseline_clip,14,There is an old toilet sitting under a sign for this picture.,1.0,1,1.0,1.0,1.0,1.0,1.0,413.55
coco,baseline_clip,15,A painting of a man smiling behind a table with fruit,1.0,1,1.0,1.0,1.0,1.0,1.0,623.99
coco,baseline_clip,16,There are blurry traffic lights on the road.,1.0,1,1.0,1.0,1.0,1.0,1.0,572.73
coco,baseline_clip,17,"A male tennis player jumping in the air while swinging his tennis racket, on a hard surface court, with a scoreboard behind him.",1.0,1,1.0,1.0,1.0,1.0,1.0,422.13
coco,baseline_clip,18,A woman in white shirt holding up a cellphone.,1.0,1,1.0,1.0,1.0,1.0,1.0,608.66
coco,baseline_clip,19,A doughnut is at the bottom of a container.  ,1.0,1,1.0,1.0,1.0,1.0,1.0,606.91
coco,baseline_clip,20,a quarter is surrounded by some rocks with holes,1.0,1,1.0,1.0,1.0,1.0,1.0,576.06
coco,baseline_clip,21,two men standing in the living room and playing a video game with wii motes,1.0,1,1.0,1.0,1.0,1.0,1.0,582.78
coco,baseline_clip,22,two giraffes eating leaves together off of a tree,1.0,1,1.0,1.0,1.0,1.0,1.0,597.07
coco,baseline_clip,23,Horse in a large corral eating grass and trees in the back. ,1.0,1,1.0,1.0,1.0,1.0,1.0,481.7
coco,baseline_clip,24,The fruit is placed in a bowl out in the open to be eaten,1.0,1,1.0,1.0,1.0,1.0,1.0,487.09
coco,baseline_clip,25,A living room with a fire place and furniture.,1.0,1,1.0,1.0,1.0,1.0,1.0,395.71
coco,baseline_clip,26,A dog sits near books with a shirt on.,1.0,1,1.0,1.0,1.0,1.0,1.0,522.42
coco,baseline_clip,27,A brown crust of pie with strawberry filing. ,1.0,1,1.0,1.0,1.0,1.0,1.0,363.22
coco,baseline_clip,28,"A man with a plaid hat, tie, dress shirt and glasses on.",1.0,1,1.0,1.0,1.0,1.0,1.0,394.33
coco,baseline_clip,29,A group of people staring at a woman holding a bat.,1.0,1,1.0,1.0,1.0,1.0,1.0,515.58
coco,baseline_clip,30,a homemade pizza  is on a cutting board,2.0,2-5,0.0,1.0,1.0,0.5,0.5,539.66
coco,baseline_clip,31,An intersection with a stoplight on a roadway that has no vehicles traveling on it.,1.0,1,1.0,1.0,1.0,1.0,1.0,529.39
coco,baseline_clip,32,A family looking at vases and plates in a store.,1.0,1,1.0,1.0,1.0,1.0,1.0,755.03
coco,baseline_clip,33,A double exposure of a man sitting in a chair in a dimly lit room.,1.0,1,1.0,1.0,1.0,1.0,1.0,614.06
coco,baseline_clip,34,A tile bathroom contains a tub and large sink. ,1.0,1,1.0,1.0,1.0,1.0,1.0,513.39
coco,baseline_clip,35,"A sign in front of a building, in front of a building.",6.0,6-10,0.0,0.0,1.0,0.16666666666666666,0.16666666666666666,437.11
coco,baseline_clip,36,The skier is coming down the slope on a very snowy day.,1.0,1,1.0,1.0,1.0,1.0,1.0,452.8
coco,baseline_clip,37,A train that is riding on tracks through a station.,1.0,1,1.0,1.0,1.0,1.0,1.0,396.2
coco,baseline_clip,38,A herd of Zebras on a grassy plain.,1.0,1,1.0,1.0,1.0,1.0,1.0,566.23
coco,baseline_clip,39,A young gir holding a child with a boy standing next to them,1.0,1,1.0,1.0,1.0,1.0,1.0,523.36
coco,baseline_clip,40,Giraffe and zebra grazing in a field next to plants.,1.0,1,1.0,1.0,1.0,1.0,1.0,526.59
coco,baseline_clip,41,A motorcycle of some sort parked somewhere during the day.,2.0,2-5,0.0,1.0,1.0,0.5,0.5,755.64
coco,baseline_clip,42,A small room with different types of furniture and appliances that it makes it hard to tell what type of room it is.,1.0,1,1.0,1.0,1.0,1.0,1.0,585.22
coco,baseline_clip,43,A man is grabbing the tie of another person that appears in the mirror.,1.0,1,1.0,1.0,1.0,1.0,1.0,529.6
coco,baseline_clip,44,A chicken walking around on the ocean shore.,1.0,1,1.0,1.0,1.0,1.0,1.0,409.36
coco,baseline_clip,45,Bunches of bananas are sitting on a shelf.,1.0,1,1.0,1.0,1.0,1.0,1.0,395.91
coco,baseline_clip,46,A large bus parked in a parking lot next to a group of women.,1.0,1,1.0,1.0,1.0,1.0,1.0,435.11
coco,baseline_clip,47,a park with benches and lots of trees.,1.0,1,1.0,1.0,1.0,1.0,1.0,389.07
coco,baseline_clip,48,A motorcycle is parked on a dirt road in front of an old farm truck selling produce.,1.0,1,1.0,1.0,1.0,1.0,1.0,467.86
coco,baseline_clip,49,a black shirt on a hanger blue curtains a bed and pillow,1.0,1,1.0,1.0,1.0,1.0,1.0,751.15
coco,baseline_clip,50,The kid is on a skateboard and on a ramp. ,1.0,1,1.0,1.0,1.0,1.0,1.0,433.58
coco,baseline_clip,51,A baseball player swings his bat while the umpire and referee wait behind him.,1.0,1,1.0,1.0,1.0,1.0,1.0,473.12
coco,baseline_clip,52,A pizza covered in cheese dripping down onto the bottom of an oven burning.,1.0,1,1.0,1.0,1.0,1.0,1.0,557.55
coco,baseline_clip,53,Trucks are parked outside of a market building.,1.0,1,1.0,1.0,1.0,1.0,1.0,632.77
coco,baseline_clip,54,a person standing near a stove in a kitchen ,1.0,1,1.0,1.0,1.0,1.0,1.0,401.52
coco,baseline_clip,55,a man talks in front of a group of kids ,1.0,1,1.0,1.0,1.0,1.0,1.0,415.36
coco,baseline_clip,56,some boats are docked on the sand at a beach,1.0,1,1.0,1.0,1.0,1.0,1.0,465.42
coco,baseline_clip,57,"A kitchen with a stove, sink and coffee maker.",6.0,6-10,0.0,0.0,1.0,0.16666666666666666,0.16666666666666666,1528.14
coco,baseline_clip,58,Purple and blue building which has an atm inside.,1.0,1,1.0,1.0,1.0,1.0,1.0,394.29
coco,baseline_clip,59,"A table with five red cups, a pineapple and some oranges on a plate",1.0,1,1.0,1.0,1.0,1.0,1.0,608.74
coco,baseline_clip,60,A bathroom with two sinks sitting under mirrors.,1.0,1,1.0,1.0,1.0,1.0,1.0,627.66
coco,baseline_clip,61,Traffic in front of Walgreens on a town street.,1.0,1,1.0,1.0,1.0,1.0,1.0,438.26
coco,baseline_clip,62,Two individuals catching a wave surfing in the ocean.,1.0,1,1.0,1.0,1.0,1.0,1.0,468.62
coco,baseline_clip,63,A pizza sitting on top of a pizza box covered in cheese.,1.0,1,1.0,1.0,1.0,1.0,1.0,424.71
coco,baseline_clip,64,graffiti and stickers are plastered on the stop sign and street sign,1.0,1,1.0,1.0,1.0,1.0,1.0,418.28
coco,baseline_clip,65,A man prepares to hit a tennis ball,1.0,1,1.0,1.0,1.0,1.0,1.0,561.48
coco,baseline_clip,66,There are stuffed teddy bears sitting on chairs at a table,1.0,1,1.0,1.0,1.0,1.0,1.0,449.06
coco,baseline_clip,67,a man standing on a pair of skis and coming down a snow covered hill,1.0,1,1.0,1.0,1.0,1.0,1.0,483.43
coco,baseline_clip,68,A dog looks up while laying on a blue couch.,1.0,1,1.0,1.0,1.0,1.0,1.0,561.64
coco,baseline_clip,69,an orange kitchen with a white refrigerator stove oven and dishwasher,1.0,1,1.0,1.0,1.0,1.0,1.0,714.73
coco,baseline_clip,70,White show horses and handlers performing during public event.,1.0,1,1.0,1.0,1.0,1.0,1.0,504.19
coco,baseline_clip,71,A raw pizza with red peppers and cheese is on the counter.,1.0,1,1.0,1.0,1.0,1.0,1.0,513.66
coco,baseline_clip,72,A group of people standing around a herd of animals in a city.,1.0,1,1.0,1.0,1.0,1.0,1.0,443.44
coco,baseline_clip,73,A white refrigerator freezer covered in magnets and pictures.,1.0,1,1.0,1.0,1.0,1.0,1.0,579.0
coco,baseline_clip,74,A man asleep under a blanket on a bed ,1.0,1,1.0,1.0,1.0,1.0,1.0,362.66
coco,baseline_clip,75,Three giraffes standing in some tall grass with trees.,1.0,1,1.0,1.0,1.0,1.0,1.0,439.63
coco,baseline_clip,76,A view of a man's urinal inside a bathroom stall.,1.0,1,1.0,1.0,1.0,1.0,1.0,564.2
coco,baseline_clip,77,The two bears are wondering about the point of the camera.,1.0,1,1.0,1.0,1.0,1.0,1.0,554.94
coco,baseline_clip,78,A bunch of girls sit on the grass with several things on a blanket.,1.0,1,1.0,1.0,1.0,1.0,1.0,636.92
coco,baseline_clip,79,Two multicolored exotic birds perched on a wooden branch with trees and flowers behind them.,1.0,1,1.0,1.0,1.0,1.0,1.0,704.2
coco,baseline_clip,80,A woman getting ready to eat a pizza on the table.,1.0,1,1.0,1.0,1.0,1.0,1.0,689.06
coco,baseline_clip,81,"A pile of oranges, apples and pears next to each other.",1.0,1,1.0,1.0,1.0,1.0,1.0,542.06
coco,baseline_clip,82,A person walking in the ocean with a surfboard under their arm. ,1.0,1,1.0,1.0,1.0,1.0,1.0,496.85
coco,baseline_clip,83,A decorative flower vase with lavender in it.,1.0,1,1.0,1.0,1.0,1.0,1.0,588.71
coco,baseline_clip,84,A computer desk with several pieces of computer equipment.,1.0,1,1.0,1.0,1.0,1.0,1.0,621.73
coco,baseline_clip,85,A woman holds a cake with candles while riding a mechanical horse in a store.,1.0,1,1.0,1.0,1.0,1.0,1.0,718.48
coco,baseline_clip,86,Krispy Kreme donuts fill up a long table.,1.0,1,1.0,1.0,1.0,1.0,1.0,522.04
coco,baseline_clip,87,A boy playing with a kite in the park.,1.0,1,1.0,1.0,1.0,1.0,1.0,652.42
coco,baseline_clip,88,Two large elephants together with a baby elephant close by.,1.0,1,1.0,1.0,1.0,1.0,1.0,516.65
coco,baseline_clip,89,A female plays with her dog in the living room,1.0,1,1.0,1.0,1.0,1.0,1.0,660.9
coco,baseline_clip,90,Several people engaged in para-sailing on a lake.,1.0,1,1.0,1.0,1.0,1.0,1.0,504.48
coco,baseline_clip,91,A parking lot with various trucks in it next to a building.,1.0,1,1.0,1.0,1.0,1.0,1.0,528.18
coco,baseline_clip,92,A sheep with its mouth open in a pen.,1.0,1,1.0,1.0,1.0,1.0,1.0,663.86
coco,baseline_clip,93,A hairy brown animal stands on the grass.,1.0,1,1.0,1.0,1.0,1.0,1.0,2953.51
coco,baseline_clip,94,A kitchen with fish tanks and many many cabinets is shown.,1.0,1,1.0,1.0,1.0,1.0,1.0,671.69
coco,baseline_clip,95,Cars and a bus stopped for a train at a crossing.,1.0,1,1.0,1.0,1.0,1.0,1.0,418.42
coco,baseline_clip,96,two teddy bears sitting at a table looking at a jar of honey,1.0,1,1.0,1.0,1.0,1.0,1.0,398.63
coco,baseline_clip,97,Two kids in pink and purple jackets standing by a fence.,1.0,1,1.0,1.0,1.0,1.0,1.0,501.66
coco,baseline_clip,98,Man cutting a cake on the table in the kitchen.,1.0,1,1.0,1.0,1.0,1.0,1.0,532.67
coco,baseline_clip,99,multiple shots of a banana and a banana guard,1.0,1,1.0,1.0,1.0,1.0,1.0,691.12
coco,baseline_ocr,0,A smothered beef sandwich is sided with pickles and slaw.,,>10,0.0,0.0,0.0,0.0,0.0,673.87
coco,baseline_ocr,1,Many old appliances in trash head with woman in center.,,>10,0.0,0.0,0.0,0.0,0.0,454.57
coco,baseline_ocr,2,two people outside sitting on chairs with planes around them.,1.0,1,1.0,1.0,1.0,1.0,1.0,550.43
coco,baseline_ocr,3,A COUPLE OF TREES AND ONE WITH BANANAS IN IT ,2.0,2-5,0.0,1.0,1.0,0.5,0.5,453.6
coco,baseline_ocr,4,"Chef at counter with baked goods, baking pans and containers of toppings.",,>10,0.0,0.0,0.0,0.0,0.0,697.63
coco,baseline_ocr,5,A batter ready to swing at home plate.,,>10,0.0,0.0,0.0,0.0,0.0,392.38
coco,baseline_ocr,6,A baseball game in progress with the batter in the middle of a swing.,,>10,0.0,0.0,0.0,0.0,0.0,444.46
coco,baseline_ocr,7,a white toilet in a black counter bathroom,,>10,0.0,0.0,0.0,0.0,0.0,573.59
coco,baseline_ocr,8,The tray has a sandwich and two bowls near a beverage. ,,>10,0.0,0.0,0.0,0.0,0.0,525.41
coco,baseline_ocr,9,A boy playing wii in the living room while several other children watch.,,>10,0.0,0.0,0.0,0.0,0.0,498.09
coco,baseline_ocr,10,A surfer is riding the waves as a sailboat sails in the background.,,>10,0.0,0.0,0.0,0.0,0.0,717.18
coco,baseline_ocr,11,A bedroom with a framed bed and a vanity.,,>10,0.0,0.0,0.0,0.0,0.0,476.45
coco,baseline_ocr,12,a clean kitchen counter with a clean sink,,>10,0.0,0.0,0.0,0.0,0.0,707.82
coco,baseline_ocr,13,A man is laying down in a pavement balancing a ball on his foot while others watch.,,>10,0.0,0.0,0.0,0.0,0.0,534.56
coco,baseline_ocr,14,There is an old toilet sitting under a sign for this picture.,,>10,0.0,0.0,0.0,0.0,0.0,462.53
coco,baseline_ocr,15,A painting of a man smiling behind a table with fruit,3.0,2-5,0.0,1.0,1.0,0.3333333333333333,0.3333333333333333,483.34
coco,baseline_ocr,16,There are blurry traffic lights on the road.,,>10,0.0,0.0,0.0,0.0,0.0,601.45
coco,baseline_ocr,17,"A male tennis player jumping in the air while swinging his tennis racket, on a hard surface court, with a scoreboard behind him.",4.0,2-5,0.0,1.0,1.0,0.25,0.25,525.66
coco,baseline_ocr,18,A woman in white shirt holding up a cellphone.,,>10,0.0,0.0,0.0,0.0,0.0,579.82
coco,baseline_ocr,19,A doughnut is at the bottom of a container.  ,,>10,0.0,0.0,0.0,0.0,0.0,502.09
coco,baseline_ocr,20,a quarter is surrounded by some rocks with holes,,>10,0.0,0.0,0.0,0.0,0.0,459.9
coco,baseline_ocr,21,two men standing in the living room and playing a video game with wii motes,,>10,0.0,0.0,0.0,0.0,0.0,418.26
coco,baseline_ocr,22,two giraffes eating leaves together off of a tree,,>10,0.0,0.0,0.0,0.0,0.0,806.14
coco,baseline_ocr,23,Horse in a large corral eating grass and trees in the back. ,,>10,0.0,0.0,0.0,0.0,0.0,587.13
coco,baseline_ocr,24,The fruit is placed in a bowl out in the open to be eaten,,>10,0.0,0.0,0.0,0.0,0.0,664.14
coco,baseline_ocr,25,A living room with a fire place and furniture.,,>10,0.0,0.0,0.0,0.0,0.0,567.85
coco,baseline_ocr,26,A dog sits near books with a shirt on.,,>10,0.0,0.0,0.0,0.0,0.0,549.41
coco,baseline_ocr,27,A brown crust of pie with strawberry filing. ,,>10,0.0,0.0,0.0,0.0,0.0,409.35
coco,baseline_ocr,28,"A man with a plaid hat, tie, dress shirt and glasses on.",,>10,0.0,0.0,0.0,0.0,0.0,546.41
coco,baseline_ocr,29,A group of people staring at a woman holding a bat.,,>10,0.0,0.0,0.0,0.0,0.0,393.47
coco,baseline_ocr,30,a homemade pizza  is on a cutting board,,>10,0.0,0.0,0.0,0.0,0.0,690.3
coco,baseline_ocr,31,An intersection with a stoplight on a roadway that has no vehicles traveling on it.,5.0,2-5,0.0,1.0,1.0,0.2,0.2,700.24
coco,baseline_ocr,32,A family looking at vases and plates in a store.,,>10,0.0,0.0,0.0,0.0,0.0,570.27
coco,baseline_ocr,33,A double exposure of a man sitting in a chair in a dimly lit room.,,>10,0.0,0.0,0.0,0.0,0.0,475.69
coco,baseline_ocr,34,A tile bathroom contains a tub and large sink. ,,>10,0.0,0.0,0.0,0.0,0.0,628.1
coco,baseline_ocr,35,"A sign in front of a building, in front of a building.",,>10,0.0,0.0,0.0,0.0,0.0,623.95
coco,baseline_ocr,36,The skier is coming down the slope on a very snowy day.,,>10,0.0,0.0,0.0,0.0,0.0,491.09
coco,baseline_ocr,37,A train that is riding on tracks through a station.,,>10,0.0,0.0,0.0,0.0,0.0,426.48
coco,baseline_ocr,38,A herd of Zebras on a grassy plain.,,>10,0.0,0.0,0.0,0.0,0.0,546.83
coco,baseline_ocr,39,A young gir holding a child with a boy standing next to them,,>10,0.0,0.0,0.0,0.0,0.0,440.33
coco,baseline_ocr,40,Giraffe and zebra grazing in a field next to plants.,,>10,0.0,0.0,0.0,0.0,0.0,477.27
coco,baseline_ocr,41,A motorcycle of some sort parked somewhere during the day.,,>10,0.0,0.0,0.0,0.0,0.0,435.83
coco,baseline_ocr,42,A small room with different types of furniture and appliances that it makes it hard to tell what type of room it is.,,>10,0.0,0.0,0.0,0.0,0.0,478.98
coco,baseline_ocr,43,A man is grabbing the tie of another person that appears in the mirror.,,>10,0.0,0.0,0.0,0.0,0.0,472.86
coco,baseline_ocr,44,A chicken walking around on the ocean shore.,,>10,0.0,0.0,0.0,0.0,0.0,415.58
coco,baseline_ocr,45,Bunches of bananas are sitting on a shelf.,,>10,0.0,0.0,0.0,0.0,0.0,599.7
coco,baseline_ocr,46,A large bus parked in a parking lot next to a group of women.,,>10,0.0,0.0,0.0,0.0,0.0,466.07
coco,baseline_ocr,47,a park with benches and lots of trees.,6.0,6-10,0.0,0.0,1.0,0.16666666666666666,0.16666666666666666,414.28
coco,baseline_ocr,48,A motorcycle is parked on a dirt road in front of an old farm truck selling produce.,,>10,0.0,0.0,0.0,0.0,0.0,403.44
coco,baseline_ocr,49,a black shirt on a hanger blue curtains a bed and pillow,,>10,0.0,0.0,0.0,0.0,0.0,517.55
coco,baseline_ocr,50,The kid is on a skateboard and on a ramp. ,,>10,0.0,0.0,0.0,0.0,0.0,438.89
coco,baseline_ocr,51,A baseball player swings his bat while the umpire and referee wait behind him.,,>10,0.0,0.0,0.0,0.0,0.0,502.15
coco,baseline_ocr,52,A pizza covered in cheese dripping down onto the bottom of an oven burning.,,>10,0.0,0.0,0.0,0.0,0.0,500.14
coco,baseline_ocr,53,Trucks are parked outside of a market building.,,>10,0.0,0.0,0.0,0.0,0.0,526.18
coco,baseline_ocr,54,a person standing near a stove in a kitchen ,,>10,0.0,0.0,0.0,0.0,0.0,515.57
coco,baseline_ocr,55,a man talks in front of a group of kids ,,>10,0.0,0.0,0.0,0.0,0.0,599.73
coco,baseline_ocr,56,some boats are docked on the sand at a beach,,>10,0.0,0.0,0.0,0.0,0.0,549.69
coco,baseline_ocr,57,"A kitchen with a stove, sink and coffee maker.",,>10,0.0,0.0,0.0,0.0,0.0,387.2
coco,baseline_ocr,58,Purple and blue building which has an atm inside.,,>10,0.0,0.0,0.0,0.0,0.0,439.8
coco,baseline_ocr,59,"A table with five red cups, a pineapple and some oranges on a plate",,>10,0.0,0.0,0.0,0.0,0.0,437.47
coco,baseline_ocr,60,A bathroom with two sinks sitting under mirrors.,,>10,0.0,0.0,0.0,0.0,0.0,604.96
coco,baseline_ocr,61,Traffic in front of Walgreens on a town street.,,>10,0.0,0.0,0.0,0.0,0.0,528.88
coco,baseline_ocr,62,Two individuals catching a wave surfing in the ocean.,,>10,0.0,0.0,0.0,0.0,0.0,511.04
coco,baseline_ocr,63,A pizza sitting on top of a pizza box covered in cheese.,,>10,0.0,0.0,0.0,0.0,0.0,520.86
coco,baseline_ocr,64,graffiti and stickers are plastered on the stop sign and street sign,,>10,0.0,0.0,0.0,0.0,0.0,646.09
coco,baseline_ocr,65,A man prepares to hit a tennis ball,,>10,0.0,0.0,0.0,0.0,0.0,931.98
coco,baseline_ocr,66,There are stuffed teddy bears sitting on chairs at a table,,>10,0.0,0.0,0.0,0.0,0.0,440.74
coco,baseline_ocr,67,a man standing on a pair of skis and coming down a snow covered hill,,>10,0.0,0.0,0.0,0.0,0.0,415.21
coco,baseline_ocr,68,A dog looks up while laying on a blue couch.,7.0,6-10,0.0,0.0,1.0,0.14285714285714285,0.14285714285714285,455.08
coco,baseline_ocr,69,an orange kitchen with a white refrigerator stove oven and dishwasher,,>10,0.0,0.0,0.0,0.0,0.0,460.96
coco,baseline_ocr,70,White show horses and handlers performing during public event.,,>10,0.0,0.0,0.0,0.0,0.0,879.46
coco,baseline_ocr,71,A raw pizza with red peppers and cheese is on the counter.,,>10,0.0,0.0,0.0,0.0,0.0,647.46
coco,baseline_ocr,72,A group of people standing around a herd of animals in a city.,8.0,6-10,0.0,0.0,1.0,0.125,0.125,529.61
coco,baseline_ocr,73,A white refrigerator freezer covered in magnets and pictures.,,>10,0.0,0.0,0.0,0.0,0.0,590.38
coco,baseline_ocr,74,A man asleep under a blanket on a bed ,9.0,6-10,0.0,0.0,1.0,0.1111111111111111,0.1111111111111111,428.03
coco,baseline_ocr,75,Three giraffes standing in some tall grass with trees.,,>10,0.0,0.0,0.0,0.0,0.0,404.13
coco,baseline_ocr,76,A view of a man's urinal inside a bathroom stall.,,>10,0.0,0.0,0.0,0.0,0.0,514.59
coco,baseline_ocr,77,The two bears are wondering about the point of the camera.,,>10,0.0,0.0,0.0,0.0,0.0,575.36
coco,baseline_ocr,78,A bunch of girls sit on the grass with several things on a blanket.,10.0,6-10,0.0,0.0,1.0,0.1,0.1,494.77
coco,baseline_ocr,79,Two multicolored exotic birds perched on a wooden branch with trees and flowers behind them.,,>10,0.0,0.0,0.0,0.0,0.0,842.13
coco,baseline_ocr,80,A woman getting ready to eat a pizza on the table.,,>10,0.0,0.0,0.0,0.0,0.0,502.42
coco,baseline_ocr,81,"A pile of oranges, apples and pears next to each other.",,>10,0.0,0.0,0.0,0.0,0.0,492.22
coco,baseline_ocr,82,A person walking in the ocean with a surfboard under their arm. ,,>10,0.0,0.0,0.0,0.0,0.0,608.86
coco,baseline_ocr,83,A decorative flower vase with lavender in it.,,>10,0.0,0.0,0.0,0.0,0.0,437.59
coco,baseline_ocr,84,A computer desk with several pieces of computer equipment.,,>10,0.0,0.0,0.0,0.0,0.0,477.93
coco,baseline_ocr,85,A woman holds a cake with candles while riding a mechanical horse in a store.,,>10,0.0,0.0,0.0,0.0,0.0,370.83
coco,baseline_ocr,86,Krispy Kreme donuts fill up a long table.,,>10,0.0,0.0,0.0,0.0,0.0,465.05
coco,baseline_ocr,87,A boy playing with a kite in the park.,,>10,0.0,0.0,0.0,0.0,0.0,501.92
coco,baseline_ocr,88,Two large elephants together with a baby elephant close by.,,>10,0.0,0.0,0.0,0.0,0.0,683.75
coco,baseline_ocr,89,A female plays with her dog in the living room,,>10,0.0,0.0,0.0,0.0,0.0,435.52
coco,baseline_ocr,90,Several people engaged in para-sailing on a lake.,,>10,0.0,0.0,0.0,0.0,0.0,609.35
coco,baseline_ocr,91,A parking lot with various trucks in it next to a building.,,>10,0.0,0.0,0.0,0.0,0.0,454.51
coco,baseline_ocr,92,A sheep with its mouth open in a pen.,,>10,0.0,0.0,0.0,0.0,0.0,518.36
coco,baseline_ocr,93,A hairy brown animal stands on the grass.,,>10,0.0,0.0,0.0,0.0,0.0,741.89
coco,baseline_ocr,94,A kitchen with fish tanks and many many cabinets is shown.,,>10,0.0,0.0,0.0,0.0,0.0,758.66
coco,baseline_ocr,95,Cars and a bus stopped for a train at a crossing.,,>10,0.0,0.0,0.0,0.0,0.0,397.83
coco,baseline_ocr,96,two teddy bears sitting at a table looking at a jar of honey,,>10,0.0,0.0,0.0,0.0,0.0,499.76
coco,baseline_ocr,97,Two kids in pink and purple jackets standing by a fence.,,>10,0.0,0.0,0.0,0.0,0.0,549.11
coco,baseline_ocr,98,Man cutting a cake on the table in the kitchen.,,>10,0.0,0.0,0.0,0.0,0.0,492.8
coco,baseline_ocr,99,multiple shots of a banana and a banana guard,,>10,0.0,0.0,0.0,0.0,0.0,427.73
coco,proposed,0,A smothered beef sandwich is sided with pickles and slaw.,1.0,1,1.0,1.0,1.0,1.0,1.0,997.28
coco,proposed,1,Many old appliances in trash head with woman in center.,1.0,1,1.0,1.0,1.0,1.0,1.0,590.73
coco,proposed,2,two people outside sitting on chairs with planes around them.,2.0,2-5,0.0,1.0,1.0,0.5,0.5,498.2
coco,proposed,3,A COUPLE OF TREES AND ONE WITH BANANAS IN IT ,1.0,1,1.0,1.0,1.0,1.0,1.0,554.58
coco,proposed,4,"Chef at counter with baked goods, baking pans and containers of toppings.",2.0,2-5,0.0,1.0,1.0,0.5,0.5,566.09
coco,proposed,5,A batter ready to swing at home plate.,1.0,1,1.0,1.0,1.0,1.0,1.0,624.82
coco,proposed,6,A baseball game in progress with the batter in the middle of a swing.,3.0,2-5,0.0,1.0,1.0,0.3333333333333333,0.3333333333333333,908.34
coco,proposed,7,a white toilet in a black counter bathroom,2.0,2-5,0.0,1.0,1.0,0.5,0.5,519.05
coco,proposed,8,The tray has a sandwich and two bowls near a beverage. ,1.0,1,1.0,1.0,1.0,1.0,1.0,358.33
coco,proposed,9,A boy playing wii in the living room while several other children watch.,1.0,1,1.0,1.0,1.0,1.0,1.0,496.99
coco,proposed,10,A surfer is riding the waves as a sailboat sails in the background.,1.0,1,1.0,1.0,1.0,1.0,1.0,473.95
coco,proposed,11,A bedroom with a framed bed and a vanity.,1.0,1,1.0,1.0,1.0,1.0,1.0,658.98
coco,proposed,12,a clean kitchen counter with a clean sink,1.0,1,1.0,1.0,1.0,1.0,1.0,1123.98
coco,proposed,13,A man is laying down in a pavement balancing a ball on his foot while others watch.,1.0,1,1.0,1.0,1.0,1.0,1.0,475.75
coco,proposed,14,There is an old toilet sitting under a sign for this picture.,10.0,6-10,0.0,0.0,1.0,0.1,0.1,761.74
coco,proposed,15,A painting of a man smiling behind a table with fruit,2.0,2-5,0.0,1.0,1.0,0.5,0.5,442.53
coco,proposed,16,There are blurry traffic lights on the road.,1.0,1,1.0,1.0,1.0,1.0,1.0,513.86
coco,proposed,17,"A male tennis player jumping in the air while swinging his tennis racket, on a hard surface court, with a scoreboard behind him.",1.0,1,1.0,1.0,1.0,1.0,1.0,463.19
coco,proposed,18,A woman in white shirt holding up a cellphone.,1.0,1,1.0,1.0,1.0,1.0,1.0,689.45
coco,proposed,19,A doughnut is at the bottom of a container.  ,1.0,1,1.0,1.0,1.0,1.0,1.0,584.23
coco,proposed,20,a quarter is surrounded by some rocks with holes,1.0,1,1.0,1.0,1.0,1.0,1.0,581.35
coco,proposed,21,two men standing in the living room and playing a video game with wii motes,1.0,1,1.0,1.0,1.0,1.0,1.0,610.36
coco,proposed,22,two giraffes eating leaves together off of a tree,1.0,1,1.0,1.0,1.0,1.0,1.0,495.16
coco,proposed,23,Horse in a large corral eating grass and trees in the back. ,1.0,1,1.0,1.0,1.0,1.0,1.0,795.81
coco,proposed,24,The fruit is placed in a bowl out in the open to be eaten,1.0,1,1.0,1.0,1.0,1.0,1.0,469.13
coco,proposed,25,A living room with a fire place and furniture.,1.0,1,1.0,1.0,1.0,1.0,1.0,587.33
coco,proposed,26,A dog sits near books with a shirt on.,1.0,1,1.0,1.0,1.0,1.0,1.0,481.13
coco,proposed,27,A brown crust of pie with strawberry filing. ,1.0,1,1.0,1.0,1.0,1.0,1.0,454.38
coco,proposed,28,"A man with a plaid hat, tie, dress shirt and glasses on.",1.0,1,1.0,1.0,1.0,1.0,1.0,629.71
coco,proposed,29,A group of people staring at a woman holding a bat.,1.0,1,1.0,1.0,1.0,1.0,1.0,443.42
coco,proposed,30,a homemade pizza  is on a cutting board,1.0,1,1.0,1.0,1.0,1.0,1.0,553.86
coco,proposed,31,An intersection with a stoplight on a roadway that has no vehicles traveling on it.,2.0,2-5,0.0,1.0,1.0,0.5,0.5,434.1
coco,proposed,32,A family looking at vases and plates in a store.,3.0,2-5,0.0,1.0,1.0,0.3333333333333333,0.3333333333333333,482.93
coco,proposed,33,A double exposure of a man sitting in a chair in a dimly lit room.,1.0,1,1.0,1.0,1.0,1.0,1.0,564.51
coco,proposed,34,A tile bathroom contains a tub and large sink. ,1.0,1,1.0,1.0,1.0,1.0,1.0,507.26
coco,proposed,35,"A sign in front of a building, in front of a building.",7.0,6-10,0.0,0.0,1.0,0.14285714285714285,0.14285714285714285,453.3
coco,proposed,36,The skier is coming down the slope on a very snowy day.,2.0,2-5,0.0,1.0,1.0,0.5,0.5,540.27
coco,proposed,37,A train that is riding on tracks through a station.,1.0,1,1.0,1.0,1.0,1.0,1.0,513.65
coco,proposed,38,A herd of Zebras on a grassy plain.,1.0,1,1.0,1.0,1.0,1.0,1.0,663.33
coco,proposed,39,A young gir holding a child with a boy standing next to them,3.0,2-5,0.0,1.0,1.0,0.3333333333333333,0.3333333333333333,448.13
coco,proposed,40,Giraffe and zebra grazing in a field next to plants.,1.0,1,1.0,1.0,1.0,1.0,1.0,495.95
coco,proposed,41,A motorcycle of some sort parked somewhere during the day.,1.0,1,1.0,1.0,1.0,1.0,1.0,465.99
coco,proposed,42,A small room with different types of furniture and appliances that it makes it hard to tell what type of room it is.,1.0,1,1.0,1.0,1.0,1.0,1.0,556.11
coco,proposed,43,A man is grabbing the tie of another person that appears in the mirror.,1.0,1,1.0,1.0,1.0,1.0,1.0,548.76
coco,proposed,44,A chicken walking around on the ocean shore.,1.0,1,1.0,1.0,1.0,1.0,1.0,474.89
coco,proposed,45,Bunches of bananas are sitting on a shelf.,1.0,1,1.0,1.0,1.0,1.0,1.0,470.53
coco,proposed,46,A large bus parked in a parking lot next to a group of women.,1.0,1,1.0,1.0,1.0,1.0,1.0,530.28
coco,proposed,47,a park with benches and lots of trees.,1.0,1,1.0,1.0,1.0,1.0,1.0,602.3
coco,proposed,48,A motorcycle is parked on a dirt road in front of an old farm truck selling produce.,1.0,1,1.0,1.0,1.0,1.0,1.0,524.11
coco,proposed,49,a black shirt on a hanger blue curtains a bed and pillow,1.0,1,1.0,1.0,1.0,1.0,1.0,602.19
coco,proposed,50,The kid is on a skateboard and on a ramp. ,1.0,1,1.0,1.0,1.0,1.0,1.0,598.22
coco,proposed,51,A baseball player swings his bat while the umpire and referee wait behind him.,1.0,1,1.0,1.0,1.0,1.0,1.0,601.7
coco,proposed,52,A pizza covered in cheese dripping down onto the bottom of an oven burning.,1.0,1,1.0,1.0,1.0,1.0,1.0,621.63
coco,proposed,53,Trucks are parked outside of a market building.,1.0,1,1.0,1.0,1.0,1.0,1.0,578.01
coco,proposed,54,a person standing near a stove in a kitchen ,1.0,1,1.0,1.0,1.0,1.0,1.0,592.93
coco,proposed,55,a man talks in front of a group of kids ,2.0,2-5,0.0,1.0,1.0,0.5,0.5,486.01
coco,proposed,56,some boats are docked on the sand at a beach,1.0,1,1.0,1.0,1.0,1.0,1.0,541.69
coco,proposed,57,"A kitchen with a stove, sink and coffee maker.",3.0,2-5,0.0,1.0,1.0,0.3333333333333333,0.3333333333333333,592.53
coco,proposed,58,Purple and blue building which has an atm inside.,1.0,1,1.0,1.0,1.0,1.0,1.0,480.92
coco,proposed,59,"A table with five red cups, a pineapple and some oranges on a plate",1.0,1,1.0,1.0,1.0,1.0,1.0,461.98
coco,proposed,60,A bathroom with two sinks sitting under mirrors.,2.0,2-5,0.0,1.0,1.0,0.5,0.5,489.18
coco,proposed,61,Traffic in front of Walgreens on a town street.,1.0,1,1.0,1.0,1.0,1.0,1.0,517.38
coco,proposed,62,Two individuals catching a wave surfing in the ocean.,1.0,1,1.0,1.0,1.0,1.0,1.0,402.4
coco,proposed,63,A pizza sitting on top of a pizza box covered in cheese.,1.0,1,1.0,1.0,1.0,1.0,1.0,453.85
coco,proposed,64,graffiti and stickers are plastered on the stop sign and street sign,1.0,1,1.0,1.0,1.0,1.0,1.0,487.09
coco,proposed,65,A man prepares to hit a tennis ball,1.0,1,1.0,1.0,1.0,1.0,1.0,541.23
coco,proposed,66,There are stuffed teddy bears sitting on chairs at a table,2.0,2-5,0.0,1.0,1.0,0.5,0.5,551.06
coco,proposed,67,a man standing on a pair of skis and coming down a snow covered hill,1.0,1,1.0,1.0,1.0,1.0,1.0,500.02
coco,proposed,68,A dog looks up while laying on a blue couch.,2.0,2-5,0.0,1.0,1.0,0.5,0.5,698.68
coco,proposed,69,an orange kitchen with a white refrigerator stove oven and dishwasher,1.0,1,1.0,1.0,1.0,1.0,1.0,497.44
coco,proposed,70,White show horses and handlers performing during public event.,1.0,1,1.0,1.0,1.0,1.0,1.0,467.68
coco,proposed,71,A raw pizza with red peppers and cheese is on the counter.,1.0,1,1.0,1.0,1.0,1.0,1.0,435.2
coco,proposed,72,A group of people standing around a herd of animals in a city.,3.0,2-5,0.0,1.0,1.0,0.3333333333333333,0.3333333333333333,567.32
coco,proposed,73,A white refrigerator freezer covered in magnets and pictures.,1.0,1,1.0,1.0,1.0,1.0,1.0,466.1
coco,proposed,74,A man asleep under a blanket on a bed ,1.0,1,1.0,1.0,1.0,1.0,1.0,574.54
coco,proposed,75,Three giraffes standing in some tall grass with trees.,3.0,2-5,0.0,1.0,1.0,0.3333333333333333,0.3333333333333333,724.1
coco,proposed,76,A view of a man's urinal inside a bathroom stall.,1.0,1,1.0,1.0,1.0,1.0,1.0,621.31
coco,proposed,77,The two bears are wondering about the point of the camera.,1.0,1,1.0,1.0,1.0,1.0,1.0,660.58
coco,proposed,78,A bunch of girls sit on the grass with several things on a blanket.,1.0,1,1.0,1.0,1.0,1.0,1.0,685.76
coco,proposed,79,Two multicolored exotic birds perched on a wooden branch with trees and flowers behind them.,1.0,1,1.0,1.0,1.0,1.0,1.0,598.3
coco,proposed,80,A woman getting ready to eat a pizza on the table.,1.0,1,1.0,1.0,1.0,1.0,1.0,410.88
coco,proposed,81,"A pile of oranges, apples and pears next to each other.",1.0,1,1.0,1.0,1.0,1.0,1.0,492.28
coco,proposed,82,A person walking in the ocean with a surfboard under their arm. ,1.0,1,1.0,1.0,1.0,1.0,1.0,441.03
coco,proposed,83,A decorative flower vase with lavender in it.,1.0,1,1.0,1.0,1.0,1.0,1.0,670.08
coco,proposed,84,A computer desk with several pieces of computer equipment.,1.0,1,1.0,1.0,1.0,1.0,1.0,436.04
coco,proposed,85,A woman holds a cake with candles while riding a mechanical horse in a store.,1.0,1,1.0,1.0,1.0,1.0,1.0,661.48
coco,proposed,86,Krispy Kreme donuts fill up a long table.,1.0,1,1.0,1.0,1.0,1.0,1.0,498.21
coco,proposed,87,A boy playing with a kite in the park.,1.0,1,1.0,1.0,1.0,1.0,1.0,584.02
coco,proposed,88,Two large elephants together with a baby elephant close by.,1.0,1,1.0,1.0,1.0,1.0,1.0,618.72
coco,proposed,89,A female plays with her dog in the living room,1.0,1,1.0,1.0,1.0,1.0,1.0,397.0
coco,proposed,90,Several people engaged in para-sailing on a lake.,1.0,1,1.0,1.0,1.0,1.0,1.0,405.68
coco,proposed,91,A parking lot with various trucks in it next to a building.,1.0,1,1.0,1.0,1.0,1.0,1.0,802.41
coco,proposed,92,A sheep with its mouth open in a pen.,1.0,1,1.0,1.0,1.0,1.0,1.0,580.4
coco,proposed,93,A hairy brown animal stands on the grass.,1.0,1,1.0,1.0,1.0,1.0,1.0,444.76
coco,proposed,94,A kitchen with fish tanks and many many cabinets is shown.,1.0,1,1.0,1.0,1.0,1.0,1.0,950.16
coco,proposed,95,Cars and a bus stopped for a train at a crossing.,1.0,1,1.0,1.0,1.0,1.0,1.0,1045.03
coco,proposed,96,two teddy bears sitting at a table looking at a jar of honey,1.0,1,1.0,1.0,1.0,1.0,1.0,466.18
coco,proposed,97,Two kids in pink and purple jackets standing by a fence.,5.0,2-5,0.0,1.0,1.0,0.2,0.2,374.09
coco,proposed,98,Man cutting a cake on the table in the kitchen.,1.0,1,1.0,1.0,1.0,1.0,1.0,489.46
coco,proposed,99,multiple shots of a banana and a banana guard,1.0,1,1.0,1.0,1.0,1.0,1.0,664.31
commerce_manufacturing,baseline_clip,0,What are the steps involved in the corrective action process in Hunt Design's QMS?,1.0,1,1.0,1.0,1.0,1.0,1.0,474.49
commerce_manufacturing,baseline_clip,1,What products are advertised by A. Borsig in the Nichi-Doku-Kōgyō-Kōkoku from 1897?,1.0,1,1.0,1.0,1.0,1.0,1.0,683.83
commerce_manufacturing,baseline_clip,2,What is the approximate circuit area of the TPS62745 Buck Converter Evaluation Module as specified by Texas Instruments?,1.0,1,0.5,1.0,1.0,1.0,1.0,490.66
commerce_manufacturing,baseline_clip,3,"What are the primary flows of money, parts, and services in the automotive industry channel model?",1.0,1,1.0,1.0,1.0,1.0,1.0,510.98
commerce_manufacturing,baseline_clip,4,What is the process flow for handling a customer purchase order in Hunt Design's QMS?,1.0,1,1.0,1.0,1.0,1.0,1.0,472.88
commerce_manufacturing,baseline_clip,5,What are the possible transitions between states in the finite state machine of an embedded device?,1.0,1,1.0,1.0,1.0,1.0,1.0,487.51
commerce_manufacturing,baseline_clip,6,What is the sequence of steps in the CRM model implementation process for Saba Corporation?,1.0,1,1.0,1.0,1.0,1.0,1.0,471.65
commerce_manufacturing,baseline_clip,7,How is the process of handling orders implemented to increase profit per sale?,1.0,1,1.0,1.0,1.0,1.0,1.0,516.55
commerce_manufacturing,baseline_clip,8,What are the start and end times for the production schedule labeled 'Making Schedule 2' in the plant model?,3.0,2-5,0.0,1.0,1.0,0.3333333333333333,0.3333333333333333,489.42
commerce_manufacturing,baseline_clip,9,What is the firmware version of the MEASURpoint instrument DT887x-48?,1.0,1,1.0,1.0,1.0,1.0,1.0,490.55
commerce_manufacturing,baseline_clip,10,What are the compartment sizes for product types on Tour 1 in the genetic algorithm solution?,1.0,1,1.0,1.0,1.0,1.0,1.0,493.37
commerce_manufacturing,baseline_clip,11,What is the firmware revision and IP address of the DT887x-48 instrument model provided by Data Translation Inc.?,1.0,1,1.0,1.0,1.0,1.0,1.0,492.54
commerce_manufacturing,baseline_clip,12,How does the process flow of the browser statechart testing model progress from test case generation to logging?,1.0,1,1.0,1.0,1.0,1.0,1.0,496.53
commerce_manufacturing,baseline_clip,13,What milestones occurred in the development of Obee Network from 2018 to 2020?,1.0,1,1.0,1.0,1.0,1.0,1.0,485.71
commerce_manufacturing,baseline_clip,14,What strategies are suggested for building customer relationships on Mini Akiba?,1.0,1,1.0,1.0,1.0,1.0,1.0,493.02
commerce_manufacturing,baseline_clip,15,What is the general trend of the loss function value during the training iterations?,1.0,1,1.0,1.0,1.0,1.0,1.0,490.02
commerce_manufacturing,baseline_clip,16,How does the Packet Error Rate (PER) change for BLE events with varying connection intervals in the test setup?,1.0,1,1.0,1.0,1.0,1.0,1.0,492.82
commerce_manufacturing,baseline_clip,17,How has the regional distribution of 3M supplier spending changed between 2016 and 2020?,1.0,1,1.0,1.0,1.0,1.0,1.0,489.89
commerce_manufacturing,baseline_clip,18,How did new car registrations in Spain compare to those in Germany over the years from 2007 to 2017?,1.0,1,1.0,1.0,1.0,1.0,1.0,493.53
commerce_manufacturing,baseline_clip,19,What was the revenue change for Newmont-Ahafo from 2013 to 2014 according to the mining industry report?,1.0,1,1.0,1.0,1.0,1.0,1.0,490.11
commerce_manufacturing,baseline_clip,20,How did the trend of internal and external sales for VAA change from 2006 to 2017?,1.0,1,1.0,1.0,1.0,1.0,1.0,497.36
commerce_manufacturing,baseline_clip,21,"What are the differences in e-commerce fees per item sold between major platforms like Ebay, Amazon, AliExpress, and UNIVERZ?",1.0,1,1.0,1.0,1.0,1.0,1.0,490.8
commerce_manufacturing,baseline_clip,22,How did the total units of Edge AI compare to Movable AI in 2021?,1.0,1,1.0,1.0,1.0,1.0,1.0,493.16
commerce_manufacturing,baseline_clip,23,What was the percentage change in all-in production costs for Australia from 2013 to 2014?,1.0,1,1.0,1.0,1.0,1.0,1.0,484.17
commerce_manufacturing,baseline_clip,24,"How did the monthly message volume trends for SMS, EMS, and MMS differ from 2001 to 2006?",1.0,1,1.0,1.0,1.0,1.0,1.0,493.25
commerce_manufacturing,baseline_clip,25,What percentage of 3M's supplier spend was allocated to the Asia Pacific region in 2020?,1.0,1,1.0,1.0,1.0,1.0,1.0,498.6
commerce_manufacturing,baseline_clip,26,What are the specific product allocations for locations on Tour 2 in the genetic algorithm solution?,1.0,1,1.0,1.0,1.0,1.0,1.0,484.98
commerce_manufacturing,baseline_clip,27,What global employee count does 3M maintain?,1.0,1,1.0,1.0,1.0,1.0,1.0,500.46
commerce_manufacturing,baseline_clip,28,What is the trend of Zigbee PER as the BLE connection interval increases?,1.0,1,1.0,1.0,1.0,1.0,1.0,492.88
commerce_manufacturing,baseline_clip,29,What are the design specifications of the glassware patented by D. Bennett in 1878?,1.0,1,1.0,1.0,1.0,1.0,1.0,490.41
commerce_manufacturing,baseline_clip,30,What slogans or phrases are prominently displayed during SKF trade union meetings related to precarious work?,1.0,1,1.0,1.0,1.0,1.0,1.0,706.43
commerce_manufacturing,baseline_clip,31,What is the expected weekly production volume for MALS A/Cs in the assembly process model?,2.0,2-5,0.0,1.0,1.0,0.5,0.5,551.75
commerce_manufacturing,baseline_clip,32,What stages did Obee Network go through from concept initiation to Uniswap launch?,1.0,1,1.0,1.0,1.0,1.0,1.0,457.92
commerce_manufacturing,baseline_clip,33,What is the ISSN number for the February 2014 issue of the Journal of Environmental Protection?,1.0,1,1.0,1.0,1.0,1.0,1.0,491.97
commerce_manufacturing,baseline_clip,34,What are the different shipping options and their costs for an online purchase process?,1.0,1,1.0,1.0,1.0,1.0,1.0,484.54
commerce_manufacturing,baseline_clip,35,Which entities implement Samsung's sustainable cobalt supply criteria?,1.0,1,1.0,1.0,1.0,1.0,1.0,476.96
commerce_manufacturing,baseline_clip,36,What is the range of mean assembly times when there are 10 different modules?,1.0,1,1.0,1.0,1.0,1.0,1.0,489.92
commerce_manufacturing,baseline_clip,37,What is the motto associated with SAP for businesses?,2.0,2-5,0.0,1.0,1.0,0.5,0.5,496.72
commerce_manufacturing,baseline_clip,38,What are the variable interaction values for resources A and B during the reaction process?,1.0,1,1.0,1.0,1.0,1.0,1.0,503.91
commerce_manufacturing,baseline_clip,39,What is the role of the Home Support Team in the organizational structure of the logistics project?,1.0,1,1.0,1.0,1.0,1.0,1.0,495.36
commerce_manufacturing,baseline_clip,40,What are the specific services used by the company to handle delivery operations?,3.0,2-5,0.0,1.0,1.0,0.3333333333333333,0.3333333333333333,492.14
commerce_manufacturing,baseline_clip,41,How are the product types distributed across different tours and locations based on compartment sizes?,1.0,1,1.0,1.0,1.0,1.0,1.0,495.27
commerce_manufacturing,baseline_clip,42,What are the features of the ice cream cart used by Artisani?,1.0,1,1.0,1.0,1.0,1.0,1.0,485.0
commerce_manufacturing,baseline_clip,43,What is the configuration of tours and products as represented in the solution's structure?,1.0,1,1.0,1.0,1.0,1.0,1.0,500.27
commerce_manufacturing,baseline_clip,44,What is the demand distribution for combinations of four components?,1.0,1,1.0,1.0,1.0,1.0,1.0,482.45
commerce_manufacturing,baseline_clip,45,What is the process flow from a Baseline Test Suite to a Test Log in a browser testing model?,1.0,1,1.0,1.0,1.0,1.0,1.0,495.25
commerce_manufacturing,baseline_clip,46,"How did product search trends vary between different site categories in June 2012, and what role did heavy searchers play?",1.0,1,0.16666666666666666,0.8333333333333334,1.0,1.0,1.0,485.98
commerce_manufacturing,baseline_clip,47,"What are the delivery arrival schedules at the CC for 22 Bishopsgate, and how do they differ throughout the week?",1.0,1,0.16666666666666666,0.8333333333333334,1.0,1.0,1.0,494.59
commerce_manufacturing,baseline_clip,48,How did current taxes in Hong Kong and outside Hong Kong differ for the six months ended 30 September 2014 compared to 2013?,1.0,1,0.5,1.0,1.0,1.0,1.0,504.3
commerce_manufacturing,baseline_clip,49,What are the differences in total non-current assets between 30 June 2018 and 31 December 2017 for Pak Suzuki Motor Company Limited?,1.0,1,0.5,1.0,1.0,1.0,1.0,484.82
commerce_manufacturing,baseline_clip,50,How does the OSHA permissible exposure limit for Ethyl Benzene compare to that of Xylene?,1.0,1,1.0,1.0,1.0,1.0,1.0,748.69
commerce_manufacturing,baseline_clip,51,How did the segment assets for wholesale change between the years 2001 and 2002?,1.0,1,0.5,1.0,1.0,1.0,1.0,471.38
commerce_manufacturing,baseline_clip,52,What are the supported data rates for the V.29 fax modulation compared to V.34?,1.0,1,0.3333333333333333,1.0,1.0,1.0,1.0,492.89
commerce_manufacturing,baseline_clip,53,Which location has the lowest annual operating costs for a U.S. Central Warehouse site?,1.0,1,1.0,1.0,1.0,1.0,1.0,498.57
commerce_manufacturing,baseline_clip,54,Identify the devices with the smallest mass per area ratio that are still feasible without a fixture.,1.0,1,0.5,1.0,1.0,1.0,0.7,489.26
commerce_manufacturing,baseline_clip,55,"How did the net income before non-cash items change from March 31, 2019, to March 31, 2020, for Clarus Corporation?",1.0,1,0.5,1.0,1.0,1.0,1.0,488.13
commerce_manufacturing,baseline_clip,56,How does the usage of sorting and filtering functions affect the average chosen room prices in different tasks?,1.0,1,0.5,1.0,1.0,1.0,1.0,496.11
commerce_manufacturing,baseline_clip,57,"How did Clarus Corporation's adjusted EBITDA for the quarter ending March 31, 2019 compare to March 31, 2020?",1.0,1,1.0,1.0,1.0,1.0,1.0,488.53
commerce_manufacturing,baseline_clip,58,"How do heavy searchers impact the product search trends across different platforms according to the statistics and figures presented in the Journal of Law, Economics and Policy?",1.0,1,0.16666666666666666,0.8333333333333334,1.0,1.0,1.0,473.53
commerce_manufacturing,baseline_clip,59,How does the capacity constraint of vehicles and the need for separate compartments for different product types affect the routing strategy in the MCVRP-CFCS model?,1.0,1,0.3333333333333333,1.0,1.0,1.0,0.9166666666666666,507.82
commerce_manufacturing,baseline_clip,60,How do the patterns of user types conducting searches on different platform categories relate to the stability of search visits at price comparison sites in 2012?,1.0,1,0.16666666666666666,0.8333333333333334,1.0,1.0,1.0,492.9
commerce_manufacturing,baseline_clip,61,How does the delivery arrival time at the logistics center affect the delivery schedule to 22 Bishopsgate?,1.0,1,0.16666666666666666,0.8333333333333334,1.0,1.0,1.0,493.77
commerce_manufacturing,baseline_clip,62,In what way do intelligent rack outlets manage power consumption to prevent equipment downtime?,1.0,1,0.5,1.0,1.0,1.0,1.0,496.2
commerce_manufacturing,baseline_clip,63,How does PCB design influence the measurement of RθJA and RθJC in IC packages?,1.0,1,0.3333333333333333,1.0,1.0,1.0,1.0,484.87
commerce_manufacturing,baseline_clip,64,What is the impact of cable characteristics on the DP83TD510's operating modes and how is it mitigated?,1.0,1,0.3333333333333333,1.0,1.0,1.0,1.0,500.31
commerce_manufacturing,baseline_clip,65,What impact did the special dividend declared in 2016 have on the share premium?,1.0,1,1.0,1.0,1.0,1.0,1.0,488.65
commerce_manufacturing,baseline_clip,66,How does video surveillance equipment detect unauthorized access and help in root cause analysis in data centers?,1.0,1,0.5,1.0,1.0,1.0,1.0,510.9
commerce_manufacturing,baseline_clip,67,How is the grinding fineness adjusted in the coffee machine?,1.0,1,0.3333333333333333,1.0,1.0,1.0,1.0,476.07
commerce_manufacturing,baseline_clip,68,What safety regulations does Sony adhere to for its LAN technical standards?,1.0,1,0.16666666666666666,0.8333333333333334,1.0,1.0,1.0,488.11
commerce_manufacturing,baseline_clip,69,What is the operating temperature range for the Testboy® 26?,1.0,1,0.16666666666666666,0.3333333333333333,0.3333333333333333,1.0,1.0,488.64
commerce_manufacturing,baseline_clip,70,What is the lashing capacity of the ratchet tie-downs provided by Tool Vault?,1.0,1,0.5,1.0,1.0,1.0,1.0,490.45
commerce_manufacturing,baseline_clip,71,What is the cycle time in seconds for the stamping process in the transformation factory described in the study?,1.0,1,1.0,1.0,1.0,1.0,1.0,498.71
commerce_manufacturing,baseline_clip,72,What is the annual energy consumption of the NFE3 620 X refrigerator by TEKA?,1.0,1,0.25,1.0,1.0,1.0,1.0,485.07
commerce_manufacturing,baseline_clip,73,"What output voltage setting corresponds to VSEL values 1, 1, 1, 0 for the TPS62745EVM-622 used by Texas Instruments?",1.0,1,0.5,1.0,1.0,1.0,1.0,493.75
commerce_manufacturing,baseline_clip,74,What parsing method achieves the highest average precision in the IEEE study on pattern analysis?,1.0,1,0.5,1.0,1.0,1.0,1.0,489.31
commerce_manufacturing,baseline_clip,75,What are the features and constraints related to vehicle capacities and compartments in the MCVRP-CFCS model?,1.0,1,0.3333333333333333,1.0,1.0,1.0,0.9166666666666666,495.61
commerce_manufacturing,baseline_clip,76,What are the specifications of the 3 Metre Ratchet Tie-Down used by Tool Vault?,1.0,1,0.5,1.0,1.0,1.0,1.0,494.61
commerce_manufacturing,baseline_clip,77,Which section discusses the Analog Inputs in the EVM document?,1.0,1,1.0,1.0,1.0,1.0,1.0,608.61
commerce_manufacturing,baseline_clip,78,What are the details of the payment schedule and menu options for the cafeteria concessionaire contract under ITB No. FB21-07-003BAC?,1.0,1,0.5,1.0,1.0,1.0,1.0,489.59
commerce_manufacturing,baseline_clip,79,How would you summarize the overall impact of sales on the Group's segment profit margin over the six months ended 30 September 2011?,1.0,1,0.5,1.0,1.0,1.0,0.8333333333333333,472.29
commerce_manufacturing,baseline_clip,80,What are the operational features of the 1/100-second stopwatch?,1.0,1,0.5,1.0,1.0,1.0,1.0,507.76
commerce_manufacturing,baseline_clip,81,What were the significant product updates HP made from October 2018 to March 2021?,1.0,1,0.5,1.0,1.0,1.0,1.0,490.85
commerce_manufacturing,baseline_clip,82,What is the estimated annual sales range for the store operated by Walmart Mexico y Centroamerica with the most outlets?,1.0,1,0.5,1.0,1.0,1.0,1.0,475.43
commerce_manufacturing,baseline_clip,83,"How did the exchange reserve change from January 1, 2016, to December 31, 2017?",1.0,1,1.0,1.0,1.0,1.0,1.0,639.82
commerce_manufacturing,baseline_clip,84,What was the percent change in inventory turnover on sales for the Group from 2010 to 2011 for the period ending 30 September?,1.0,1,0.5,1.0,1.0,1.0,1.0,488.58
commerce_manufacturing,baseline_clip,85,What are the maximum pressure and temperature specifications for the mobile A/C system sealant detection kit?,1.0,1,0.3333333333333333,0.6666666666666666,0.6666666666666666,1.0,1.0,489.79
commerce_manufacturing,baseline_clip,86,What are the specifications of the terminal blocks mentioned in the mechanical components list for the PM24 circuit board?,1.0,1,0.5,1.0,1.0,1.0,1.0,493.61
commerce_manufacturing,baseline_clip,87,What features are offered by Schneider Electric's intelligent rack outlets for remote server management?,1.0,1,0.5,1.0,1.0,1.0,1.0,493.35
commerce_manufacturing,baseline_clip,88,What is the standby power consumption for the TV lift mechanism model TS750?,1.0,1,0.3333333333333333,1.0,1.0,1.0,1.0,490.09
commerce_manufacturing,baseline_clip,89,What are the IP protection ratings associated with various detector types for harsh environments?,1.0,1,1.0,1.0,1.0,1.0,1.0,489.4
commerce_manufacturing,baseline_clip,90,What are the lumens specifications for the LED light that Tool Vault offers?,1.0,1,0.5,1.0,1.0,1.0,1.0,490.23
commerce_manufacturing,baseline_clip,91,What is the cost of a casual site for The Products at the market?,1.0,1,0.25,0.75,1.0,1.0,0.9166666666666666,491.39
commerce_manufacturing,baseline_clip,92,"Based on Hunt Design's quality management system, what sequence of actions is followed for processing a customer order?",1.0,1,1.0,1.0,1.0,1.0,1.0,491.77
commerce_manufacturing,baseline_clip,93,How are 'Human' and other components connected in the CRC ontology related to eco-friendly production?,1.0,1,1.0,1.0,1.0,1.0,1.0,481.21
commerce_manufacturing,baseline_clip,94,"In the organizational setup of the logistics project, what functions does the Home Support Team perform?",1.0,1,1.0,1.0,1.0,1.0,1.0,497.14
commerce_manufacturing,baseline_clip,95,How large is the TPS62745EVM-622 evaluation board designed by Texas Instruments?,1.0,1,1.0,1.0,1.0,1.0,1.0,496.6
commerce_manufacturing,baseline_clip,96,How were currency exchange adjustments and actuarial improvements on pension obligations recorded at the start of 2016?,1.0,1,1.0,1.0,1.0,1.0,1.0,497.19
commerce_manufacturing,baseline_clip,97,"For the first half of the year ending September 30, 2013, what expense value was recorded for the wear and tear and value reduction of fixed assets?",1.0,1,0.5,1.0,1.0,1.0,1.0,485.71
commerce_manufacturing,baseline_clip,98,"For the half-year ending on 30 September 2014, how much was the finance cost due to overdraft interest payable within five years?",1.0,1,0.5,1.0,1.0,1.0,1.0,497.73
commerce_manufacturing,baseline_clip,99,In what ways do Six Sigma and TQM vary in addressing organizational output consistency and customer satisfaction?,1.0,1,0.25,1.0,1.0,1.0,1.0,490.88
commerce_manufacturing,baseline_ocr,0,What are the steps involved in the corrective action process in Hunt Design's QMS?,,>10,0.0,0.0,0.0,0.0,0.0,1373.21
commerce_manufacturing,baseline_ocr,1,What products are advertised by A. Borsig in the Nichi-Doku-Kōgyō-Kōkoku from 1897?,,>10,0.0,0.0,0.0,0.0,0.0,275.88
commerce_manufacturing,baseline_ocr,2,What is the approximate circuit area of the TPS62745 Buck Converter Evaluation Module as specified by Texas Instruments?,,>10,0.0,0.0,0.0,0.0,0.0,407.32
commerce_manufacturing,baseline_ocr,3,"What are the primary flows of money, parts, and services in the automotive industry channel model?",,>10,0.0,0.0,0.0,0.0,0.0,714.35
commerce_manufacturing,baseline_ocr,4,What is the process flow for handling a customer purchase order in Hunt Design's QMS?,,>10,0.0,0.0,0.0,0.0,0.0,275.84
commerce_manufacturing,baseline_ocr,5,What are the possible transitions between states in the finite state machine of an embedded device?,,>10,0.0,0.0,0.0,0.0,0.0,527.53
commerce_manufacturing,baseline_ocr,6,What is the sequence of steps in the CRM model implementation process for Saba Corporation?,,>10,0.0,0.0,0.0,0.0,0.0,291.34
commerce_manufacturing,baseline_ocr,7,How is the process of handling orders implemented to increase profit per sale?,,>10,0.0,0.0,0.0,0.0,0.0,279.42
commerce_manufacturing,baseline_ocr,8,What are the start and end times for the production schedule labeled 'Making Schedule 2' in the plant model?,,>10,0.0,0.0,0.0,0.0,0.0,559.33
commerce_manufacturing,baseline_ocr,9,What is the firmware version of the MEASURpoint instrument DT887x-48?,,>10,0.0,0.0,0.0,0.0,0.0,288.44
commerce_manufacturing,baseline_ocr,10,What are the compartment sizes for product types on Tour 1 in the genetic algorithm solution?,,>10,0.0,0.0,0.0,0.0,0.0,430.22
commerce_manufacturing,baseline_ocr,11,What is the firmware revision and IP address of the DT887x-48 instrument model provided by Data Translation Inc.?,,>10,0.0,0.0,0.0,0.0,0.0,701.94
commerce_manufacturing,baseline_ocr,12,How does the process flow of the browser statechart testing model progress from test case generation to logging?,,>10,0.0,0.0,0.0,0.0,0.0,369.35
commerce_manufacturing,baseline_ocr,13,What milestones occurred in the development of Obee Network from 2018 to 2020?,,>10,0.0,0.0,0.0,0.0,0.0,412.99
commerce_manufacturing,baseline_ocr,14,What strategies are suggested for building customer relationships on Mini Akiba?,,>10,0.0,0.0,0.0,0.0,0.0,876.98
commerce_manufacturing,baseline_ocr,15,What is the general trend of the loss function value during the training iterations?,,>10,0.0,0.0,0.0,0.0,0.0,1078.48
commerce_manufacturing,baseline_ocr,16,How does the Packet Error Rate (PER) change for BLE events with varying connection intervals in the test setup?,8.0,6-10,0.0,0.0,1.0,0.125,0.125,2085.42
commerce_manufacturing,baseline_ocr,17,How has the regional distribution of 3M supplier spending changed between 2016 and 2020?,,>10,0.0,0.0,0.0,0.0,0.0,367.33
commerce_manufacturing,baseline_ocr,18,How did new car registrations in Spain compare to those in Germany over the years from 2007 to 2017?,,>10,0.0,0.0,0.0,0.0,0.0,262.61
commerce_manufacturing,baseline_ocr,19,What was the revenue change for Newmont-Ahafo from 2013 to 2014 according to the mining industry report?,,>10,0.0,0.0,0.0,0.0,0.0,335.76
commerce_manufacturing,baseline_ocr,20,How did the trend of internal and external sales for VAA change from 2006 to 2017?,,>10,0.0,0.0,0.0,0.0,0.0,292.73
commerce_manufacturing,baseline_ocr,21,"What are the differences in e-commerce fees per item sold between major platforms like Ebay, Amazon, AliExpress, and UNIVERZ?",,>10,0.0,0.0,0.0,0.0,0.0,264.29
commerce_manufacturing,baseline_ocr,22,How did the total units of Edge AI compare to Movable AI in 2021?,,>10,0.0,0.0,0.0,0.0,0.0,415.54
commerce_manufacturing,baseline_ocr,23,What was the percentage change in all-in production costs for Australia from 2013 to 2014?,,>10,0.0,0.0,0.0,0.0,0.0,360.94
commerce_manufacturing,baseline_ocr,24,"How did the monthly message volume trends for SMS, EMS, and MMS differ from 2001 to 2006?",,>10,0.0,0.0,0.0,0.0,0.0,2321.45
commerce_manufacturing,baseline_ocr,25,What percentage of 3M's supplier spend was allocated to the Asia Pacific region in 2020?,,>10,0.0,0.0,0.0,0.0,0.0,352.28
commerce_manufacturing,baseline_ocr,26,What are the specific product allocations for locations on Tour 2 in the genetic algorithm solution?,,>10,0.0,0.0,0.0,0.0,0.0,365.91
commerce_manufacturing,baseline_ocr,27,What global employee count does 3M maintain?,,>10,0.0,0.0,0.0,0.0,0.0,304.65
commerce_manufacturing,baseline_ocr,28,What is the trend of Zigbee PER as the BLE connection interval increases?,8.0,6-10,0.0,0.0,1.0,0.125,0.125,370.64
commerce_manufacturing,baseline_ocr,29,What are the design specifications of the glassware patented by D. Bennett in 1878?,,>10,0.0,0.0,0.0,0.0,0.0,384.86
commerce_manufacturing,baseline_ocr,30,What slogans or phrases are prominently displayed during SKF trade union meetings related to precarious work?,,>10,0.0,0.0,0.0,0.0,0.0,869.08
commerce_manufacturing,baseline_ocr,31,What is the expected weekly production volume for MALS A/Cs in the assembly process model?,,>10,0.0,0.0,0.0,0.0,0.0,521.34
commerce_manufacturing,baseline_ocr,32,What stages did Obee Network go through from concept initiation to Uniswap launch?,,>10,0.0,0.0,0.0,0.0,0.0,251.25
commerce_manufacturing,baseline_ocr,33,What is the ISSN number for the February 2014 issue of the Journal of Environmental Protection?,,>10,0.0,0.0,0.0,0.0,0.0,1808.99
commerce_manufacturing,baseline_ocr,34,What are the different shipping options and their costs for an online purchase process?,,>10,0.0,0.0,0.0,0.0,0.0,310.7
commerce_manufacturing,baseline_ocr,35,Which entities implement Samsung's sustainable cobalt supply criteria?,,>10,0.0,0.0,0.0,0.0,0.0,406.47
commerce_manufacturing,baseline_ocr,36,What is the range of mean assembly times when there are 10 different modules?,,>10,0.0,0.0,0.0,0.0,0.0,332.06
commerce_manufacturing,baseline_ocr,37,What is the motto associated with SAP for businesses?,,>10,0.0,0.0,0.0,0.0,0.0,265.66
commerce_manufacturing,baseline_ocr,38,What are the variable interaction values for resources A and B during the reaction process?,,>10,0.0,0.0,0.0,0.0,0.0,656.43
commerce_manufacturing,baseline_ocr,39,What is the role of the Home Support Team in the organizational structure of the logistics project?,,>10,0.0,0.0,0.0,0.0,0.0,328.27
commerce_manufacturing,baseline_ocr,40,What are the specific services used by the company to handle delivery operations?,,>10,0.0,0.0,0.0,0.0,0.0,247.31
commerce_manufacturing,baseline_ocr,41,How are the product types distributed across different tours and locations based on compartment sizes?,,>10,0.0,0.0,0.0,0.0,0.0,1926.02
commerce_manufacturing,baseline_ocr,42,What are the features of the ice cream cart used by Artisani?,,>10,0.0,0.0,0.0,0.0,0.0,906.99
commerce_manufacturing,baseline_ocr,43,What is the configuration of tours and products as represented in the solution's structure?,,>10,0.0,0.0,0.0,0.0,0.0,376.16
commerce_manufacturing,baseline_ocr,44,What is the demand distribution for combinations of four components?,,>10,0.0,0.0,0.0,0.0,0.0,760.23
commerce_manufacturing,baseline_ocr,45,What is the process flow from a Baseline Test Suite to a Test Log in a browser testing model?,,>10,0.0,0.0,0.0,0.0,0.0,283.5
commerce_manufacturing,baseline_ocr,46,"How did product search trends vary between different site categories in June 2012, and what role did heavy searchers play?",,>10,0.0,0.0,0.0,0.0,0.0,284.13
commerce_manufacturing,baseline_ocr,47,"What are the delivery arrival schedules at the CC for 22 Bishopsgate, and how do they differ throughout the week?",,>10,0.0,0.0,0.0,0.0,0.0,587.63
commerce_manufacturing,baseline_ocr,48,How did current taxes in Hong Kong and outside Hong Kong differ for the six months ended 30 September 2014 compared to 2013?,,>10,0.0,0.0,0.0,0.0,0.0,1812.78
commerce_manufacturing,baseline_ocr,49,What are the differences in total non-current assets between 30 June 2018 and 31 December 2017 for Pak Suzuki Motor Company Limited?,,>10,0.0,0.0,0.0,0.0,0.0,348.35
commerce_manufacturing,baseline_ocr,50,How does the OSHA permissible exposure limit for Ethyl Benzene compare to that of Xylene?,,>10,0.0,0.0,0.0,0.0,0.0,297.21
commerce_manufacturing,baseline_ocr,51,How did the segment assets for wholesale change between the years 2001 and 2002?,,>10,0.0,0.0,0.0,0.0,0.0,263.19
commerce_manufacturing,baseline_ocr,52,What are the supported data rates for the V.29 fax modulation compared to V.34?,,>10,0.0,0.0,0.0,0.0,0.0,671.8
commerce_manufacturing,baseline_ocr,53,Which location has the lowest annual operating costs for a U.S. Central Warehouse site?,,>10,0.0,0.0,0.0,0.0,0.0,275.93
commerce_manufacturing,baseline_ocr,54,Identify the devices with the smallest mass per area ratio that are still feasible without a fixture.,,>10,0.0,0.0,0.0,0.0,0.0,457.29
commerce_manufacturing,baseline_ocr,55,"How did the net income before non-cash items change from March 31, 2019, to March 31, 2020, for Clarus Corporation?",,>10,0.0,0.0,0.0,0.0,0.0,310.54
commerce_manufacturing,baseline_ocr,56,How does the usage of sorting and filtering functions affect the average chosen room prices in different tasks?,,>10,0.0,0.0,0.0,0.0,0.0,386.82
commerce_manufacturing,baseline_ocr,57,"How did Clarus Corporation's adjusted EBITDA for the quarter ending March 31, 2019 compare to March 31, 2020?",,>10,0.0,0.0,0.0,0.0,0.0,536.45
commerce_manufacturing,baseline_ocr,58,"How do heavy searchers impact the product search trends across different platforms according to the statistics and figures presented in the Journal of Law, Economics and Policy?",,>10,0.0,0.0,0.0,0.0,0.0,410.08
commerce_manufacturing,baseline_ocr,59,How does the capacity constraint of vehicles and the need for separate compartments for different product types affect the routing strategy in the MCVRP-CFCS model?,,>10,0.0,0.0,0.0,0.0,0.0,591.42
commerce_manufacturing,baseline_ocr,60,How do the patterns of user types conducting searches on different platform categories relate to the stability of search visits at price comparison sites in 2012?,,>10,0.0,0.0,0.0,0.0,0.0,291.12
commerce_manufacturing,baseline_ocr,61,How does the delivery arrival time at the logistics center affect the delivery schedule to 22 Bishopsgate?,,>10,0.0,0.0,0.0,0.0,0.0,288.86
commerce_manufacturing,baseline_ocr,62,In what way do intelligent rack outlets manage power consumption to prevent equipment downtime?,,>10,0.0,0.0,0.0,0.0,0.0,772.31
commerce_manufacturing,baseline_ocr,63,How does PCB design influence the measurement of RθJA and RθJC in IC packages?,,>10,0.0,0.0,0.0,0.0,0.0,302.99
commerce_manufacturing,baseline_ocr,64,What is the impact of cable characteristics on the DP83TD510's operating modes and how is it mitigated?,,>10,0.0,0.0,0.0,0.0,0.0,531.47
commerce_manufacturing,baseline_ocr,65,What impact did the special dividend declared in 2016 have on the share premium?,,>10,0.0,0.0,0.0,0.0,0.0,1593.3
commerce_manufacturing,baseline_ocr,66,How does video surveillance equipment detect unauthorized access and help in root cause analysis in data centers?,,>10,0.0,0.0,0.0,0.0,0.0,301.59
commerce_manufacturing,baseline_ocr,67,How is the grinding fineness adjusted in the coffee machine?,,>10,0.0,0.0,0.0,0.0,0.0,1302.85
commerce_manufacturing,baseline_ocr,68,What safety regulations does Sony adhere to for its LAN technical standards?,4.0,2-5,0.0,0.16666666666666666,0.16666666666666666,0.25,0.25,276.08
commerce_manufacturing,baseline_ocr,69,What is the operating temperature range for the Testboy® 26?,,>10,0.0,0.0,0.0,0.0,0.0,648.57
commerce_manufacturing,baseline_ocr,70,What is the lashing capacity of the ratchet tie-downs provided by Tool Vault?,10.0,6-10,0.0,0.0,0.5,0.1,0.1,468.69
commerce_manufacturing,baseline_ocr,71,What is the cycle time in seconds for the stamping process in the transformation factory described in the study?,,>10,0.0,0.0,0.0,0.0,0.0,415.21
commerce_manufacturing,baseline_ocr,72,What is the annual energy consumption of the NFE3 620 X refrigerator by TEKA?,2.0,2-5,0.0,0.25,0.25,0.5,0.5,1844.53
commerce_manufacturing,baseline_ocr,73,"What output voltage setting corresponds to VSEL values 1, 1, 1, 0 for the TPS62745EVM-622 used by Texas Instruments?",7.0,6-10,0.0,0.0,0.5,0.14285714285714285,0.14285714285714285,292.17
commerce_manufacturing,baseline_ocr,74,What parsing method achieves the highest average precision in the IEEE study on pattern analysis?,5.0,2-5,0.0,0.5,0.5,0.2,0.2,284.65
commerce_manufacturing,baseline_ocr,75,What are the features and constraints related to vehicle capacities and compartments in the MCVRP-CFCS model?,,>10,0.0,0.0,0.0,0.0,0.0,282.2
commerce_manufacturing,baseline_ocr,76,What are the specifications of the 3 Metre Ratchet Tie-Down used by Tool Vault?,10.0,6-10,0.0,0.0,0.5,0.1,0.1,283.88
commerce_manufacturing,baseline_ocr,77,Which section discusses the Analog Inputs in the EVM document?,,>10,0.0,0.0,0.0,0.0,0.0,381.01
commerce_manufacturing,baseline_ocr,78,What are the details of the payment schedule and menu options for the cafeteria concessionaire contract under ITB No. FB21-07-003BAC?,,>10,0.0,0.0,0.0,0.0,0.0,358.33
commerce_manufacturing,baseline_ocr,79,How would you summarize the overall impact of sales on the Group's segment profit margin over the six months ended 30 September 2011?,6.0,6-10,0.0,0.0,0.5,0.16666666666666666,0.16666666666666666,265.7
commerce_manufacturing,baseline_ocr,80,What are the operational features of the 1/100-second stopwatch?,9.0,6-10,0.0,0.0,0.5,0.1111111111111111,0.1111111111111111,272.69
commerce_manufacturing,baseline_ocr,81,What were the significant product updates HP made from October 2018 to March 2021?,,>10,0.0,0.0,0.0,0.0,0.0,269.8
commerce_manufacturing,baseline_ocr,82,What is the estimated annual sales range for the store operated by Walmart Mexico y Centroamerica with the most outlets?,3.0,2-5,0.0,0.5,0.5,0.3333333333333333,0.3333333333333333,505.46
commerce_manufacturing,baseline_ocr,83,"How did the exchange reserve change from January 1, 2016, to December 31, 2017?",,>10,0.0,0.0,0.0,0.0,0.0,1854.87
commerce_manufacturing,baseline_ocr,84,What was the percent change in inventory turnover on sales for the Group from 2010 to 2011 for the period ending 30 September?,6.0,6-10,0.0,0.0,0.5,0.16666666666666666,0.16666666666666666,281.61
commerce_manufacturing,baseline_ocr,85,What are the maximum pressure and temperature specifications for the mobile A/C system sealant detection kit?,,>10,0.0,0.0,0.0,0.0,0.0,1035.37
commerce_manufacturing,baseline_ocr,86,What are the specifications of the terminal blocks mentioned in the mechanical components list for the PM24 circuit board?,,>10,0.0,0.0,0.0,0.0,0.0,280.05
commerce_manufacturing,baseline_ocr,87,What features are offered by Schneider Electric's intelligent rack outlets for remote server management?,,>10,0.0,0.0,0.0,0.0,0.0,498.34
commerce_manufacturing,baseline_ocr,88,What is the standby power consumption for the TV lift mechanism model TS750?,,>10,0.0,0.0,0.0,0.0,0.0,371.09
commerce_manufacturing,baseline_ocr,89,What are the IP protection ratings associated with various detector types for harsh environments?,,>10,0.0,0.0,0.0,0.0,0.0,304.66
commerce_manufacturing,baseline_ocr,90,What are the lumens specifications for the LED light that Tool Vault offers?,10.0,6-10,0.0,0.0,0.5,0.1,0.1,309.51
commerce_manufacturing,baseline_ocr,91,What is the cost of a casual site for The Products at the market?,,>10,0.0,0.0,0.0,0.0,0.0,359.61
commerce_manufacturing,baseline_ocr,92,"Based on Hunt Design's quality management system, what sequence of actions is followed for processing a customer order?",,>10,0.0,0.0,0.0,0.0,0.0,540.48
commerce_manufacturing,baseline_ocr,93,How are 'Human' and other components connected in the CRC ontology related to eco-friendly production?,,>10,0.0,0.0,0.0,0.0,0.0,363.83
commerce_manufacturing,baseline_ocr,94,"In the organizational setup of the logistics project, what functions does the Home Support Team perform?",,>10,0.0,0.0,0.0,0.0,0.0,313.84
commerce_manufacturing,baseline_ocr,95,How large is the TPS62745EVM-622 evaluation board designed by Texas Instruments?,,>10,0.0,0.0,0.0,0.0,0.0,260.93
commerce_manufacturing,baseline_ocr,96,How were currency exchange adjustments and actuarial improvements on pension obligations recorded at the start of 2016?,,>10,0.0,0.0,0.0,0.0,0.0,788.55
commerce_manufacturing,baseline_ocr,97,"For the first half of the year ending September 30, 2013, what expense value was recorded for the wear and tear and value reduction of fixed assets?",,>10,0.0,0.0,0.0,0.0,0.0,1542.02
commerce_manufacturing,baseline_ocr,98,"For the half-year ending on 30 September 2014, how much was the finance cost due to overdraft interest payable within five years?",,>10,0.0,0.0,0.0,0.0,0.0,300.99
commerce_manufacturing,baseline_ocr,99,In what ways do Six Sigma and TQM vary in addressing organizational output consistency and customer satisfaction?,1.0,1,0.25,0.25,0.25,1.0,1.0,880.26
commerce_manufacturing,proposed,0,What are the steps involved in the corrective action process in Hunt Design's QMS?,1.0,1,1.0,1.0,1.0,1.0,1.0,760.69
commerce_manufacturing,proposed,1,What products are advertised by A. Borsig in the Nichi-Doku-Kōgyō-Kōkoku from 1897?,1.0,1,1.0,1.0,1.0,1.0,1.0,315.84
commerce_manufacturing,proposed,2,What is the approximate circuit area of the TPS62745 Buck Converter Evaluation Module as specified by Texas Instruments?,3.0,2-5,0.0,1.0,1.0,0.3333333333333333,0.41666666666666663,244.77
commerce_manufacturing,proposed,3,"What are the primary flows of money, parts, and services in the automotive industry channel model?",1.0,1,1.0,1.0,1.0,1.0,1.0,570.77
commerce_manufacturing,proposed,4,What is the process flow for handling a customer purchase order in Hunt Design's QMS?,1.0,1,1.0,1.0,1.0,1.0,1.0,276.86
commerce_manufacturing,proposed,5,What are the possible transitions between states in the finite state machine of an embedded device?,1.0,1,1.0,1.0,1.0,1.0,1.0,630.81
commerce_manufacturing,proposed,6,What is the sequence of steps in the CRM model implementation process for Saba Corporation?,1.0,1,1.0,1.0,1.0,1.0,1.0,285.91
commerce_manufacturing,proposed,7,How is the process of handling orders implemented to increase profit per sale?,2.0,2-5,0.0,1.0,1.0,0.5,0.5,300.96
commerce_manufacturing,proposed,8,What are the start and end times for the production schedule labeled 'Making Schedule 2' in the plant model?,2.0,2-5,0.0,1.0,1.0,0.5,0.5,387.27
commerce_manufacturing,proposed,9,What is the firmware version of the MEASURpoint instrument DT887x-48?,1.0,1,1.0,1.0,1.0,1.0,1.0,280.95
commerce_manufacturing,proposed,10,What are the compartment sizes for product types on Tour 1 in the genetic algorithm solution?,1.0,1,1.0,1.0,1.0,1.0,1.0,311.41
commerce_manufacturing,proposed,11,What is the firmware revision and IP address of the DT887x-48 instrument model provided by Data Translation Inc.?,1.0,1,1.0,1.0,1.0,1.0,1.0,411.82
commerce_manufacturing,proposed,12,How does the process flow of the browser statechart testing model progress from test case generation to logging?,1.0,1,1.0,1.0,1.0,1.0,1.0,309.91
commerce_manufacturing,proposed,13,What milestones occurred in the development of Obee Network from 2018 to 2020?,1.0,1,1.0,1.0,1.0,1.0,1.0,284.91
commerce_manufacturing,proposed,14,What strategies are suggested for building customer relationships on Mini Akiba?,1.0,1,1.0,1.0,1.0,1.0,1.0,324.12
commerce_manufacturing,proposed,15,What is the general trend of the loss function value during the training iterations?,1.0,1,1.0,1.0,1.0,1.0,1.0,331.08
commerce_manufacturing,proposed,16,How does the Packet Error Rate (PER) change for BLE events with varying connection intervals in the test setup?,1.0,1,1.0,1.0,1.0,1.0,1.0,281.1
commerce_manufacturing,proposed,17,How has the regional distribution of 3M supplier spending changed between 2016 and 2020?,1.0,1,1.0,1.0,1.0,1.0,1.0,571.47
commerce_manufacturing,proposed,18,How did new car registrations in Spain compare to those in Germany over the years from 2007 to 2017?,1.0,1,1.0,1.0,1.0,1.0,1.0,289.69
commerce_manufacturing,proposed,19,What was the revenue change for Newmont-Ahafo from 2013 to 2014 according to the mining industry report?,2.0,2-5,0.0,1.0,1.0,0.5,0.5,436.21
commerce_manufacturing,proposed,20,How did the trend of internal and external sales for VAA change from 2006 to 2017?,1.0,1,1.0,1.0,1.0,1.0,1.0,376.31
commerce_manufacturing,proposed,21,"What are the differences in e-commerce fees per item sold between major platforms like Ebay, Amazon, AliExpress, and UNIVERZ?",1.0,1,1.0,1.0,1.0,1.0,1.0,850.01
commerce_manufacturing,proposed,22,How did the total units of Edge AI compare to Movable AI in 2021?,1.0,1,1.0,1.0,1.0,1.0,1.0,591.0
commerce_manufacturing,proposed,23,What was the percentage change in all-in production costs for Australia from 2013 to 2014?,1.0,1,1.0,1.0,1.0,1.0,1.0,261.84
commerce_manufacturing,proposed,24,"How did the monthly message volume trends for SMS, EMS, and MMS differ from 2001 to 2006?",1.0,1,1.0,1.0,1.0,1.0,1.0,352.34
commerce_manufacturing,proposed,25,What percentage of 3M's supplier spend was allocated to the Asia Pacific region in 2020?,1.0,1,1.0,1.0,1.0,1.0,1.0,320.43
commerce_manufacturing,proposed,26,What are the specific product allocations for locations on Tour 2 in the genetic algorithm solution?,1.0,1,1.0,1.0,1.0,1.0,1.0,594.58
commerce_manufacturing,proposed,27,What global employee count does 3M maintain?,1.0,1,1.0,1.0,1.0,1.0,1.0,284.83
commerce_manufacturing,proposed,28,What is the trend of Zigbee PER as the BLE connection interval increases?,1.0,1,1.0,1.0,1.0,1.0,1.0,332.06
commerce_manufacturing,proposed,29,What are the design specifications of the glassware patented by D. Bennett in 1878?,1.0,1,1.0,1.0,1.0,1.0,1.0,478.92
commerce_manufacturing,proposed,30,What slogans or phrases are prominently displayed during SKF trade union meetings related to precarious work?,1.0,1,1.0,1.0,1.0,1.0,1.0,276.22
commerce_manufacturing,proposed,31,What is the expected weekly production volume for MALS A/Cs in the assembly process model?,3.0,2-5,0.0,1.0,1.0,0.3333333333333333,0.3333333333333333,282.52
commerce_manufacturing,proposed,32,What stages did Obee Network go through from concept initiation to Uniswap launch?,1.0,1,1.0,1.0,1.0,1.0,1.0,355.66
commerce_manufacturing,proposed,33,What is the ISSN number for the February 2014 issue of the Journal of Environmental Protection?,1.0,1,1.0,1.0,1.0,1.0,1.0,275.14
commerce_manufacturing,proposed,34,What are the different shipping options and their costs for an online purchase process?,1.0,1,1.0,1.0,1.0,1.0,1.0,442.42
commerce_manufacturing,proposed,35,Which entities implement Samsung's sustainable cobalt supply criteria?,1.0,1,1.0,1.0,1.0,1.0,1.0,325.09
commerce_manufacturing,proposed,36,What is the range of mean assembly times when there are 10 different modules?,1.0,1,1.0,1.0,1.0,1.0,1.0,265.47
commerce_manufacturing,proposed,37,What is the motto associated with SAP for businesses?,1.0,1,1.0,1.0,1.0,1.0,1.0,292.02
commerce_manufacturing,proposed,38,What are the variable interaction values for resources A and B during the reaction process?,1.0,1,1.0,1.0,1.0,1.0,1.0,311.83
commerce_manufacturing,proposed,39,What is the role of the Home Support Team in the organizational structure of the logistics project?,1.0,1,1.0,1.0,1.0,1.0,1.0,327.99
commerce_manufacturing,proposed,40,What are the specific services used by the company to handle delivery operations?,,>10,0.0,0.0,0.0,0.0,0.0,447.27
commerce_manufacturing,proposed,41,How are the product types distributed across different tours and locations based on compartment sizes?,2.0,2-5,0.0,1.0,1.0,0.5,0.5,259.7
commerce_manufacturing,proposed,42,What are the features of the ice cream cart used by Artisani?,1.0,1,1.0,1.0,1.0,1.0,1.0,568.83
commerce_manufacturing,proposed,43,What is the configuration of tours and products as represented in the solution's structure?,2.0,2-5,0.0,1.0,1.0,0.5,0.5,594.59
commerce_manufacturing,proposed,44,What is the demand distribution for combinations of four components?,1.0,1,1.0,1.0,1.0,1.0,1.0,773.61
commerce_manufacturing,proposed,45,What is the process flow from a Baseline Test Suite to a Test Log in a browser testing model?,1.0,1,1.0,1.0,1.0,1.0,1.0,412.06
commerce_manufacturing,proposed,46,"How did product search trends vary between different site categories in June 2012, and what role did heavy searchers play?",1.0,1,0.16666666666666666,0.8333333333333334,1.0,1.0,1.0,1139.37
commerce_manufacturing,proposed,47,"What are the delivery arrival schedules at the CC for 22 Bishopsgate, and how do they differ throughout the week?",1.0,1,0.16666666666666666,0.8333333333333334,1.0,1.0,1.0,261.91
commerce_manufacturing,proposed,48,How did current taxes in Hong Kong and outside Hong Kong differ for the six months ended 30 September 2014 compared to 2013?,1.0,1,0.5,1.0,1.0,1.0,0.75,301.99
commerce_manufacturing,proposed,49,What are the differences in total non-current assets between 30 June 2018 and 31 December 2017 for Pak Suzuki Motor Company Limited?,1.0,1,0.5,1.0,1.0,1.0,1.0,694.3
commerce_manufacturing,proposed,50,How does the OSHA permissible exposure limit for Ethyl Benzene compare to that of Xylene?,1.0,1,1.0,1.0,1.0,1.0,1.0,660.02
commerce_manufacturing,proposed,51,How did the segment assets for wholesale change between the years 2001 and 2002?,1.0,1,0.5,1.0,1.0,1.0,1.0,281.24
commerce_manufacturing,proposed,52,What are the supported data rates for the V.29 fax modulation compared to V.34?,1.0,1,0.3333333333333333,1.0,1.0,1.0,1.0,243.09
commerce_manufacturing,proposed,53,Which location has the lowest annual operating costs for a U.S. Central Warehouse site?,1.0,1,1.0,1.0,1.0,1.0,1.0,465.26
commerce_manufacturing,proposed,54,Identify the devices with the smallest mass per area ratio that are still feasible without a fixture.,1.0,1,0.5,1.0,1.0,1.0,1.0,278.72
commerce_manufacturing,proposed,55,"How did the net income before non-cash items change from March 31, 2019, to March 31, 2020, for Clarus Corporation?",1.0,1,0.5,1.0,1.0,1.0,1.0,340.61
commerce_manufacturing,proposed,56,How does the usage of sorting and filtering functions affect the average chosen room prices in different tasks?,1.0,1,0.5,1.0,1.0,1.0,1.0,272.07
commerce_manufacturing,proposed,57,"How did Clarus Corporation's adjusted EBITDA for the quarter ending March 31, 2019 compare to March 31, 2020?",1.0,1,1.0,1.0,1.0,1.0,1.0,665.07
commerce_manufacturing,proposed,58,"How do heavy searchers impact the product search trends across different platforms according to the statistics and figures presented in the Journal of Law, Economics and Policy?",1.0,1,0.16666666666666666,0.8333333333333334,1.0,1.0,1.0,348.32
commerce_manufacturing,proposed,59,How does the capacity constraint of vehicles and the need for separate compartments for different product types affect the routing strategy in the MCVRP-CFCS model?,1.0,1,0.3333333333333333,1.0,1.0,1.0,0.9166666666666666,286.7
commerce_manufacturing,proposed,60,How do the patterns of user types conducting searches on different platform categories relate to the stability of search visits at price comparison sites in 2012?,1.0,1,0.16666666666666666,0.8333333333333334,1.0,1.0,1.0,1398.87
commerce_manufacturing,proposed,61,How does the delivery arrival time at the logistics center affect the delivery schedule to 22 Bishopsgate?,1.0,1,0.16666666666666666,0.8333333333333334,1.0,1.0,1.0,300.2
commerce_manufacturing,proposed,62,In what way do intelligent rack outlets manage power consumption to prevent equipment downtime?,1.0,1,0.5,1.0,1.0,1.0,1.0,256.68
commerce_manufacturing,proposed,63,How does PCB design influence the measurement of RθJA and RθJC in IC packages?,1.0,1,0.3333333333333333,1.0,1.0,1.0,1.0,302.36
commerce_manufacturing,proposed,64,What is the impact of cable characteristics on the DP83TD510's operating modes and how is it mitigated?,1.0,1,0.3333333333333333,1.0,1.0,1.0,1.0,329.4
commerce_manufacturing,proposed,65,What impact did the special dividend declared in 2016 have on the share premium?,1.0,1,1.0,1.0,1.0,1.0,1.0,326.69
commerce_manufacturing,proposed,66,How does video surveillance equipment detect unauthorized access and help in root cause analysis in data centers?,1.0,1,0.5,1.0,1.0,1.0,1.0,295.52
commerce_manufacturing,proposed,67,How is the grinding fineness adjusted in the coffee machine?,1.0,1,0.3333333333333333,1.0,1.0,1.0,1.0,346.34
commerce_manufacturing,proposed,68,What safety regulations does Sony adhere to for its LAN technical standards?,1.0,1,0.16666666666666666,0.8333333333333334,1.0,1.0,1.0,450.12
commerce_manufacturing,proposed,69,What is the operating temperature range for the Testboy® 26?,1.0,1,0.16666666666666666,0.3333333333333333,0.3333333333333333,1.0,1.0,250.58
commerce_manufacturing,proposed,70,What is the lashing capacity of the ratchet tie-downs provided by Tool Vault?,1.0,1,0.5,1.0,1.0,1.0,1.0,331.58
commerce_manufacturing,proposed,71,What is the cycle time in seconds for the stamping process in the transformation factory described in the study?,1.0,1,1.0,1.0,1.0,1.0,1.0,266.35
commerce_manufacturing,proposed,72,What is the annual energy consumption of the NFE3 620 X refrigerator by TEKA?,1.0,1,0.25,1.0,1.0,1.0,1.0,287.03
commerce_manufacturing,proposed,73,"What output voltage setting corresponds to VSEL values 1, 1, 1, 0 for the TPS62745EVM-622 used by Texas Instruments?",1.0,1,0.5,1.0,1.0,1.0,1.0,292.12
commerce_manufacturing,proposed,74,What parsing method achieves the highest average precision in the IEEE study on pattern analysis?,1.0,1,0.5,1.0,1.0,1.0,1.0,269.76
commerce_manufacturing,proposed,75,What are the features and constraints related to vehicle capacities and compartments in the MCVRP-CFCS model?,1.0,1,0.3333333333333333,1.0,1.0,1.0,0.9166666666666666,503.59
commerce_manufacturing,proposed,76,What are the specifications of the 3 Metre Ratchet Tie-Down used by Tool Vault?,1.0,1,0.5,1.0,1.0,1.0,1.0,261.37
commerce_manufacturing,proposed,77,Which section discusses the Analog Inputs in the EVM document?,2.0,2-5,0.0,1.0,1.0,0.5,0.5,290.33
commerce_manufacturing,proposed,78,What are the details of the payment schedule and menu options for the cafeteria concessionaire contract under ITB No. FB21-07-003BAC?,1.0,1,0.5,1.0,1.0,1.0,1.0,1314.58
commerce_manufacturing,proposed,79,How would you summarize the overall impact of sales on the Group's segment profit margin over the six months ended 30 September 2011?,1.0,1,0.5,1.0,1.0,1.0,0.7,263.8
commerce_manufacturing,proposed,80,What are the operational features of the 1/100-second stopwatch?,1.0,1,0.5,1.0,1.0,1.0,1.0,308.18
commerce_manufacturing,proposed,81,What were the significant product updates HP made from October 2018 to March 2021?,1.0,1,0.5,1.0,1.0,1.0,1.0,270.33
commerce_manufacturing,proposed,82,What is the estimated annual sales range for the store operated by Walmart Mexico y Centroamerica with the most outlets?,1.0,1,0.5,1.0,1.0,1.0,1.0,530.9
commerce_manufacturing,proposed,83,"How did the exchange reserve change from January 1, 2016, to December 31, 2017?",1.0,1,1.0,1.0,1.0,1.0,1.0,411.56
commerce_manufacturing,proposed,84,What was the percent change in inventory turnover on sales for the Group from 2010 to 2011 for the period ending 30 September?,1.0,1,0.5,1.0,1.0,1.0,1.0,292.48
commerce_manufacturing,proposed,85,What are the maximum pressure and temperature specifications for the mobile A/C system sealant detection kit?,1.0,1,0.3333333333333333,0.6666666666666666,0.6666666666666666,1.0,1.0,266.81
commerce_manufacturing,proposed,86,What are the specifications of the terminal blocks mentioned in the mechanical components list for the PM24 circuit board?,1.0,1,0.5,1.0,1.0,1.0,1.0,281.49
commerce_manufacturing,proposed,87,What features are offered by Schneider Electric's intelligent rack outlets for remote server management?,1.0,1,0.5,1.0,1.0,1.0,1.0,252.4
commerce_manufacturing,proposed,88,What is the standby power consumption for the TV lift mechanism model TS750?,1.0,1,0.3333333333333333,1.0,1.0,1.0,1.0,265.88
commerce_manufacturing,proposed,89,What are the IP protection ratings associated with various detector types for harsh environments?,1.0,1,1.0,1.0,1.0,1.0,1.0,239.2
commerce_manufacturing,proposed,90,What are the lumens specifications for the LED light that Tool Vault offers?,1.0,1,0.5,1.0,1.0,1.0,1.0,278.9
commerce_manufacturing,proposed,91,What is the cost of a casual site for The Products at the market?,1.0,1,0.25,1.0,1.0,1.0,1.0,271.61
commerce_manufacturing,proposed,92,"Based on Hunt Design's quality management system, what sequence of actions is followed for processing a customer order?",1.0,1,1.0,1.0,1.0,1.0,1.0,290.69
commerce_manufacturing,proposed,93,How are 'Human' and other components connected in the CRC ontology related to eco-friendly production?,1.0,1,1.0,1.0,1.0,1.0,1.0,292.65
commerce_manufacturing,proposed,94,"In the organizational setup of the logistics project, what functions does the Home Support Team perform?",1.0,1,1.0,1.0,1.0,1.0,1.0,314.08
commerce_manufacturing,proposed,95,How large is the TPS62745EVM-622 evaluation board designed by Texas Instruments?,1.0,1,1.0,1.0,1.0,1.0,1.0,311.81
commerce_manufacturing,proposed,96,How were currency exchange adjustments and actuarial improvements on pension obligations recorded at the start of 2016?,1.0,1,1.0,1.0,1.0,1.0,1.0,325.75
commerce_manufacturing,proposed,97,"For the first half of the year ending September 30, 2013, what expense value was recorded for the wear and tear and value reduction of fixed assets?",1.0,1,0.5,1.0,1.0,1.0,0.8333333333333333,302.8
commerce_manufacturing,proposed,98,"For the half-year ending on 30 September 2014, how much was the finance cost due to overdraft interest payable within five years?",1.0,1,0.5,1.0,1.0,1.0,1.0,957.67
commerce_manufacturing,proposed,99,In what ways do Six Sigma and TQM vary in addressing organizational output consistency and customer satisfaction?,1.0,1,0.25,1.0,1.0,1.0,1.0,1607.21
construction,baseline_clip,0,Can you describe the features of the Hasselblad camera that were utilized in the UAV photogrammetry study detailed in the ISPRS journal?,1.0,1,0.5,1.0,1.0,1.0,0.7,614.28
construction,baseline_clip,1,"According to section 33.654.130, what are the comments regarding existing and future public dead-ends and walking connections for the location?",1.0,1,1.0,1.0,1.0,1.0,1.0,422.47
construction,baseline_clip,2,Between which values do the signed vertical differences lie in the overlapping section of the pre-aligned DSM from 1977 and the DTM from 2001?,1.0,1,1.0,1.0,1.0,1.0,1.0,489.28
construction,baseline_clip,3,"How do the actions 'Move Brick P.', 'Take Bricks', and 'Lab. Idle' proceed in the Simphony Designer simulation process?",1.0,1,1.0,1.0,1.0,1.0,1.0,760.43
construction,baseline_clip,4,During which years in the early 21st century does Egremni Beach face erosion surpassing 1.50 meters annually?,1.0,1,1.0,1.0,1.0,1.0,1.0,471.77
construction,baseline_clip,5,"For the analysis involving 544,410 equations in a multi-storey building, which technique exhibited the shortest processing duration among options like MPCG_AMIS?",1.0,1,0.5,1.0,1.0,1.0,1.0,496.7
construction,baseline_clip,6,What findings emerged from the Vision Derby 2040 planning session held in September 2019?,1.0,1,1.0,1.0,1.0,1.0,1.0,501.59
construction,baseline_clip,7,Identify the segments outlined in the Town of Peace River's Pats Creek Storm Water Mediation Project documentation.,1.0,1,0.25,1.0,1.0,1.0,0.95,473.55
construction,baseline_clip,8,"What range of air content is specified for shotcrete mixtures aimed at enhancing initial strength, according to ASTM standards?",1.0,1,0.5,1.0,1.0,1.0,1.0,491.65
construction,baseline_clip,9,"During tests involving sinusoidal loads on 26 gauge Type B panels, what were the peak load values when tested at a frequency of 0.25 cycles per second?",1.0,1,0.5,1.0,1.0,1.0,1.0,495.64
construction,baseline_clip,10,What is the pollution index value for the emissions-compliant engine from Poulan?,1.0,1,1.0,1.0,1.0,1.0,1.0,496.44
construction,baseline_clip,11,What effects does frequent foot traffic have on the surface and look of vinyl floors in busy locations?,1.0,1,1.0,1.0,1.0,1.0,1.0,491.59
construction,baseline_clip,12,"Which individuals were present at the February 27, 2018 meeting with the Department of Planning and Environment about changes to the local environmental plan?",1.0,1,0.3333333333333333,0.6666666666666666,0.6666666666666666,1.0,0.75,487.5
construction,baseline_clip,13,What reasons allow the planned project in the R2 area to satisfy the width criteria for individual homes?,1.0,1,1.0,1.0,1.0,1.0,1.0,491.12
construction,baseline_clip,14,"In the study on wood engineering, which uses of LVL and PSL are outlined in specific global architectural sites such as a warehouse in Victoria, a stage entrance in Washington DC, and a school library in Australia?",1.0,1,0.3333333333333333,1.0,1.0,1.0,0.9166666666666666,490.98
construction,baseline_clip,15,What changes are planned for the Colnbrook River in the development projects located south of Richings Park?,1.0,1,1.0,1.0,1.0,1.0,1.0,495.58
construction,baseline_clip,16,What is the variation in time taken by the Block Lanczos (MFM) technique between the two computational models for analyzing different multi-storey buildings?,1.0,1,0.5,1.0,1.0,1.0,1.0,495.11
construction,baseline_clip,17,How does the damped link function within the outrigger and core framework of the Two International Finance Centre's skyscraper?,1.0,1,1.0,1.0,1.0,1.0,1.0,484.46
construction,baseline_clip,18,"What is the quality reduction when three-quarters of pavement lifespan have passed, as indicated by the PCI?",1.0,1,1.0,1.0,1.0,1.0,1.0,502.26
construction,baseline_clip,19,Which type of window featuring curved upper sections is typical within Berwick's local architectural style?,1.0,1,0.5,1.0,1.0,1.0,1.0,481.59
construction,baseline_clip,20,What caused the distinct seepage problems in the Peygham-Chay dam abutments based on their permeability characteristics?,1.0,1,0.25,1.0,1.0,1.0,1.0,500.47
construction,baseline_clip,21,How is the scale defined for Dennis' design of the landscape at the Winn Residence?,1.0,1,0.5,0.5,0.5,1.0,1.0,484.26
construction,baseline_clip,22,"In what ways do the flexibility and fire resistance of RC, SRC, S, and CFT structural types differ?",1.0,1,1.0,1.0,1.0,1.0,1.0,490.5
construction,baseline_clip,23,"During the National Night Out event related to Vision Derby's future plans, how were community members engaging with one another?",1.0,1,1.0,1.0,1.0,1.0,1.0,537.44
construction,baseline_clip,24,"In the context of the Constraint Bag Process Model, which loop type has the greatest 'ALTA' significance categorized under RED-RED?",1.0,1,1.0,1.0,1.0,1.0,1.0,913.35
construction,baseline_clip,25,"Which areas are set aside for foot traffic and public transport in the New Carrollton layout, mentioning elements like the continuing Pedestrian Bridge and MARC Platform?",1.0,1,1.0,1.0,1.0,1.0,1.0,496.01
construction,baseline_clip,26,Where in the Spire Indonesia report can information on what influences the lifespan of homes in Indonesia be located?,1.0,1,0.3333333333333333,0.6666666666666666,0.6666666666666666,1.0,1.0,511.87
construction,baseline_clip,27,Can you provide the size of the master sleeping area in the villa design detailed in Samaru Journal of Information Studies Vol. 7 (1) 2007?,1.0,1,1.0,1.0,1.0,1.0,1.0,493.11
construction,baseline_clip,28,How many drainage hoses are included with the model CMB-P1010V-G1 as per the provided items?,1.0,1,1.0,1.0,1.0,1.0,1.0,494.78
construction,baseline_clip,29,What is the difference in the walkability scores between Ward 28 and Ward 21 in Khulna City?,1.0,1,0.3333333333333333,1.0,1.0,1.0,1.0,490.72
construction,baseline_clip,30,What associations are covered by EFCA's European representation related to FIDIC?,1.0,1,1.0,1.0,1.0,1.0,1.0,501.26
construction,baseline_clip,31,How is the size relationship defined for the 1/4 Section 2530 map concerning land utilization in Portland?,3.0,2-5,0.0,1.0,1.0,0.3333333333333333,0.41666666666666663,482.32
construction,baseline_clip,32,How are IFC models linked with VIRTUOSO DYNAMIC ONTOLOGY within the BIM4EEB management framework?,1.0,1,1.0,1.0,1.0,1.0,1.0,490.4
construction,baseline_clip,33,Can you provide the detailed measurements for the tank shells used in the computational analysis?,1.0,1,0.5,1.0,1.0,1.0,1.0,487.2
construction,baseline_clip,34,Which conditions do not apply to the location at 1900 SW 4th Avenue regarding environmental and building hazards?,1.0,1,0.5,0.5,0.5,1.0,1.0,495.98
construction,baseline_clip,35,How are the panels configured in a machine-made gabion as detailed in the ASTM specification?,1.0,1,1.0,1.0,1.0,1.0,1.0,494.43
construction,baseline_clip,36,Who is tasked with guaranteeing emergency entry under the guidelines of Title 31 within the technical specifications summary?,2.0,2-5,0.0,0.5,0.5,0.5,0.5,494.01
construction,baseline_clip,37,Identify the reference details for the sewer consultation related to Greenside Recreation Fields submitted late December 2016.,1.0,1,0.5,1.0,1.0,1.0,1.0,494.33
construction,baseline_clip,38,"In the comparative reference layout related to the RELUIS initiative, what are the specified characteristics of velocities, densities, and damping ratios for the distinct layers?",1.0,1,1.0,1.0,1.0,1.0,1.0,481.12
construction,baseline_clip,39,How are the various slope characteristics designated from A to E in the geological survey of the ultrabasic rock region?,1.0,1,1.0,1.0,1.0,1.0,1.0,496.04
construction,baseline_clip,40,What goals are set for evaluating the effectiveness of the shotcrete compositions within the described project parameters?,1.0,1,0.5,1.0,1.0,1.0,0.8333333333333333,489.0
construction,baseline_clip,41,What methods are used to assess polyurethane adhesive performance in steel and wood joint structures as outlined in Annex A?,2.0,2-5,0.0,1.0,1.0,0.5,0.5833333333333333,489.7
construction,baseline_clip,42,How do the cycle counts vary for different peak loads when testing panels secured with screws under dynamic conditions?,1.0,1,0.5,1.0,1.0,1.0,1.0,501.03
construction,baseline_clip,43,"In shotcrete applications, how does the early compressive strength change when using a pozzolanic rheology control agent instead of silica fume, taking into account differences in surface area and particle dimensions?",1.0,1,0.25,1.0,1.0,1.0,0.8875,490.69
construction,baseline_clip,44,How have the employment figures and unemployment percentages shifted from mid-2018 to mid-2025 within the scope of transport and community services statistics?,1.0,1,1.0,1.0,1.0,1.0,1.0,483.83
construction,baseline_clip,45,In what way does the configuration of the overload device pulley affect safety protocols during crane usage?,1.0,1,1.0,1.0,1.0,1.0,1.0,491.25
construction,baseline_clip,46,"Incorporating color image and color mask streams, what configuration reaches the minimal Euclidean distance under the medium rate of learning?",1.0,1,0.25,1.0,1.0,1.0,1.0,490.44
construction,baseline_clip,47,"For a model with 544,410 equations on a Pentium III machine, what is the difference in computation time between the MPCG_AMIS and Block Lanczos methods?",1.0,1,1.0,1.0,1.0,1.0,1.0,507.09
construction,baseline_clip,48,What symbol is used to illustrate the connection of StarNet's independent flooring groups in professional analyses?,6.0,6-10,0.0,0.0,1.0,0.16666666666666666,0.16666666666666666,712.63
construction,baseline_clip,49,How does the rapid 1/8000s shutter speed of the Hasselblad drone camera enhance the detection of archaeological elements?,1.0,1,0.5,1.0,1.0,1.0,1.0,1250.83
construction,baseline_clip,50,Which technique and GIS software are linked to the Constraint-Quadratic method described by Wood in 1996 for calculating slopes?,1.0,1,0.5,1.0,1.0,1.0,0.8333333333333333,1207.66
construction,baseline_clip,51,"In the 2021 study published in the ISPRS International Journal of Geo-Information, how accurate is the user’s detection of iron slag traces with SfM classification?",1.0,1,1.0,1.0,1.0,1.0,1.0,750.49
construction,baseline_clip,52,How does the peak load change with varying screw end distances in connections involving steel sheathings?,3.0,2-5,0.0,1.0,1.0,0.3333333333333333,0.3333333333333333,517.52
construction,baseline_clip,53,"In the context of the Midtown Santa Fe redevelopment, what objectives are prioritized for financial success and sustained value creation?",1.0,1,0.1111111111111111,0.4444444444444444,0.7777777777777778,1.0,0.8954648526077096,472.71
construction,baseline_clip,54,What criteria does the Evenness assessment algorithm use to determine the status of line segments regarding their deviation limits?,1.0,1,1.0,1.0,1.0,1.0,1.0,497.03
construction,baseline_clip,55,"In Portland's land evaluation process, how does the Bureau of Environmental Services contribute within the agency feedback segment?",2.0,2-5,0.0,0.5,0.5,0.5,0.5,490.96
construction,baseline_clip,56,What is the location of the proposed replacement habitat in connection to the flood defense embankments near the hydropower plant at Brežice?,1.0,1,1.0,1.0,1.0,1.0,1.0,480.43
construction,baseline_clip,57,"How do the job categories such as professionals, administrators, sales, and others compare in terms of very unsatisfactory workstation satisfaction levels?",1.0,1,1.0,1.0,1.0,1.0,1.0,737.27
construction,baseline_clip,58,Which minerals predominantly make up the structure of granite according to the composition chart?,1.0,1,1.0,1.0,1.0,1.0,1.0,494.35
construction,baseline_clip,59,"In the materials by Morley Glass & Glazing, what organization is associated with the Perfect Fit® roller blind?",1.0,1,1.0,1.0,1.0,1.0,1.0,496.63
construction,baseline_clip,60,How does temperature variation affect the complex modulus of standard versus nano-enhanced bitumen according to the research?,1.0,1,1.0,1.0,1.0,1.0,1.0,486.6
construction,baseline_clip,61,"In the analysis provided, what benefit is anticipated when SHM is not utilized after three decades?",1.0,1,1.0,1.0,1.0,1.0,1.0,487.1
construction,baseline_clip,62,Identify the components and amounts in the proposed shotcrete mix that includes TYTRO® RC 430 as an additive.,1.0,1,0.5,1.0,1.0,1.0,1.0,489.32
construction,baseline_clip,63,"What conclusions were drawn from the panel's February 27, 2018, inspection and discussions on the proposed lot division at 2 Inverary Drive, Kurmond?",1.0,1,0.3333333333333333,0.6666666666666666,0.6666666666666666,1.0,1.0,495.18
construction,baseline_clip,64,What was the reason for failing to complete the submission of the 2017 Mid Term Evaluation Report to KfW?,1.0,1,1.0,1.0,1.0,1.0,1.0,489.06
construction,baseline_clip,65,Which individual holds the position of Staff Engineer in the structural assessment documentation by Stork Twin City?,1.0,1,1.0,1.0,1.0,1.0,1.0,494.39
construction,baseline_clip,66,Which machinery is usually employed to clear snow on River Street during December 2008 as depicted?,1.0,1,1.0,1.0,1.0,1.0,1.0,489.11
construction,baseline_clip,67,"How do the components vary between the reference and proposed mixtures, where the latter incorporates a pozzolanic-based rheology control element, given a 0.46 w/c ratio?",1.0,1,0.5,1.0,1.0,1.0,0.7,502.97
construction,baseline_clip,68,How are the rules defined in sections 33.654.130.B and 33.654.130.C concerning current and future dead-end street links?,1.0,1,1.0,1.0,1.0,1.0,1.0,485.53
construction,baseline_clip,69,Can you list the roads scheduled for repair in the village's 2021 concrete program?,1.0,1,1.0,1.0,1.0,1.0,1.0,491.19
construction,baseline_clip,70,What specific guidelines and documents pertain to the flood plain and Building Code Title 24 within the proposal?,2.0,2-5,0.0,1.0,1.0,0.5,0.5833333333333333,503.66
construction,baseline_clip,71,"In the context of rubberised bitumen, what specifications and contaminant limits are set for crumb rubber?",1.0,1,1.0,1.0,1.0,1.0,1.0,474.67
construction,baseline_clip,72,In what ways do the time history curves for nodal coordinates vary between dynamic and static conditions during the deployment of the CTS cable dome?,,>10,0.0,0.0,0.0,0.0,0.0,488.01
construction,baseline_clip,73,How many nations are recipients of IntechOpen's distributed publications?,1.0,1,1.0,1.0,1.0,1.0,1.0,777.87
construction,baseline_clip,74,In what manner do attendees engage with the displayed materials at the Vision Derby 2040 community event?,1.0,1,1.0,1.0,1.0,1.0,1.0,704.87
construction,baseline_clip,75,"Based on the RF classifier's confusion matrix, what is the count of TH construction types that were correctly identified?",1.0,1,0.3333333333333333,0.6666666666666666,1.0,1.0,0.8333333333333334,489.53
construction,baseline_clip,76,"In Fig. A1, what size is the rubber component utilized in assembling the specimen for prolonged stress evaluation?",1.0,1,1.0,1.0,1.0,1.0,1.0,495.16
construction,baseline_clip,77,How did the erosion and accretion trends differ in the northern and southern parts of the Gialos shoreline from 1945 to 1972 compared to 1972 to 2000?,1.0,1,1.0,1.0,1.0,1.0,1.0,489.96
construction,baseline_clip,78,What were the trends in employment and unemployment rates from mid-2020 to mid-2023 based on the dataset spanning from mid-2018 to mid-2025?,1.0,1,1.0,1.0,1.0,1.0,1.0,493.28
construction,baseline_clip,79,For what reason was a scale of 1 inch equals 200 feet chosen for the design of Section 3825 in project LU 08-109725 LDP?,1.0,1,0.2,0.6,0.6,1.0,0.9166666666666666,499.83
construction,baseline_clip,80,Can you identify the criteria from the code chapters that do not apply because of the site's characteristics and proposal details?,1.0,1,0.5,1.0,1.0,1.0,0.8333333333333333,558.94
construction,baseline_clip,81,What effect do changes in stud thickness and screw diameter have on the shear strength of screw connections as per the modeling outcomes?,1.0,1,0.2,0.8,1.0,1.0,0.9428571428571428,649.46
construction,baseline_clip,82,Identify the person acting as the representative for the subdivision project located at 13035 NE Oregon Street.,1.0,1,1.0,1.0,1.0,1.0,1.0,496.21
construction,baseline_clip,83,"How much is the projected expense for the 2008 PG Plaza Midblock Crossing initiative, and which activities contribute to this amount?",1.0,1,0.25,0.5,0.75,1.0,0.8095238095238094,505.15
construction,baseline_clip,84,"During the May 3, 2021 Limestone County Commission meeting, to which entity was the SMART Board with serial SBB885-M2-B002848 assigned?",1.0,1,1.0,1.0,1.0,1.0,1.0,489.74
construction,baseline_clip,85,Which documents comprise the applicant's declaration in the land use review from the year 2104?,1.0,1,0.5,0.5,0.5,1.0,1.0,480.75
construction,baseline_clip,86,"In the context of the BIM4EEB Project, how does the ontology within the BIM management system enable connections between resources and entities?",1.0,1,1.0,1.0,1.0,1.0,1.0,516.56
construction,baseline_clip,87,"How do the predicted construction types compare with the reference categories in terms of misclassification rates for S-DH, TH, and MFH?",1.0,1,0.3333333333333333,1.0,1.0,1.0,1.0,491.44
construction,baseline_clip,88,How does the activity of Montmorillonite differ from Illite in the clay samples from Glee Geunteng hill?,1.0,1,0.5,1.0,1.0,1.0,1.0,472.0
construction,baseline_clip,89,Which construction techniques or materials are identified for building a gravity oil-grit separator that includes a precast iron frame?,1.0,1,1.0,1.0,1.0,1.0,1.0,647.82
construction,baseline_clip,90,What were the scheduled months for the new FMC's formation and training for the 2018 IGFs as outlined in the yearly summary?,1.0,1,1.0,1.0,1.0,1.0,1.0,588.72
construction,baseline_clip,91,How are the components logically connected in the load structure depicted?,1.0,1,1.0,1.0,1.0,1.0,1.0,509.66
construction,baseline_clip,92,Which beam spread degrees are offered for different lighting fixtures as per technical details?,1.0,1,1.0,1.0,1.0,1.0,1.0,752.5
construction,baseline_clip,93,"How does the blending moments difference change in percentage when the pliantness parameter is 1.00, moving from point 4 to point 10?",1.0,1,1.0,1.0,1.0,1.0,1.0,677.31
construction,baseline_clip,94,"Which protective elements, like pedestrian barriers, are found in the New Carrollton station's layout plan?",3.0,2-5,0.0,1.0,1.0,0.3333333333333333,0.3333333333333333,497.48
construction,baseline_clip,95,"In the shear strength evaluation, what are the load ratio extremes and cycle counts for tests involving sinusoidal loading?",1.0,1,0.5,1.0,1.0,1.0,1.0,502.43
construction,baseline_clip,96,What are the differences in sensor pressure values between the configurations involving Pipe CD and Pipe DE?,1.0,1,1.0,1.0,1.0,1.0,1.0,482.69
construction,baseline_clip,97,What were the key points and topics discussed during the Vision Derby 2040 community meeting?,1.0,1,1.0,1.0,1.0,1.0,1.0,499.11
construction,baseline_clip,98,Which part in the KROLL GIANT CRANES setup is responsible for avoiding excessive load?,1.0,1,1.0,1.0,1.0,1.0,1.0,476.05
construction,baseline_clip,99,What checks should be performed for the chainsaw before each operation?,1.0,1,0.5,1.0,1.0,1.0,1.0,496.56
construction,baseline_ocr,0,Can you describe the features of the Hasselblad camera that were utilized in the UAV photogrammetry study detailed in the ISPRS journal?,4.0,2-5,0.0,0.5,0.5,0.25,0.25,373.85
construction,baseline_ocr,1,"According to section 33.654.130, what are the comments regarding existing and future public dead-ends and walking connections for the location?",,>10,0.0,0.0,0.0,0.0,0.0,1347.79
construction,baseline_ocr,2,Between which values do the signed vertical differences lie in the overlapping section of the pre-aligned DSM from 1977 and the DTM from 2001?,,>10,0.0,0.0,0.0,0.0,0.0,625.66
construction,baseline_ocr,3,"How do the actions 'Move Brick P.', 'Take Bricks', and 'Lab. Idle' proceed in the Simphony Designer simulation process?",,>10,0.0,0.0,0.0,0.0,0.0,275.38
construction,baseline_ocr,4,During which years in the early 21st century does Egremni Beach face erosion surpassing 1.50 meters annually?,,>10,0.0,0.0,0.0,0.0,0.0,370.88
construction,baseline_ocr,5,"For the analysis involving 544,410 equations in a multi-storey building, which technique exhibited the shortest processing duration among options like MPCG_AMIS?",,>10,0.0,0.0,0.0,0.0,0.0,976.96
construction,baseline_ocr,6,What findings emerged from the Vision Derby 2040 planning session held in September 2019?,,>10,0.0,0.0,0.0,0.0,0.0,301.75
construction,baseline_ocr,7,Identify the segments outlined in the Town of Peace River's Pats Creek Storm Water Mediation Project documentation.,3.0,2-5,0.0,0.25,0.25,0.3333333333333333,0.3333333333333333,314.62
construction,baseline_ocr,8,"What range of air content is specified for shotcrete mixtures aimed at enhancing initial strength, according to ASTM standards?",,>10,0.0,0.0,0.0,0.0,0.0,358.59
construction,baseline_ocr,9,"During tests involving sinusoidal loads on 26 gauge Type B panels, what were the peak load values when tested at a frequency of 0.25 cycles per second?",,>10,0.0,0.0,0.0,0.0,0.0,370.52
construction,baseline_ocr,10,What is the pollution index value for the emissions-compliant engine from Poulan?,,>10,0.0,0.0,0.0,0.0,0.0,918.31
construction,baseline_ocr,11,What effects does frequent foot traffic have on the surface and look of vinyl floors in busy locations?,,>10,0.0,0.0,0.0,0.0,0.0,1124.98
construction,baseline_ocr,12,"Which individuals were present at the February 27, 2018 meeting with the Department of Planning and Environment about changes to the local environmental plan?",,>10,0.0,0.0,0.0,0.0,0.0,299.58
construction,baseline_ocr,13,What reasons allow the planned project in the R2 area to satisfy the width criteria for individual homes?,,>10,0.0,0.0,0.0,0.0,0.0,295.25
construction,baseline_ocr,14,"In the study on wood engineering, which uses of LVL and PSL are outlined in specific global architectural sites such as a warehouse in Victoria, a stage entrance in Washington DC, and a school library in Australia?",,>10,0.0,0.0,0.0,0.0,0.0,284.11
construction,baseline_ocr,15,What changes are planned for the Colnbrook River in the development projects located south of Richings Park?,,>10,0.0,0.0,0.0,0.0,0.0,272.0
construction,baseline_ocr,16,What is the variation in time taken by the Block Lanczos (MFM) technique between the two computational models for analyzing different multi-storey buildings?,,>10,0.0,0.0,0.0,0.0,0.0,328.33
construction,baseline_ocr,17,How does the damped link function within the outrigger and core framework of the Two International Finance Centre's skyscraper?,,>10,0.0,0.0,0.0,0.0,0.0,385.62
construction,baseline_ocr,18,"What is the quality reduction when three-quarters of pavement lifespan have passed, as indicated by the PCI?",,>10,0.0,0.0,0.0,0.0,0.0,262.91
construction,baseline_ocr,19,Which type of window featuring curved upper sections is typical within Berwick's local architectural style?,,>10,0.0,0.0,0.0,0.0,0.0,790.34
construction,baseline_ocr,20,What caused the distinct seepage problems in the Peygham-Chay dam abutments based on their permeability characteristics?,,>10,0.0,0.0,0.0,0.0,0.0,849.51
construction,baseline_ocr,21,How is the scale defined for Dennis' design of the landscape at the Winn Residence?,,>10,0.0,0.0,0.0,0.0,0.0,1056.71
construction,baseline_ocr,22,"In what ways do the flexibility and fire resistance of RC, SRC, S, and CFT structural types differ?",,>10,0.0,0.0,0.0,0.0,0.0,539.67
construction,baseline_ocr,23,"During the National Night Out event related to Vision Derby's future plans, how were community members engaging with one another?",,>10,0.0,0.0,0.0,0.0,0.0,4204.35
construction,baseline_ocr,24,"In the context of the Constraint Bag Process Model, which loop type has the greatest 'ALTA' significance categorized under RED-RED?",,>10,0.0,0.0,0.0,0.0,0.0,419.99
construction,baseline_ocr,25,"Which areas are set aside for foot traffic and public transport in the New Carrollton layout, mentioning elements like the continuing Pedestrian Bridge and MARC Platform?",,>10,0.0,0.0,0.0,0.0,0.0,526.1
construction,baseline_ocr,26,Where in the Spire Indonesia report can information on what influences the lifespan of homes in Indonesia be located?,,>10,0.0,0.0,0.0,0.0,0.0,290.81
construction,baseline_ocr,27,Can you provide the size of the master sleeping area in the villa design detailed in Samaru Journal of Information Studies Vol. 7 (1) 2007?,,>10,0.0,0.0,0.0,0.0,0.0,352.23
construction,baseline_ocr,28,How many drainage hoses are included with the model CMB-P1010V-G1 as per the provided items?,,>10,0.0,0.0,0.0,0.0,0.0,331.67
construction,baseline_ocr,29,What is the difference in the walkability scores between Ward 28 and Ward 21 in Khulna City?,10.0,6-10,0.0,0.0,0.3333333333333333,0.1,0.1,1098.73
construction,baseline_ocr,30,What associations are covered by EFCA's European representation related to FIDIC?,,>10,0.0,0.0,0.0,0.0,0.0,365.2
construction,baseline_ocr,31,How is the size relationship defined for the 1/4 Section 2530 map concerning land utilization in Portland?,,>10,0.0,0.0,0.0,0.0,0.0,276.95
construction,baseline_ocr,32,How are IFC models linked with VIRTUOSO DYNAMIC ONTOLOGY within the BIM4EEB management framework?,,>10,0.0,0.0,0.0,0.0,0.0,321.38
construction,baseline_ocr,33,Can you provide the detailed measurements for the tank shells used in the computational analysis?,,>10,0.0,0.0,0.0,0.0,0.0,245.9
construction,baseline_ocr,34,Which conditions do not apply to the location at 1900 SW 4th Avenue regarding environmental and building hazards?,,>10,0.0,0.0,0.0,0.0,0.0,655.72
construction,baseline_ocr,35,How are the panels configured in a machine-made gabion as detailed in the ASTM specification?,,>10,0.0,0.0,0.0,0.0,0.0,461.74
construction,baseline_ocr,36,Who is tasked with guaranteeing emergency entry under the guidelines of Title 31 within the technical specifications summary?,6.0,6-10,0.0,0.0,0.5,0.16666666666666666,0.16666666666666666,1313.26
construction,baseline_ocr,37,Identify the reference details for the sewer consultation related to Greenside Recreation Fields submitted late December 2016.,,>10,0.0,0.0,0.0,0.0,0.0,303.32
construction,baseline_ocr,38,"In the comparative reference layout related to the RELUIS initiative, what are the specified characteristics of velocities, densities, and damping ratios for the distinct layers?",,>10,0.0,0.0,0.0,0.0,0.0,300.41
construction,baseline_ocr,39,How are the various slope characteristics designated from A to E in the geological survey of the ultrabasic rock region?,,>10,0.0,0.0,0.0,0.0,0.0,805.1
construction,baseline_ocr,40,What goals are set for evaluating the effectiveness of the shotcrete compositions within the described project parameters?,,>10,0.0,0.0,0.0,0.0,0.0,323.37
construction,baseline_ocr,41,What methods are used to assess polyurethane adhesive performance in steel and wood joint structures as outlined in Annex A?,,>10,0.0,0.0,0.0,0.0,0.0,469.0
construction,baseline_ocr,42,How do the cycle counts vary for different peak loads when testing panels secured with screws under dynamic conditions?,,>10,0.0,0.0,0.0,0.0,0.0,289.06
construction,baseline_ocr,43,"In shotcrete applications, how does the early compressive strength change when using a pozzolanic rheology control agent instead of silica fume, taking into account differences in surface area and particle dimensions?",,>10,0.0,0.0,0.0,0.0,0.0,288.64
construction,baseline_ocr,44,How have the employment figures and unemployment percentages shifted from mid-2018 to mid-2025 within the scope of transport and community services statistics?,,>10,0.0,0.0,0.0,0.0,0.0,602.79
construction,baseline_ocr,45,In what way does the configuration of the overload device pulley affect safety protocols during crane usage?,,>10,0.0,0.0,0.0,0.0,0.0,1449.13
construction,baseline_ocr,46,"Incorporating color image and color mask streams, what configuration reaches the minimal Euclidean distance under the medium rate of learning?",,>10,0.0,0.0,0.0,0.0,0.0,439.25
construction,baseline_ocr,47,"For a model with 544,410 equations on a Pentium III machine, what is the difference in computation time between the MPCG_AMIS and Block Lanczos methods?",,>10,0.0,0.0,0.0,0.0,0.0,258.15
construction,baseline_ocr,48,What symbol is used to illustrate the connection of StarNet's independent flooring groups in professional analyses?,,>10,0.0,0.0,0.0,0.0,0.0,541.37
construction,baseline_ocr,49,How does the rapid 1/8000s shutter speed of the Hasselblad drone camera enhance the detection of archaeological elements?,4.0,2-5,0.0,0.5,0.5,0.25,0.25,293.12
construction,baseline_ocr,50,Which technique and GIS software are linked to the Constraint-Quadratic method described by Wood in 1996 for calculating slopes?,,>10,0.0,0.0,0.0,0.0,0.0,249.35
construction,baseline_ocr,51,"In the 2021 study published in the ISPRS International Journal of Geo-Information, how accurate is the user’s detection of iron slag traces with SfM classification?",,>10,0.0,0.0,0.0,0.0,0.0,387.77
construction,baseline_ocr,52,How does the peak load change with varying screw end distances in connections involving steel sheathings?,,>10,0.0,0.0,0.0,0.0,0.0,350.21
construction,baseline_ocr,53,"In the context of the Midtown Santa Fe redevelopment, what objectives are prioritized for financial success and sustained value creation?",,>10,0.0,0.0,0.0,0.0,0.0,415.92
construction,baseline_ocr,54,What criteria does the Evenness assessment algorithm use to determine the status of line segments regarding their deviation limits?,,>10,0.0,0.0,0.0,0.0,0.0,256.2
construction,baseline_ocr,55,"In Portland's land evaluation process, how does the Bureau of Environmental Services contribute within the agency feedback segment?",,>10,0.0,0.0,0.0,0.0,0.0,449.81
construction,baseline_ocr,56,What is the location of the proposed replacement habitat in connection to the flood defense embankments near the hydropower plant at Brežice?,,>10,0.0,0.0,0.0,0.0,0.0,329.32
construction,baseline_ocr,57,"How do the job categories such as professionals, administrators, sales, and others compare in terms of very unsatisfactory workstation satisfaction levels?",,>10,0.0,0.0,0.0,0.0,0.0,313.92
construction,baseline_ocr,58,Which minerals predominantly make up the structure of granite according to the composition chart?,,>10,0.0,0.0,0.0,0.0,0.0,934.58
construction,baseline_ocr,59,"In the materials by Morley Glass & Glazing, what organization is associated with the Perfect Fit® roller blind?",,>10,0.0,0.0,0.0,0.0,0.0,267.11
construction,baseline_ocr,60,How does temperature variation affect the complex modulus of standard versus nano-enhanced bitumen according to the research?,,>10,0.0,0.0,0.0,0.0,0.0,517.14
construction,baseline_ocr,61,"In the analysis provided, what benefit is anticipated when SHM is not utilized after three decades?",9.0,6-10,0.0,0.0,1.0,0.1111111111111111,0.1111111111111111,416.55
construction,baseline_ocr,62,Identify the components and amounts in the proposed shotcrete mix that includes TYTRO® RC 430 as an additive.,,>10,0.0,0.0,0.0,0.0,0.0,561.27
construction,baseline_ocr,63,"What conclusions were drawn from the panel's February 27, 2018, inspection and discussions on the proposed lot division at 2 Inverary Drive, Kurmond?",,>10,0.0,0.0,0.0,0.0,0.0,1232.61
construction,baseline_ocr,64,What was the reason for failing to complete the submission of the 2017 Mid Term Evaluation Report to KfW?,,>10,0.0,0.0,0.0,0.0,0.0,719.62
construction,baseline_ocr,65,Which individual holds the position of Staff Engineer in the structural assessment documentation by Stork Twin City?,,>10,0.0,0.0,0.0,0.0,0.0,241.88
construction,baseline_ocr,66,Which machinery is usually employed to clear snow on River Street during December 2008 as depicted?,,>10,0.0,0.0,0.0,0.0,0.0,309.08
construction,baseline_ocr,67,"How do the components vary between the reference and proposed mixtures, where the latter incorporates a pozzolanic-based rheology control element, given a 0.46 w/c ratio?",,>10,0.0,0.0,0.0,0.0,0.0,314.89
construction,baseline_ocr,68,How are the rules defined in sections 33.654.130.B and 33.654.130.C concerning current and future dead-end street links?,,>10,0.0,0.0,0.0,0.0,0.0,281.57
construction,baseline_ocr,69,Can you list the roads scheduled for repair in the village's 2021 concrete program?,,>10,0.0,0.0,0.0,0.0,0.0,2032.44
construction,baseline_ocr,70,What specific guidelines and documents pertain to the flood plain and Building Code Title 24 within the proposal?,1.0,1,0.5,0.5,0.5,1.0,1.0,374.42
construction,baseline_ocr,71,"In the context of rubberised bitumen, what specifications and contaminant limits are set for crumb rubber?",,>10,0.0,0.0,0.0,0.0,0.0,248.72
construction,baseline_ocr,72,In what ways do the time history curves for nodal coordinates vary between dynamic and static conditions during the deployment of the CTS cable dome?,,>10,0.0,0.0,0.0,0.0,0.0,544.64
construction,baseline_ocr,73,How many nations are recipients of IntechOpen's distributed publications?,,>10,0.0,0.0,0.0,0.0,0.0,352.51
construction,baseline_ocr,74,In what manner do attendees engage with the displayed materials at the Vision Derby 2040 community event?,,>10,0.0,0.0,0.0,0.0,0.0,295.55
construction,baseline_ocr,75,"Based on the RF classifier's confusion matrix, what is the count of TH construction types that were correctly identified?",,>10,0.0,0.0,0.0,0.0,0.0,253.83
construction,baseline_ocr,76,"In Fig. A1, what size is the rubber component utilized in assembling the specimen for prolonged stress evaluation?",,>10,0.0,0.0,0.0,0.0,0.0,417.91
construction,baseline_ocr,77,How did the erosion and accretion trends differ in the northern and southern parts of the Gialos shoreline from 1945 to 1972 compared to 1972 to 2000?,,>10,0.0,0.0,0.0,0.0,0.0,777.24
construction,baseline_ocr,78,What were the trends in employment and unemployment rates from mid-2020 to mid-2023 based on the dataset spanning from mid-2018 to mid-2025?,,>10,0.0,0.0,0.0,0.0,0.0,304.39
construction,baseline_ocr,79,For what reason was a scale of 1 inch equals 200 feet chosen for the design of Section 3825 in project LU 08-109725 LDP?,2.0,2-5,0.0,0.2,0.2,0.5,0.5,252.27
construction,baseline_ocr,80,Can you identify the criteria from the code chapters that do not apply because of the site's characteristics and proposal details?,,>10,0.0,0.0,0.0,0.0,0.0,229.29
construction,baseline_ocr,81,What effect do changes in stud thickness and screw diameter have on the shear strength of screw connections as per the modeling outcomes?,,>10,0.0,0.0,0.0,0.0,0.0,574.18
construction,baseline_ocr,82,Identify the person acting as the representative for the subdivision project located at 13035 NE Oregon Street.,5.0,2-5,0.0,1.0,1.0,0.2,0.2,327.13
construction,baseline_ocr,83,"How much is the projected expense for the 2008 PG Plaza Midblock Crossing initiative, and which activities contribute to this amount?",,>10,0.0,0.0,0.0,0.0,0.0,817.35
construction,baseline_ocr,84,"During the May 3, 2021 Limestone County Commission meeting, to which entity was the SMART Board with serial SBB885-M2-B002848 assigned?",,>10,0.0,0.0,0.0,0.0,0.0,1154.79
construction,baseline_ocr,85,Which documents comprise the applicant's declaration in the land use review from the year 2104?,,>10,0.0,0.0,0.0,0.0,0.0,300.61
construction,baseline_ocr,86,"In the context of the BIM4EEB Project, how does the ontology within the BIM management system enable connections between resources and entities?",,>10,0.0,0.0,0.0,0.0,0.0,458.22
construction,baseline_ocr,87,"How do the predicted construction types compare with the reference categories in terms of misclassification rates for S-DH, TH, and MFH?",,>10,0.0,0.0,0.0,0.0,0.0,339.04
construction,baseline_ocr,88,How does the activity of Montmorillonite differ from Illite in the clay samples from Glee Geunteng hill?,7.0,6-10,0.0,0.0,0.5,0.14285714285714285,0.14285714285714285,362.32
construction,baseline_ocr,89,Which construction techniques or materials are identified for building a gravity oil-grit separator that includes a precast iron frame?,,>10,0.0,0.0,0.0,0.0,0.0,256.16
construction,baseline_ocr,90,What were the scheduled months for the new FMC's formation and training for the 2018 IGFs as outlined in the yearly summary?,,>10,0.0,0.0,0.0,0.0,0.0,256.26
construction,baseline_ocr,91,How are the components logically connected in the load structure depicted?,,>10,0.0,0.0,0.0,0.0,0.0,3497.34
construction,baseline_ocr,92,Which beam spread degrees are offered for different lighting fixtures as per technical details?,,>10,0.0,0.0,0.0,0.0,0.0,359.12
construction,baseline_ocr,93,"How does the blending moments difference change in percentage when the pliantness parameter is 1.00, moving from point 4 to point 10?",,>10,0.0,0.0,0.0,0.0,0.0,510.84
construction,baseline_ocr,94,"Which protective elements, like pedestrian barriers, are found in the New Carrollton station's layout plan?",8.0,6-10,0.0,0.0,1.0,0.125,0.125,286.2
construction,baseline_ocr,95,"In the shear strength evaluation, what are the load ratio extremes and cycle counts for tests involving sinusoidal loading?",,>10,0.0,0.0,0.0,0.0,0.0,1171.9
construction,baseline_ocr,96,What are the differences in sensor pressure values between the configurations involving Pipe CD and Pipe DE?,,>10,0.0,0.0,0.0,0.0,0.0,320.05
construction,baseline_ocr,97,What were the key points and topics discussed during the Vision Derby 2040 community meeting?,,>10,0.0,0.0,0.0,0.0,0.0,2871.06
construction,baseline_ocr,98,Which part in the KROLL GIANT CRANES setup is responsible for avoiding excessive load?,,>10,0.0,0.0,0.0,0.0,0.0,472.76
construction,baseline_ocr,99,What checks should be performed for the chainsaw before each operation?,,>10,0.0,0.0,0.0,0.0,0.0,435.09
construction,proposed,0,Can you describe the features of the Hasselblad camera that were utilized in the UAV photogrammetry study detailed in the ISPRS journal?,1.0,1,0.5,1.0,1.0,1.0,0.7,1895.86
construction,proposed,1,"According to section 33.654.130, what are the comments regarding existing and future public dead-ends and walking connections for the location?",5.0,2-5,0.0,1.0,1.0,0.2,0.2,376.36
construction,proposed,2,Between which values do the signed vertical differences lie in the overlapping section of the pre-aligned DSM from 1977 and the DTM from 2001?,1.0,1,1.0,1.0,1.0,1.0,1.0,510.89
construction,proposed,3,"How do the actions 'Move Brick P.', 'Take Bricks', and 'Lab. Idle' proceed in the Simphony Designer simulation process?",1.0,1,1.0,1.0,1.0,1.0,1.0,407.4
construction,proposed,4,During which years in the early 21st century does Egremni Beach face erosion surpassing 1.50 meters annually?,2.0,2-5,0.0,1.0,1.0,0.5,0.5,345.71
construction,proposed,5,"For the analysis involving 544,410 equations in a multi-storey building, which technique exhibited the shortest processing duration among options like MPCG_AMIS?",1.0,1,0.5,1.0,1.0,1.0,1.0,336.17
construction,proposed,6,What findings emerged from the Vision Derby 2040 planning session held in September 2019?,1.0,1,1.0,1.0,1.0,1.0,1.0,446.94
construction,proposed,7,Identify the segments outlined in the Town of Peace River's Pats Creek Storm Water Mediation Project documentation.,1.0,1,0.25,1.0,1.0,1.0,1.0,311.43
construction,proposed,8,"What range of air content is specified for shotcrete mixtures aimed at enhancing initial strength, according to ASTM standards?",1.0,1,0.5,1.0,1.0,1.0,0.7,279.72
construction,proposed,9,"During tests involving sinusoidal loads on 26 gauge Type B panels, what were the peak load values when tested at a frequency of 0.25 cycles per second?",1.0,1,0.5,1.0,1.0,1.0,1.0,287.92
construction,proposed,10,What is the pollution index value for the emissions-compliant engine from Poulan?,1.0,1,1.0,1.0,1.0,1.0,1.0,306.58
construction,proposed,11,What effects does frequent foot traffic have on the surface and look of vinyl floors in busy locations?,2.0,2-5,0.0,1.0,1.0,0.5,0.5,358.57
construction,proposed,12,"Which individuals were present at the February 27, 2018 meeting with the Department of Planning and Environment about changes to the local environmental plan?",1.0,1,0.3333333333333333,1.0,1.0,1.0,0.9166666666666666,301.48
construction,proposed,13,What reasons allow the planned project in the R2 area to satisfy the width criteria for individual homes?,1.0,1,1.0,1.0,1.0,1.0,1.0,300.42
construction,proposed,14,"In the study on wood engineering, which uses of LVL and PSL are outlined in specific global architectural sites such as a warehouse in Victoria, a stage entrance in Washington DC, and a school library in Australia?",1.0,1,0.3333333333333333,1.0,1.0,1.0,1.0,1480.86
construction,proposed,15,What changes are planned for the Colnbrook River in the development projects located south of Richings Park?,1.0,1,1.0,1.0,1.0,1.0,1.0,369.09
construction,proposed,16,What is the variation in time taken by the Block Lanczos (MFM) technique between the two computational models for analyzing different multi-storey buildings?,1.0,1,0.5,1.0,1.0,1.0,1.0,324.5
construction,proposed,17,How does the damped link function within the outrigger and core framework of the Two International Finance Centre's skyscraper?,1.0,1,1.0,1.0,1.0,1.0,1.0,2007.65
construction,proposed,18,"What is the quality reduction when three-quarters of pavement lifespan have passed, as indicated by the PCI?",1.0,1,1.0,1.0,1.0,1.0,1.0,411.08
construction,proposed,19,Which type of window featuring curved upper sections is typical within Berwick's local architectural style?,1.0,1,0.5,1.0,1.0,1.0,1.0,294.21
construction,proposed,20,What caused the distinct seepage problems in the Peygham-Chay dam abutments based on their permeability characteristics?,1.0,1,0.25,1.0,1.0,1.0,1.0,350.92
construction,proposed,21,How is the scale defined for Dennis' design of the landscape at the Winn Residence?,1.0,1,0.5,0.5,1.0,1.0,0.6666666666666666,271.54
construction,proposed,22,"In what ways do the flexibility and fire resistance of RC, SRC, S, and CFT structural types differ?",1.0,1,1.0,1.0,1.0,1.0,1.0,270.41
construction,proposed,23,"During the National Night Out event related to Vision Derby's future plans, how were community members engaging with one another?",1.0,1,1.0,1.0,1.0,1.0,1.0,387.86
construction,proposed,24,"In the context of the Constraint Bag Process Model, which loop type has the greatest 'ALTA' significance categorized under RED-RED?",1.0,1,1.0,1.0,1.0,1.0,1.0,342.11
construction,proposed,25,"Which areas are set aside for foot traffic and public transport in the New Carrollton layout, mentioning elements like the continuing Pedestrian Bridge and MARC Platform?",1.0,1,1.0,1.0,1.0,1.0,1.0,354.41
construction,proposed,26,Where in the Spire Indonesia report can information on what influences the lifespan of homes in Indonesia be located?,1.0,1,0.3333333333333333,0.6666666666666666,0.6666666666666666,1.0,1.0,311.66
construction,proposed,27,Can you provide the size of the master sleeping area in the villa design detailed in Samaru Journal of Information Studies Vol. 7 (1) 2007?,1.0,1,1.0,1.0,1.0,1.0,1.0,427.65
construction,proposed,28,How many drainage hoses are included with the model CMB-P1010V-G1 as per the provided items?,1.0,1,1.0,1.0,1.0,1.0,1.0,270.87
construction,proposed,29,What is the difference in the walkability scores between Ward 28 and Ward 21 in Khulna City?,1.0,1,0.3333333333333333,1.0,1.0,1.0,1.0,408.98
construction,proposed,30,What associations are covered by EFCA's European representation related to FIDIC?,1.0,1,1.0,1.0,1.0,1.0,1.0,340.78
construction,proposed,31,How is the size relationship defined for the 1/4 Section 2530 map concerning land utilization in Portland?,5.0,2-5,0.0,0.5,1.0,0.2,0.2,272.68
construction,proposed,32,How are IFC models linked with VIRTUOSO DYNAMIC ONTOLOGY within the BIM4EEB management framework?,1.0,1,1.0,1.0,1.0,1.0,1.0,628.0
construction,proposed,33,Can you provide the detailed measurements for the tank shells used in the computational analysis?,1.0,1,0.5,1.0,1.0,1.0,1.0,386.66
construction,proposed,34,Which conditions do not apply to the location at 1900 SW 4th Avenue regarding environmental and building hazards?,1.0,1,0.5,1.0,1.0,1.0,1.0,271.8
construction,proposed,35,How are the panels configured in a machine-made gabion as detailed in the ASTM specification?,1.0,1,1.0,1.0,1.0,1.0,1.0,257.69
construction,proposed,36,Who is tasked with guaranteeing emergency entry under the guidelines of Title 31 within the technical specifications summary?,2.0,2-5,0.0,0.5,0.5,0.5,0.5,364.87
construction,proposed,37,Identify the reference details for the sewer consultation related to Greenside Recreation Fields submitted late December 2016.,1.0,1,0.5,1.0,1.0,1.0,1.0,361.49
construction,proposed,38,"In the comparative reference layout related to the RELUIS initiative, what are the specified characteristics of velocities, densities, and damping ratios for the distinct layers?",1.0,1,1.0,1.0,1.0,1.0,1.0,383.37
construction,proposed,39,How are the various slope characteristics designated from A to E in the geological survey of the ultrabasic rock region?,1.0,1,1.0,1.0,1.0,1.0,1.0,461.16
construction,proposed,40,What goals are set for evaluating the effectiveness of the shotcrete compositions within the described project parameters?,1.0,1,0.5,1.0,1.0,1.0,0.75,334.05
construction,proposed,41,What methods are used to assess polyurethane adhesive performance in steel and wood joint structures as outlined in Annex A?,2.0,2-5,0.0,1.0,1.0,0.5,0.5,302.21
construction,proposed,42,How do the cycle counts vary for different peak loads when testing panels secured with screws under dynamic conditions?,1.0,1,0.5,1.0,1.0,1.0,1.0,313.01
construction,proposed,43,"In shotcrete applications, how does the early compressive strength change when using a pozzolanic rheology control agent instead of silica fume, taking into account differences in surface area and particle dimensions?",1.0,1,0.25,1.0,1.0,1.0,0.8875,449.22
construction,proposed,44,How have the employment figures and unemployment percentages shifted from mid-2018 to mid-2025 within the scope of transport and community services statistics?,1.0,1,1.0,1.0,1.0,1.0,1.0,335.63
construction,proposed,45,In what way does the configuration of the overload device pulley affect safety protocols during crane usage?,1.0,1,1.0,1.0,1.0,1.0,1.0,301.27
construction,proposed,46,"Incorporating color image and color mask streams, what configuration reaches the minimal Euclidean distance under the medium rate of learning?",1.0,1,0.25,1.0,1.0,1.0,1.0,355.87
construction,proposed,47,"For a model with 544,410 equations on a Pentium III machine, what is the difference in computation time between the MPCG_AMIS and Block Lanczos methods?",1.0,1,1.0,1.0,1.0,1.0,1.0,301.57
construction,proposed,48,What symbol is used to illustrate the connection of StarNet's independent flooring groups in professional analyses?,1.0,1,1.0,1.0,1.0,1.0,1.0,355.84
construction,proposed,49,How does the rapid 1/8000s shutter speed of the Hasselblad drone camera enhance the detection of archaeological elements?,1.0,1,0.5,1.0,1.0,1.0,0.8333333333333333,257.07
construction,proposed,50,Which technique and GIS software are linked to the Constraint-Quadratic method described by Wood in 1996 for calculating slopes?,1.0,1,0.5,1.0,1.0,1.0,1.0,327.58
construction,proposed,51,"In the 2021 study published in the ISPRS International Journal of Geo-Information, how accurate is the user’s detection of iron slag traces with SfM classification?",1.0,1,1.0,1.0,1.0,1.0,1.0,302.42
construction,proposed,52,How does the peak load change with varying screw end distances in connections involving steel sheathings?,2.0,2-5,0.0,1.0,1.0,0.5,0.5,287.55
construction,proposed,53,"In the context of the Midtown Santa Fe redevelopment, what objectives are prioritized for financial success and sustained value creation?",1.0,1,0.1111111111111111,0.5555555555555556,0.6666666666666666,1.0,0.9583333333333334,281.67
construction,proposed,54,What criteria does the Evenness assessment algorithm use to determine the status of line segments regarding their deviation limits?,1.0,1,1.0,1.0,1.0,1.0,1.0,384.47
construction,proposed,55,"In Portland's land evaluation process, how does the Bureau of Environmental Services contribute within the agency feedback segment?",2.0,2-5,0.0,0.5,0.5,0.5,0.5,609.41
construction,proposed,56,What is the location of the proposed replacement habitat in connection to the flood defense embankments near the hydropower plant at Brežice?,1.0,1,1.0,1.0,1.0,1.0,1.0,631.68
construction,proposed,57,"How do the job categories such as professionals, administrators, sales, and others compare in terms of very unsatisfactory workstation satisfaction levels?",1.0,1,1.0,1.0,1.0,1.0,1.0,347.82
construction,proposed,58,Which minerals predominantly make up the structure of granite according to the composition chart?,1.0,1,1.0,1.0,1.0,1.0,1.0,287.61
construction,proposed,59,"In the materials by Morley Glass & Glazing, what organization is associated with the Perfect Fit® roller blind?",1.0,1,1.0,1.0,1.0,1.0,1.0,873.2
construction,proposed,60,How does temperature variation affect the complex modulus of standard versus nano-enhanced bitumen according to the research?,1.0,1,1.0,1.0,1.0,1.0,1.0,304.96
construction,proposed,61,"In the analysis provided, what benefit is anticipated when SHM is not utilized after three decades?",1.0,1,1.0,1.0,1.0,1.0,1.0,718.26
construction,proposed,62,Identify the components and amounts in the proposed shotcrete mix that includes TYTRO® RC 430 as an additive.,1.0,1,0.5,1.0,1.0,1.0,0.75,493.27
construction,proposed,63,"What conclusions were drawn from the panel's February 27, 2018, inspection and discussions on the proposed lot division at 2 Inverary Drive, Kurmond?",1.0,1,0.3333333333333333,0.6666666666666666,0.6666666666666666,1.0,1.0,1426.13
construction,proposed,64,What was the reason for failing to complete the submission of the 2017 Mid Term Evaluation Report to KfW?,1.0,1,1.0,1.0,1.0,1.0,1.0,424.62
construction,proposed,65,Which individual holds the position of Staff Engineer in the structural assessment documentation by Stork Twin City?,1.0,1,1.0,1.0,1.0,1.0,1.0,328.63
construction,proposed,66,Which machinery is usually employed to clear snow on River Street during December 2008 as depicted?,1.0,1,1.0,1.0,1.0,1.0,1.0,277.18
construction,proposed,67,"How do the components vary between the reference and proposed mixtures, where the latter incorporates a pozzolanic-based rheology control element, given a 0.46 w/c ratio?",2.0,2-5,0.0,0.5,1.0,0.5,0.375,1140.16
construction,proposed,68,How are the rules defined in sections 33.654.130.B and 33.654.130.C concerning current and future dead-end street links?,2.0,2-5,0.0,1.0,1.0,0.5,0.5,286.0
construction,proposed,69,Can you list the roads scheduled for repair in the village's 2021 concrete program?,1.0,1,1.0,1.0,1.0,1.0,1.0,316.37
construction,proposed,70,What specific guidelines and documents pertain to the flood plain and Building Code Title 24 within the proposal?,6.0,6-10,0.0,0.0,1.0,0.16666666666666666,0.19444444444444442,1597.1
construction,proposed,71,"In the context of rubberised bitumen, what specifications and contaminant limits are set for crumb rubber?",1.0,1,1.0,1.0,1.0,1.0,1.0,491.7
construction,proposed,72,In what ways do the time history curves for nodal coordinates vary between dynamic and static conditions during the deployment of the CTS cable dome?,,>10,0.0,0.0,0.0,0.0,0.0,1607.86
construction,proposed,73,How many nations are recipients of IntechOpen's distributed publications?,1.0,1,1.0,1.0,1.0,1.0,1.0,379.03
construction,proposed,74,In what manner do attendees engage with the displayed materials at the Vision Derby 2040 community event?,1.0,1,1.0,1.0,1.0,1.0,1.0,1002.46
construction,proposed,75,"Based on the RF classifier's confusion matrix, what is the count of TH construction types that were correctly identified?",1.0,1,0.3333333333333333,0.6666666666666666,1.0,1.0,0.8333333333333334,604.87
construction,proposed,76,"In Fig. A1, what size is the rubber component utilized in assembling the specimen for prolonged stress evaluation?",1.0,1,1.0,1.0,1.0,1.0,1.0,255.37
construction,proposed,77,How did the erosion and accretion trends differ in the northern and southern parts of the Gialos shoreline from 1945 to 1972 compared to 1972 to 2000?,1.0,1,1.0,1.0,1.0,1.0,1.0,341.02
construction,proposed,78,What were the trends in employment and unemployment rates from mid-2020 to mid-2023 based on the dataset spanning from mid-2018 to mid-2025?,1.0,1,1.0,1.0,1.0,1.0,1.0,327.52
construction,proposed,79,For what reason was a scale of 1 inch equals 200 feet chosen for the design of Section 3825 in project LU 08-109725 LDP?,2.0,2-5,0.0,0.2,0.4,0.5,0.41666666666666663,257.64
construction,proposed,80,Can you identify the criteria from the code chapters that do not apply because of the site's characteristics and proposal details?,4.0,2-5,0.0,0.5,0.5,0.25,0.25,441.43
construction,proposed,81,What effect do changes in stud thickness and screw diameter have on the shear strength of screw connections as per the modeling outcomes?,1.0,1,0.2,0.8,1.0,1.0,0.9428571428571428,277.47
construction,proposed,82,Identify the person acting as the representative for the subdivision project located at 13035 NE Oregon Street.,1.0,1,1.0,1.0,1.0,1.0,1.0,304.4
construction,proposed,83,"How much is the projected expense for the 2008 PG Plaza Midblock Crossing initiative, and which activities contribute to this amount?",1.0,1,0.25,0.75,0.75,1.0,0.9166666666666666,297.98
construction,proposed,84,"During the May 3, 2021 Limestone County Commission meeting, to which entity was the SMART Board with serial SBB885-M2-B002848 assigned?",1.0,1,1.0,1.0,1.0,1.0,1.0,301.45
construction,proposed,85,Which documents comprise the applicant's declaration in the land use review from the year 2104?,5.0,2-5,0.0,0.5,0.5,0.2,0.2,1510.64
construction,proposed,86,"In the context of the BIM4EEB Project, how does the ontology within the BIM management system enable connections between resources and entities?",1.0,1,1.0,1.0,1.0,1.0,1.0,1479.9
construction,proposed,87,"How do the predicted construction types compare with the reference categories in terms of misclassification rates for S-DH, TH, and MFH?",1.0,1,0.3333333333333333,1.0,1.0,1.0,0.8666666666666667,265.49
construction,proposed,88,How does the activity of Montmorillonite differ from Illite in the clay samples from Glee Geunteng hill?,1.0,1,0.5,1.0,1.0,1.0,1.0,262.33
construction,proposed,89,Which construction techniques or materials are identified for building a gravity oil-grit separator that includes a precast iron frame?,1.0,1,1.0,1.0,1.0,1.0,1.0,778.41
construction,proposed,90,What were the scheduled months for the new FMC's formation and training for the 2018 IGFs as outlined in the yearly summary?,1.0,1,1.0,1.0,1.0,1.0,1.0,296.58
construction,proposed,91,How are the components logically connected in the load structure depicted?,1.0,1,1.0,1.0,1.0,1.0,1.0,302.41
construction,proposed,92,Which beam spread degrees are offered for different lighting fixtures as per technical details?,1.0,1,1.0,1.0,1.0,1.0,1.0,277.89
construction,proposed,93,"How does the blending moments difference change in percentage when the pliantness parameter is 1.00, moving from point 4 to point 10?",1.0,1,1.0,1.0,1.0,1.0,1.0,486.41
construction,proposed,94,"Which protective elements, like pedestrian barriers, are found in the New Carrollton station's layout plan?",2.0,2-5,0.0,1.0,1.0,0.5,0.5,318.83
construction,proposed,95,"In the shear strength evaluation, what are the load ratio extremes and cycle counts for tests involving sinusoidal loading?",1.0,1,0.5,1.0,1.0,1.0,1.0,320.56
construction,proposed,96,What are the differences in sensor pressure values between the configurations involving Pipe CD and Pipe DE?,1.0,1,1.0,1.0,1.0,1.0,1.0,523.71
construction,proposed,97,What were the key points and topics discussed during the Vision Derby 2040 community meeting?,1.0,1,1.0,1.0,1.0,1.0,1.0,800.49
construction,proposed,98,Which part in the KROLL GIANT CRANES setup is responsible for avoiding excessive load?,1.0,1,1.0,1.0,1.0,1.0,1.0,515.96
construction,proposed,99,What checks should be performed for the chainsaw before each operation?,1.0,1,0.5,1.0,1.0,1.0,1.0,342.77
crm,baseline_clip,0,During which hours and at which locations can used beverage containers be left at the BOAA's collection event?,1.0,1,1.0,1.0,1.0,1.0,1.0,1317.39
crm,baseline_clip,1,How effective is Automize's latest service portal application in terms of automation success with ServiceNow?,1.0,1,1.0,1.0,1.0,1.0,1.0,1405.06
crm,baseline_clip,2,Which types of insurance associated with life risk are organized by Futuro?,1.0,1,1.0,1.0,1.0,1.0,1.0,749.06
crm,baseline_clip,3,"In the CTM system, what are the current status and deadline for the task labeled 'check availability: semifinished goods'?",1.0,1,1.0,1.0,1.0,1.0,1.0,499.76
crm,baseline_clip,4,"According to the quick guide, what key functionalities are highlighted for the Avaya 3720 DECT Telephone?",1.0,1,0.14285714285714285,0.7142857142857143,1.0,1.0,1.0,490.27
crm,baseline_clip,5,What prompted Citizens to seek revised pricing for First Notice of Loss and basic support calls amidst current market fluctuations?,1.0,1,0.3333333333333333,1.0,1.0,1.0,1.0,543.2
crm,baseline_clip,6,How do spam filters' (1-ROCA)% values distribute according to the patterns observed in the 2005 TREC evaluation?,1.0,1,1.0,1.0,1.0,1.0,1.0,677.15
crm,baseline_clip,7,"What shifts occurred in the Canadian financial resilience index from early 2020 to early 2021, and how did this affect the emotional state of financially at-risk groups?",1.0,1,0.25,1.0,1.0,1.0,1.0,493.94
crm,baseline_clip,8,Which issues and error explanations are specified in the CC408 user manual by Bosch Security Systems?,1.0,1,0.25,1.0,1.0,1.0,1.0,490.44
crm,baseline_clip,9,"How does the COVID-19 Safety Marshal ensure the implementation of Aligned Leisure's protocols, specifically regarding the arrangement of worker groups to prevent overlap?",1.0,1,0.5,1.0,1.0,1.0,1.0,489.37
crm,baseline_clip,10,On what day did Calero's analytics indicate the highest number of calls?,1.0,1,1.0,1.0,1.0,1.0,1.0,490.94
crm,baseline_clip,11,What are the prior requirements needed for the Animal Science and Coin Collecting badges before the sessions?,1.0,1,0.25,1.0,1.0,1.0,0.95,491.67
crm,baseline_clip,12,In what ways do the intended audiences of the APHIS initiative contrast with those targeted by the World Bank project?,1.0,1,1.0,1.0,1.0,1.0,1.0,496.61
crm,baseline_clip,13,"In the Dependable and Secure Computing document, what is the percentage of users who refused the 'Publish to Stream' option in the Firefox add-on?",1.0,1,1.0,1.0,1.0,1.0,1.0,490.15
crm,baseline_clip,14,How does the highest level of concurrency vary in the BPMN process for hiring employees?,2.0,2-5,0.0,1.0,1.0,0.5,0.5,489.41
crm,baseline_clip,15,"How did households identified as 'Extremely Vulnerable' adjust their behaviors amidst the pandemic, and what was the impact on their financial resilience ratings in 2020?",1.0,1,0.25,1.0,1.0,1.0,1.0,492.94
crm,baseline_clip,16,Where can you find the segment that deals with resolving device issues?,4.0,2-5,0.0,0.125,0.125,0.25,0.25,494.41
crm,baseline_clip,17,How is the process of Design Thinking structured as outlined in Müller-Roterberg's guide?,1.0,1,0.5,1.0,1.0,1.0,1.0,491.55
crm,baseline_clip,18,"Can you detail the sequence of actions for the 'order set items' task instance initiated on February 25, 2008, with the identifier 2008-02-25_11:04:25_+01:00_md:83?",,>10,0.0,0.0,0.0,0.0,0.0,609.19
crm,baseline_clip,19,How many upvotes did the Reddit post receive regarding the request for a girlfriend to limit her wide smile in pictures?,1.0,1,1.0,1.0,1.0,1.0,1.0,493.39
crm,baseline_clip,20,"In the MaxCS 9.0.1 release, how many characters are required at minimum for a password to access the lock extension?",1.0,1,1.0,1.0,1.0,1.0,1.0,491.66
crm,baseline_clip,21,In what way does LA Express Park employ data from numerous smart meters to guide its parking services?,1.0,1,1.0,1.0,1.0,1.0,1.0,490.22
crm,baseline_clip,22,"On June 30, 2015, what directories could be retrieved using the Barracuda Cloud-to-Cloud service?",1.0,1,0.5,1.0,1.0,1.0,1.0,496.16
crm,baseline_clip,23,What methods are used to evaluate client requirements in advisory services for both life insurance and accident and sickness insurance?,1.0,1,0.3333333333333333,1.0,1.0,1.0,1.0,482.62
crm,baseline_clip,24,In what ways does adopting an automation-driven modular content approach enhance supply chain efficiency and marketing strategies in healthcare?,1.0,1,0.25,1.0,1.0,1.0,1.0,623.12
crm,baseline_clip,25,"In the Hotmail study, what fraction of the users possessing profiles make up the candidate group?",1.0,1,1.0,1.0,1.0,1.0,1.0,484.55
crm,baseline_clip,26,"How did the tourism revenue growth rate in Kenya evolve between 1998 and 2011, based on data from the Kenya National Bureau of Statistics?",1.0,1,1.0,1.0,1.0,1.0,1.0,500.5
crm,baseline_clip,27,In what way does the connection of cognitive capabilities and machine learning elements influence the functioning of reporting interfaces in the cloud architecture discussed?,1.0,1,1.0,1.0,1.0,1.0,1.0,489.86
crm,baseline_clip,28,What was the alteration in overall operating expenses for GreenTree Hospitality Group Ltd. from the end of March 2019 to the end of March 2020 as detailed in their financial results?,1.0,1,0.25,0.75,1.0,1.0,0.7986111111111112,488.03
crm,baseline_clip,29,Which state's emblem in Australia prominently includes a black swan?,1.0,1,1.0,1.0,1.0,1.0,1.0,490.94
crm,baseline_clip,30,What is the difference in linguistic variety between the original and CoCo-generated test datasets based on distinct n-gram measurements?,1.0,1,0.3333333333333333,1.0,1.0,1.0,0.9166666666666666,491.32
crm,baseline_clip,31,What neural components are identified in the Change Quest™ Model as part of the transformation process?,1.0,1,1.0,1.0,1.0,1.0,1.0,500.11
crm,baseline_clip,32,"In the database example, how do the employee start dates for Marketing differ from those in Shipping?",1.0,1,1.0,1.0,1.0,1.0,1.0,480.73
crm,baseline_clip,33,What fraction of participants expressed full satisfaction regarding adherence to the course syllabus?,1.0,1,0.5,1.0,1.0,1.0,1.0,505.13
crm,baseline_clip,34,What is the name of the Sentosa SG50 deal featuring both the Butterfly Park & Insect Kingdom and a one-hour Gogreen Bi-Pedal Bicycle experience?,1.0,1,1.0,1.0,1.0,1.0,1.0,481.85
crm,baseline_clip,35,Could you provide the current state and completion percentage for the task identified by 2008-02-25_11:04:25_+01:00_md:83 within the workflow history?,1.0,1,1.0,1.0,1.0,1.0,1.0,496.23
crm,baseline_clip,36,What are the suggested enhancements for guest experiences at the Wine Dine Macau event?,1.0,1,1.0,1.0,1.0,1.0,1.0,492.53
crm,baseline_clip,37,What connector links a computer to a LAN of the Ethernet variety?,1.0,1,0.3333333333333333,0.6666666666666666,0.6666666666666666,1.0,1.0,487.18
crm,baseline_clip,38,"Which social networks are commonly utilized by charitable organizations for their digital strategy enhancements, based on 2019 trends?",5.0,2-5,0.0,1.0,1.0,0.2,0.2,494.74
crm,baseline_clip,39,What is the reason for the nursery's improved cleaning routine for its furnishings and playthings?,1.0,1,0.3333333333333333,1.0,1.0,1.0,1.0,491.15
crm,baseline_clip,40,What challenges might be encountered with deploying MobilePBX™ through group policy and how can these be addressed?,1.0,1,0.16666666666666666,0.8333333333333334,1.0,1.0,1.0,492.92
crm,baseline_clip,41,Can you list the step-by-step tasks outlined in version 4 of the BPMN for recruiting a new staff member?,1.0,1,0.5,1.0,1.0,1.0,1.0,484.75
crm,baseline_clip,42,Identify the earliest job commencement linked to department ID=20.,1.0,1,1.0,1.0,1.0,1.0,1.0,496.55
crm,baseline_clip,43,"In Coombs' 2007b SCCT model, what effect does assigning 'crisis responsibility' have on the perception of an organization's reputation?",1.0,1,1.0,1.0,1.0,1.0,1.0,490.27
crm,baseline_clip,44,What are the differences in latency from NYC to other areas within the DirectCLOUD infrastructure based on service metrics?,1.0,1,0.5,1.0,1.0,1.0,1.0,510.01
crm,baseline_clip,45,"What are the variations in calculating coverage and premiums for accident and sickness insurance versus life insurance, taking into account client requirements and suggested plans?",1.0,1,0.3333333333333333,1.0,1.0,1.0,1.0,489.36
crm,baseline_clip,46,"How do the authoring-centered and automation-centered strategies for modular content differ in the healthcare sector, especially regarding their effects on the transformation of the content supply chain from manual to automated processes?",1.0,1,0.25,1.0,1.0,1.0,1.0,471.85
crm,baseline_clip,47,How much time does it take to process visa applications in the hiring workflow described using BPMN?,2.0,2-5,0.0,1.0,1.0,0.5,0.5,493.65
crm,baseline_clip,48,Which certification concerning HR practices is highlighted in the guidance created by the Local Government Association and the Improvement and Development Agency?,1.0,1,1.0,1.0,1.0,1.0,1.0,489.17
crm,baseline_clip,49,"During a security breach in a smart home setup with a video camera, where does the infection originate according to the Mirai botnet example?",1.0,1,1.0,1.0,1.0,1.0,1.0,495.35
crm,baseline_clip,50,"How does the Bosch codepad communicate through sounds, and what do these sounds signify?",3.0,2-5,0.0,0.5,0.5,0.3333333333333333,0.3333333333333333,486.34
crm,baseline_clip,51,How does 'P-tracking' function within the World Bank’s Social Observatory initiative in Tamil Nadu?,1.0,1,1.0,1.0,1.0,1.0,1.0,494.72
crm,baseline_clip,52,"Can you detail the planned activities for the Iowa UPMA State Convention on April 23, 2021, at Mercy/Winslow?",1.0,1,0.25,1.0,1.0,1.0,1.0,487.66
crm,baseline_clip,53,How much of the REGIONS table is covered in the context of the Query Aware Shrink tool's data reduction?,1.0,1,1.0,1.0,1.0,1.0,1.0,502.0
crm,baseline_clip,54,"What influence did changes in SQL query coverage have on the percentage decrease in the HR database, as noted in the detailed query coverage information?",1.0,1,1.0,1.0,1.0,1.0,1.0,485.27
crm,baseline_clip,55,"Which individuals and subjects are featured at the Iowa UPMA State Convention on the morning of April 24, 2021?",1.0,1,0.25,1.0,1.0,1.0,1.0,491.31
crm,baseline_clip,56,Which activities and icons are linked with the 2014 GoogleServe event's emblem?,1.0,1,1.0,1.0,1.0,1.0,1.0,487.75
crm,baseline_clip,57,What is the percentage of students who favor retrieving library content online in relation to other digital services offered by the college?,1.0,1,0.5,1.0,1.0,1.0,1.0,506.08
crm,baseline_clip,58,"According to the 2017 Global NGO Technology Report, how many email subscribers do large NGOs typically have on average?",1.0,1,1.0,1.0,1.0,1.0,1.0,481.65
crm,baseline_clip,59,How does the symbol with an outreaching hand and a butterfly reflect the mission of Bereaved Parents of the USA?,1.0,1,1.0,1.0,1.0,1.0,1.0,496.77
crm,baseline_clip,60,"What is the name of the award given to entities noted for prioritizing workforce investment, symbolized with a wreath?",,>10,0.0,0.0,0.0,0.0,0.0,484.97
crm,baseline_clip,61,"In the context of Bosch's system, what is indicated when the FAULT light blinks?",1.0,1,0.5,0.5,1.0,1.0,0.6,492.42
crm,baseline_clip,62,In what manner does the development of an elaborate business function model follow from the initial analysis stage?,1.0,1,1.0,1.0,1.0,1.0,1.0,494.78
crm,baseline_clip,63,Which educational and resource initiatives are outlined by the Minister for accessibility in Manitoba for the fiscal years 2021/22 and 2022/23?,1.0,1,0.2,0.8,0.8,1.0,1.0,493.51
crm,baseline_clip,64,"At the McDixon Apple Orchard, how does water flow from the area with Container Shrubs towards the water purification section?",1.0,1,1.0,1.0,1.0,1.0,1.0,487.78
crm,baseline_clip,65,How many Instagram followers do large non-governmental organizations typically have based on the 2017 Global NGO Technology Report?,1.0,1,0.5,1.0,1.0,1.0,1.0,490.34
crm,baseline_clip,66,What is the reason for disabling the METRIXUSAGE function in certain roles due to concerns about database expansion affecting system efficiency?,1.0,1,0.5,1.0,1.0,1.0,1.0,494.29
crm,baseline_clip,67,What are the Office 365 components that remain unbacked according to the Cloud-to-Cloud sources from Barracuda's technical overview?,1.0,1,0.5,1.0,1.0,1.0,1.0,495.16
crm,baseline_clip,68,Which sessions are planned for the mid-July Wednesday in the ASAT summer schedule at Chapel Haven?,1.0,1,0.25,1.0,1.0,1.0,1.0,492.79
crm,baseline_clip,69,"What is the number of individuals allowed to participate in the Excellence Roundtable for the second pricing level of $15,000?",1.0,1,1.0,1.0,1.0,1.0,1.0,491.47
crm,baseline_clip,70,In which specific settings within medical facilities is the 'yewdale Harrier' found to be appropriate?,1.0,1,1.0,1.0,1.0,1.0,1.0,488.35
crm,baseline_clip,71,"How are engagement levels distributed among the groups of users with profiles, queries, and candidates totaling 151 million, 32 million, and 11 million respectively?",1.0,1,1.0,1.0,1.0,1.0,1.0,492.23
crm,baseline_clip,72,How does the fourth stage differ from the third in the Employee Experience maturity framework described by The Josh Bersin Company?,1.0,1,1.0,1.0,1.0,1.0,1.0,496.35
crm,baseline_clip,73,What is the personnel-focused certification cited in the framework provided by the LGA and IDeA?,1.0,1,1.0,1.0,1.0,1.0,1.0,488.24
crm,baseline_clip,74,"In what ways do the Public Speaking and Animal Science merit badges contribute to skill growth in Scouts BSA, and what preparation must be done beforehand for these activities?",1.0,1,0.5,1.0,1.0,1.0,1.0,487.12
crm,baseline_clip,75,"Which activities, including categories like Working and Leisure, are monitored by users in the Happimeter application?",1.0,1,1.0,1.0,1.0,1.0,1.0,495.46
crm,baseline_clip,76,How does incrementally updating the classifier with both spam and ham messages affect spam error rates over ten months?,1.0,1,1.0,1.0,1.0,1.0,1.0,487.82
crm,baseline_clip,77,Can you list the specific times recorded for the task 'order set items' within the process shipment sequence from February to March 2008?,,>10,0.0,0.0,0.0,0.0,0.0,493.51
crm,baseline_clip,78,What impact did utilizing the filtering and sorting features have on the sensitivity to pricing and rating during booking in the used scenario within Condition 2b?,1.0,1,0.3333333333333333,1.0,1.0,1.0,1.0,488.74
crm,baseline_clip,79,Which fabrics are advised by NSW Health for safeguarding against insects like mosquitoes and ticks?,1.0,1,0.5,1.0,1.0,1.0,1.0,488.21
crm,baseline_clip,80,"What reasons necessitate calling the installer for service related to wireless devices, and what is the method to add more user codes for handling the system?",3.0,2-5,0.0,0.5,0.8333333333333334,0.3333333333333333,0.49777777777777776,497.58
crm,baseline_clip,81,"What is the efficiency of using blacklists and additional checks to decrease spam, and how do delay strategies affect the processing of legitimate and spam emails in a corporation's email infrastructure?",1.0,1,0.3333333333333333,1.0,1.0,1.0,1.0,492.69
crm,baseline_clip,82,"From the start of the year until mid-year, what are the major initiatives for chapter growth, such as building the team and engaging with community partners?",1.0,1,0.5,1.0,1.0,1.0,1.0,494.21
crm,baseline_clip,83,How do the qualitative approaches of the World Bank researchers in India differ from those used by LA Express Park in California?,1.0,1,1.0,1.0,1.0,1.0,1.0,711.16
crm,baseline_clip,84,"How many individuals rely on online resources to locate places to stay, eat, and visit while traveling?",1.0,1,1.0,1.0,1.0,1.0,1.0,512.68
crm,baseline_clip,85,What trend is observed in the number of clients required for balance as Cr values change in the scenario of recurring tour cancellations?,1.0,1,0.5,1.0,1.0,1.0,1.0,499.56
crm,baseline_clip,86,"By what percentage did the total income drop for GreenTree Hospitality's hotels, both leased-and-operated and franchised-and-managed, between March 31, 2019, and March 31, 2020?",1.0,1,0.2,0.8,0.8,1.0,1.0,483.78
crm,baseline_clip,87,What features define the product setup of Yewdale Vitesse that utilizes a purple theme?,1.0,1,1.0,1.0,1.0,1.0,1.0,503.13
crm,baseline_clip,88,Can you provide the code and most recent evaluation date for Tetra Tech's safeguarding document?,1.0,1,0.5,1.0,1.0,1.0,1.0,486.42
crm,baseline_clip,89,How does the proportion of language-sharing user pairs change according to the ASP and affinity evaluations in Figure 7?,1.0,1,0.5,1.0,1.0,1.0,1.0,489.54
crm,baseline_clip,90,How do the unique n-gram ratio values compare for language diversity between the Ori-test and CoCo-test datasets?,1.0,1,0.3333333333333333,1.0,1.0,1.0,0.8055555555555555,490.66
crm,baseline_clip,91,"In the visuals associated with 'Yewdale Harrier,' what is the main environment portrayed?",1.0,1,1.0,1.0,1.0,1.0,1.0,496.77
crm,baseline_clip,92,What culinary tasks are the helpers involved in to assist the elderly group in Burin - St. Patrick’s Parish?,2.0,2-5,0.0,1.0,1.0,0.5,0.5,501.42
crm,baseline_clip,93,Which guidelines must parents adhere to when parking at the school for safety and community courtesy?,1.0,1,0.5,1.0,1.0,1.0,1.0,475.44
crm,baseline_clip,94,"In examining the K-Subsets results, what are the differences in top and bottom mean percentages of 1-ROCA for the dataset from SpamAssassin?",1.0,1,1.0,1.0,1.0,1.0,1.0,490.72
crm,baseline_clip,95,When can items be dropped off for the BOAA's recycling event?,1.0,1,1.0,1.0,1.0,1.0,1.0,495.05
crm,baseline_clip,96,What are the platforms configured for online backup in the Technical Marketing cloud-to-cloud section?,1.0,1,1.0,1.0,1.0,1.0,1.0,498.48
crm,baseline_clip,97,"In the context of the study published in Vol. 12, No. 6 of the International Journal of Advanced Computer Science and Applications, what variations are observed in the precision, recall, and F-score metrics when comparing the Support Vector Machines and Decision Tree algorithms across STC, Mobily, and Zain?",1.0,1,0.3333333333333333,1.0,1.0,1.0,1.0,491.29
crm,baseline_clip,98,What is the customer count for Automize's recently launched portal application?,1.0,1,1.0,1.0,1.0,1.0,1.0,483.0
crm,baseline_clip,99,Can you provide the job identifier and current state for the Test Workplace - Pledge Response Report created on 26th May 2021?,1.0,1,0.3333333333333333,1.0,1.0,1.0,1.0,496.55
crm,baseline_ocr,0,During which hours and at which locations can used beverage containers be left at the BOAA's collection event?,,>10,0.0,0.0,0.0,0.0,0.0,1150.7
crm,baseline_ocr,1,How effective is Automize's latest service portal application in terms of automation success with ServiceNow?,7.0,6-10,0.0,0.0,1.0,0.14285714285714285,0.14285714285714285,1848.23
crm,baseline_ocr,2,Which types of insurance associated with life risk are organized by Futuro?,,>10,0.0,0.0,0.0,0.0,0.0,340.51
crm,baseline_ocr,3,"In the CTM system, what are the current status and deadline for the task labeled 'check availability: semifinished goods'?",,>10,0.0,0.0,0.0,0.0,0.0,279.99
crm,baseline_ocr,4,"According to the quick guide, what key functionalities are highlighted for the Avaya 3720 DECT Telephone?",,>10,0.0,0.0,0.0,0.0,0.0,2839.43
crm,baseline_ocr,5,What prompted Citizens to seek revised pricing for First Notice of Loss and basic support calls amidst current market fluctuations?,10.0,6-10,0.0,0.0,0.3333333333333333,0.1,0.1,1304.19
crm,baseline_ocr,6,How do spam filters' (1-ROCA)% values distribute according to the patterns observed in the 2005 TREC evaluation?,,>10,0.0,0.0,0.0,0.0,0.0,534.77
crm,baseline_ocr,7,"What shifts occurred in the Canadian financial resilience index from early 2020 to early 2021, and how did this affect the emotional state of financially at-risk groups?",,>10,0.0,0.0,0.0,0.0,0.0,262.12
crm,baseline_ocr,8,Which issues and error explanations are specified in the CC408 user manual by Bosch Security Systems?,,>10,0.0,0.0,0.0,0.0,0.0,286.54
crm,baseline_ocr,9,"How does the COVID-19 Safety Marshal ensure the implementation of Aligned Leisure's protocols, specifically regarding the arrangement of worker groups to prevent overlap?",6.0,6-10,0.0,0.0,0.5,0.16666666666666666,0.16666666666666666,257.51
crm,baseline_ocr,10,On what day did Calero's analytics indicate the highest number of calls?,,>10,0.0,0.0,0.0,0.0,0.0,292.11
crm,baseline_ocr,11,What are the prior requirements needed for the Animal Science and Coin Collecting badges before the sessions?,,>10,0.0,0.0,0.0,0.0,0.0,284.23
crm,baseline_ocr,12,In what ways do the intended audiences of the APHIS initiative contrast with those targeted by the World Bank project?,,>10,0.0,0.0,0.0,0.0,0.0,610.68
crm,baseline_ocr,13,"In the Dependable and Secure Computing document, what is the percentage of users who refused the 'Publish to Stream' option in the Firefox add-on?",,>10,0.0,0.0,0.0,0.0,0.0,279.72
crm,baseline_ocr,14,How does the highest level of concurrency vary in the BPMN process for hiring employees?,,>10,0.0,0.0,0.0,0.0,0.0,371.66
crm,baseline_ocr,15,"How did households identified as 'Extremely Vulnerable' adjust their behaviors amidst the pandemic, and what was the impact on their financial resilience ratings in 2020?",,>10,0.0,0.0,0.0,0.0,0.0,951.89
crm,baseline_ocr,16,Where can you find the segment that deals with resolving device issues?,,>10,0.0,0.0,0.0,0.0,0.0,791.17
crm,baseline_ocr,17,How is the process of Design Thinking structured as outlined in Müller-Roterberg's guide?,,>10,0.0,0.0,0.0,0.0,0.0,338.84
crm,baseline_ocr,18,"Can you detail the sequence of actions for the 'order set items' task instance initiated on February 25, 2008, with the identifier 2008-02-25_11:04:25_+01:00_md:83?",,>10,0.0,0.0,0.0,0.0,0.0,266.58
crm,baseline_ocr,19,How many upvotes did the Reddit post receive regarding the request for a girlfriend to limit her wide smile in pictures?,,>10,0.0,0.0,0.0,0.0,0.0,507.38
crm,baseline_ocr,20,"In the MaxCS 9.0.1 release, how many characters are required at minimum for a password to access the lock extension?",,>10,0.0,0.0,0.0,0.0,0.0,275.05
crm,baseline_ocr,21,In what way does LA Express Park employ data from numerous smart meters to guide its parking services?,,>10,0.0,0.0,0.0,0.0,0.0,364.37
crm,baseline_ocr,22,"On June 30, 2015, what directories could be retrieved using the Barracuda Cloud-to-Cloud service?",8.0,6-10,0.0,0.0,0.5,0.125,0.125,300.0
crm,baseline_ocr,23,What methods are used to evaluate client requirements in advisory services for both life insurance and accident and sickness insurance?,,>10,0.0,0.0,0.0,0.0,0.0,251.55
crm,baseline_ocr,24,In what ways does adopting an automation-driven modular content approach enhance supply chain efficiency and marketing strategies in healthcare?,,>10,0.0,0.0,0.0,0.0,0.0,265.6
crm,baseline_ocr,25,"In the Hotmail study, what fraction of the users possessing profiles make up the candidate group?",,>10,0.0,0.0,0.0,0.0,0.0,455.65
crm,baseline_ocr,26,"How did the tourism revenue growth rate in Kenya evolve between 1998 and 2011, based on data from the Kenya National Bureau of Statistics?",,>10,0.0,0.0,0.0,0.0,0.0,317.7
crm,baseline_ocr,27,In what way does the connection of cognitive capabilities and machine learning elements influence the functioning of reporting interfaces in the cloud architecture discussed?,1.0,1,1.0,1.0,1.0,1.0,1.0,290.88
crm,baseline_ocr,28,What was the alteration in overall operating expenses for GreenTree Hospitality Group Ltd. from the end of March 2019 to the end of March 2020 as detailed in their financial results?,5.0,2-5,0.0,0.25,0.25,0.2,0.2,507.49
crm,baseline_ocr,29,Which state's emblem in Australia prominently includes a black swan?,,>10,0.0,0.0,0.0,0.0,0.0,331.94
crm,baseline_ocr,30,What is the difference in linguistic variety between the original and CoCo-generated test datasets based on distinct n-gram measurements?,,>10,0.0,0.0,0.0,0.0,0.0,540.84
crm,baseline_ocr,31,What neural components are identified in the Change Quest™ Model as part of the transformation process?,,>10,0.0,0.0,0.0,0.0,0.0,283.18
crm,baseline_ocr,32,"In the database example, how do the employee start dates for Marketing differ from those in Shipping?",,>10,0.0,0.0,0.0,0.0,0.0,280.15
crm,baseline_ocr,33,What fraction of participants expressed full satisfaction regarding adherence to the course syllabus?,,>10,0.0,0.0,0.0,0.0,0.0,763.04
crm,baseline_ocr,34,What is the name of the Sentosa SG50 deal featuring both the Butterfly Park & Insect Kingdom and a one-hour Gogreen Bi-Pedal Bicycle experience?,,>10,0.0,0.0,0.0,0.0,0.0,324.99
crm,baseline_ocr,35,Could you provide the current state and completion percentage for the task identified by 2008-02-25_11:04:25_+01:00_md:83 within the workflow history?,,>10,0.0,0.0,0.0,0.0,0.0,451.82
crm,baseline_ocr,36,What are the suggested enhancements for guest experiences at the Wine Dine Macau event?,,>10,0.0,0.0,0.0,0.0,0.0,251.55
crm,baseline_ocr,37,What connector links a computer to a LAN of the Ethernet variety?,9.0,6-10,0.0,0.0,0.3333333333333333,0.1111111111111111,0.1111111111111111,290.11
crm,baseline_ocr,38,"Which social networks are commonly utilized by charitable organizations for their digital strategy enhancements, based on 2019 trends?",,>10,0.0,0.0,0.0,0.0,0.0,296.26
crm,baseline_ocr,39,What is the reason for the nursery's improved cleaning routine for its furnishings and playthings?,3.0,2-5,0.0,0.3333333333333333,0.3333333333333333,0.3333333333333333,0.3333333333333333,283.43
crm,baseline_ocr,40,What challenges might be encountered with deploying MobilePBX™ through group policy and how can these be addressed?,,>10,0.0,0.0,0.0,0.0,0.0,252.9
crm,baseline_ocr,41,Can you list the step-by-step tasks outlined in version 4 of the BPMN for recruiting a new staff member?,,>10,0.0,0.0,0.0,0.0,0.0,1113.17
crm,baseline_ocr,42,Identify the earliest job commencement linked to department ID=20.,,>10,0.0,0.0,0.0,0.0,0.0,284.19
crm,baseline_ocr,43,"In Coombs' 2007b SCCT model, what effect does assigning 'crisis responsibility' have on the perception of an organization's reputation?",,>10,0.0,0.0,0.0,0.0,0.0,1050.72
crm,baseline_ocr,44,What are the differences in latency from NYC to other areas within the DirectCLOUD infrastructure based on service metrics?,,>10,0.0,0.0,0.0,0.0,0.0,251.57
crm,baseline_ocr,45,"What are the variations in calculating coverage and premiums for accident and sickness insurance versus life insurance, taking into account client requirements and suggested plans?",,>10,0.0,0.0,0.0,0.0,0.0,1088.58
crm,baseline_ocr,46,"How do the authoring-centered and automation-centered strategies for modular content differ in the healthcare sector, especially regarding their effects on the transformation of the content supply chain from manual to automated processes?",,>10,0.0,0.0,0.0,0.0,0.0,335.94
crm,baseline_ocr,47,How much time does it take to process visa applications in the hiring workflow described using BPMN?,,>10,0.0,0.0,0.0,0.0,0.0,539.8
crm,baseline_ocr,48,Which certification concerning HR practices is highlighted in the guidance created by the Local Government Association and the Improvement and Development Agency?,,>10,0.0,0.0,0.0,0.0,0.0,327.22
crm,baseline_ocr,49,"During a security breach in a smart home setup with a video camera, where does the infection originate according to the Mirai botnet example?",,>10,0.0,0.0,0.0,0.0,0.0,393.86
crm,baseline_ocr,50,"How does the Bosch codepad communicate through sounds, and what do these sounds signify?",,>10,0.0,0.0,0.0,0.0,0.0,335.35
crm,baseline_ocr,51,How does 'P-tracking' function within the World Bank’s Social Observatory initiative in Tamil Nadu?,,>10,0.0,0.0,0.0,0.0,0.0,648.79
crm,baseline_ocr,52,"Can you detail the planned activities for the Iowa UPMA State Convention on April 23, 2021, at Mercy/Winslow?",,>10,0.0,0.0,0.0,0.0,0.0,420.93
crm,baseline_ocr,53,How much of the REGIONS table is covered in the context of the Query Aware Shrink tool's data reduction?,,>10,0.0,0.0,0.0,0.0,0.0,656.86
crm,baseline_ocr,54,"What influence did changes in SQL query coverage have on the percentage decrease in the HR database, as noted in the detailed query coverage information?",,>10,0.0,0.0,0.0,0.0,0.0,331.38
crm,baseline_ocr,55,"Which individuals and subjects are featured at the Iowa UPMA State Convention on the morning of April 24, 2021?",,>10,0.0,0.0,0.0,0.0,0.0,838.12
crm,baseline_ocr,56,Which activities and icons are linked with the 2014 GoogleServe event's emblem?,,>10,0.0,0.0,0.0,0.0,0.0,421.3
crm,baseline_ocr,57,What is the percentage of students who favor retrieving library content online in relation to other digital services offered by the college?,,>10,0.0,0.0,0.0,0.0,0.0,290.66
crm,baseline_ocr,58,"According to the 2017 Global NGO Technology Report, how many email subscribers do large NGOs typically have on average?",,>10,0.0,0.0,0.0,0.0,0.0,369.65
crm,baseline_ocr,59,How does the symbol with an outreaching hand and a butterfly reflect the mission of Bereaved Parents of the USA?,,>10,0.0,0.0,0.0,0.0,0.0,1665.1
crm,baseline_ocr,60,"What is the name of the award given to entities noted for prioritizing workforce investment, symbolized with a wreath?",,>10,0.0,0.0,0.0,0.0,0.0,307.07
crm,baseline_ocr,61,"In the context of Bosch's system, what is indicated when the FAULT light blinks?",,>10,0.0,0.0,0.0,0.0,0.0,2256.59
crm,baseline_ocr,62,In what manner does the development of an elaborate business function model follow from the initial analysis stage?,,>10,0.0,0.0,0.0,0.0,0.0,504.52
crm,baseline_ocr,63,Which educational and resource initiatives are outlined by the Minister for accessibility in Manitoba for the fiscal years 2021/22 and 2022/23?,,>10,0.0,0.0,0.0,0.0,0.0,277.09
crm,baseline_ocr,64,"At the McDixon Apple Orchard, how does water flow from the area with Container Shrubs towards the water purification section?",,>10,0.0,0.0,0.0,0.0,0.0,275.58
crm,baseline_ocr,65,How many Instagram followers do large non-governmental organizations typically have based on the 2017 Global NGO Technology Report?,,>10,0.0,0.0,0.0,0.0,0.0,596.25
crm,baseline_ocr,66,What is the reason for disabling the METRIXUSAGE function in certain roles due to concerns about database expansion affecting system efficiency?,,>10,0.0,0.0,0.0,0.0,0.0,288.24
crm,baseline_ocr,67,What are the Office 365 components that remain unbacked according to the Cloud-to-Cloud sources from Barracuda's technical overview?,8.0,6-10,0.0,0.0,0.5,0.125,0.125,1064.49
crm,baseline_ocr,68,Which sessions are planned for the mid-July Wednesday in the ASAT summer schedule at Chapel Haven?,,>10,0.0,0.0,0.0,0.0,0.0,277.52
crm,baseline_ocr,69,"What is the number of individuals allowed to participate in the Excellence Roundtable for the second pricing level of $15,000?",,>10,0.0,0.0,0.0,0.0,0.0,258.73
crm,baseline_ocr,70,In which specific settings within medical facilities is the 'yewdale Harrier' found to be appropriate?,,>10,0.0,0.0,0.0,0.0,0.0,1227.39
crm,baseline_ocr,71,"How are engagement levels distributed among the groups of users with profiles, queries, and candidates totaling 151 million, 32 million, and 11 million respectively?",,>10,0.0,0.0,0.0,0.0,0.0,259.86
crm,baseline_ocr,72,How does the fourth stage differ from the third in the Employee Experience maturity framework described by The Josh Bersin Company?,,>10,0.0,0.0,0.0,0.0,0.0,395.97
crm,baseline_ocr,73,What is the personnel-focused certification cited in the framework provided by the LGA and IDeA?,,>10,0.0,0.0,0.0,0.0,0.0,321.71
crm,baseline_ocr,74,"In what ways do the Public Speaking and Animal Science merit badges contribute to skill growth in Scouts BSA, and what preparation must be done beforehand for these activities?",,>10,0.0,0.0,0.0,0.0,0.0,324.59
crm,baseline_ocr,75,"Which activities, including categories like Working and Leisure, are monitored by users in the Happimeter application?",,>10,0.0,0.0,0.0,0.0,0.0,313.51
crm,baseline_ocr,76,How does incrementally updating the classifier with both spam and ham messages affect spam error rates over ten months?,,>10,0.0,0.0,0.0,0.0,0.0,264.72
crm,baseline_ocr,77,Can you list the specific times recorded for the task 'order set items' within the process shipment sequence from February to March 2008?,,>10,0.0,0.0,0.0,0.0,0.0,279.53
crm,baseline_ocr,78,What impact did utilizing the filtering and sorting features have on the sensitivity to pricing and rating during booking in the used scenario within Condition 2b?,,>10,0.0,0.0,0.0,0.0,0.0,304.74
crm,baseline_ocr,79,Which fabrics are advised by NSW Health for safeguarding against insects like mosquitoes and ticks?,,>10,0.0,0.0,0.0,0.0,0.0,276.09
crm,baseline_ocr,80,"What reasons necessitate calling the installer for service related to wireless devices, and what is the method to add more user codes for handling the system?",,>10,0.0,0.0,0.0,0.0,0.0,348.37
crm,baseline_ocr,81,"What is the efficiency of using blacklists and additional checks to decrease spam, and how do delay strategies affect the processing of legitimate and spam emails in a corporation's email infrastructure?",,>10,0.0,0.0,0.0,0.0,0.0,430.26
crm,baseline_ocr,82,"From the start of the year until mid-year, what are the major initiatives for chapter growth, such as building the team and engaging with community partners?",,>10,0.0,0.0,0.0,0.0,0.0,279.08
crm,baseline_ocr,83,How do the qualitative approaches of the World Bank researchers in India differ from those used by LA Express Park in California?,,>10,0.0,0.0,0.0,0.0,0.0,333.53
crm,baseline_ocr,84,"How many individuals rely on online resources to locate places to stay, eat, and visit while traveling?",,>10,0.0,0.0,0.0,0.0,0.0,351.55
crm,baseline_ocr,85,What trend is observed in the number of clients required for balance as Cr values change in the scenario of recurring tour cancellations?,,>10,0.0,0.0,0.0,0.0,0.0,412.9
crm,baseline_ocr,86,"By what percentage did the total income drop for GreenTree Hospitality's hotels, both leased-and-operated and franchised-and-managed, between March 31, 2019, and March 31, 2020?",4.0,2-5,0.0,0.4,0.4,0.25,0.325,333.85
crm,baseline_ocr,87,What features define the product setup of Yewdale Vitesse that utilizes a purple theme?,,>10,0.0,0.0,0.0,0.0,0.0,297.22
crm,baseline_ocr,88,Can you provide the code and most recent evaluation date for Tetra Tech's safeguarding document?,,>10,0.0,0.0,0.0,0.0,0.0,335.45
crm,baseline_ocr,89,How does the proportion of language-sharing user pairs change according to the ASP and affinity evaluations in Figure 7?,,>10,0.0,0.0,0.0,0.0,0.0,277.28
crm,baseline_ocr,90,How do the unique n-gram ratio values compare for language diversity between the Ori-test and CoCo-test datasets?,,>10,0.0,0.0,0.0,0.0,0.0,1774.5
crm,baseline_ocr,91,"In the visuals associated with 'Yewdale Harrier,' what is the main environment portrayed?",,>10,0.0,0.0,0.0,0.0,0.0,259.98
crm,baseline_ocr,92,What culinary tasks are the helpers involved in to assist the elderly group in Burin - St. Patrick’s Parish?,,>10,0.0,0.0,0.0,0.0,0.0,328.12
crm,baseline_ocr,93,Which guidelines must parents adhere to when parking at the school for safety and community courtesy?,,>10,0.0,0.0,0.0,0.0,0.0,330.31
crm,baseline_ocr,94,"In examining the K-Subsets results, what are the differences in top and bottom mean percentages of 1-ROCA for the dataset from SpamAssassin?",,>10,0.0,0.0,0.0,0.0,0.0,497.96
crm,baseline_ocr,95,When can items be dropped off for the BOAA's recycling event?,,>10,0.0,0.0,0.0,0.0,0.0,334.36
crm,baseline_ocr,96,What are the platforms configured for online backup in the Technical Marketing cloud-to-cloud section?,,>10,0.0,0.0,0.0,0.0,0.0,2098.91
crm,baseline_ocr,97,"In the context of the study published in Vol. 12, No. 6 of the International Journal of Advanced Computer Science and Applications, what variations are observed in the precision, recall, and F-score metrics when comparing the Support Vector Machines and Decision Tree algorithms across STC, Mobily, and Zain?",,>10,0.0,0.0,0.0,0.0,0.0,505.98
crm,baseline_ocr,98,What is the customer count for Automize's recently launched portal application?,7.0,6-10,0.0,0.0,1.0,0.14285714285714285,0.14285714285714285,1080.11
crm,baseline_ocr,99,Can you provide the job identifier and current state for the Test Workplace - Pledge Response Report created on 26th May 2021?,2.0,2-5,0.0,0.3333333333333333,0.3333333333333333,0.5,0.5,313.7
crm,proposed,0,During which hours and at which locations can used beverage containers be left at the BOAA's collection event?,1.0,1,1.0,1.0,1.0,1.0,1.0,463.31
crm,proposed,1,How effective is Automize's latest service portal application in terms of automation success with ServiceNow?,1.0,1,1.0,1.0,1.0,1.0,1.0,322.6
crm,proposed,2,Which types of insurance associated with life risk are organized by Futuro?,1.0,1,1.0,1.0,1.0,1.0,1.0,278.82
crm,proposed,3,"In the CTM system, what are the current status and deadline for the task labeled 'check availability: semifinished goods'?",1.0,1,1.0,1.0,1.0,1.0,1.0,270.98
crm,proposed,4,"According to the quick guide, what key functionalities are highlighted for the Avaya 3720 DECT Telephone?",1.0,1,0.14285714285714285,0.7142857142857143,1.0,1.0,1.0,304.75
crm,proposed,5,What prompted Citizens to seek revised pricing for First Notice of Loss and basic support calls amidst current market fluctuations?,1.0,1,0.3333333333333333,1.0,1.0,1.0,1.0,294.62
crm,proposed,6,How do spam filters' (1-ROCA)% values distribute according to the patterns observed in the 2005 TREC evaluation?,1.0,1,1.0,1.0,1.0,1.0,1.0,243.1
crm,proposed,7,"What shifts occurred in the Canadian financial resilience index from early 2020 to early 2021, and how did this affect the emotional state of financially at-risk groups?",1.0,1,0.25,1.0,1.0,1.0,1.0,315.3
crm,proposed,8,Which issues and error explanations are specified in the CC408 user manual by Bosch Security Systems?,1.0,1,0.25,0.75,1.0,1.0,0.8541666666666666,991.24
crm,proposed,9,"How does the COVID-19 Safety Marshal ensure the implementation of Aligned Leisure's protocols, specifically regarding the arrangement of worker groups to prevent overlap?",1.0,1,0.5,1.0,1.0,1.0,1.0,401.01
crm,proposed,10,On what day did Calero's analytics indicate the highest number of calls?,1.0,1,1.0,1.0,1.0,1.0,1.0,295.22
crm,proposed,11,What are the prior requirements needed for the Animal Science and Coin Collecting badges before the sessions?,1.0,1,0.25,1.0,1.0,1.0,0.95,253.1
crm,proposed,12,In what ways do the intended audiences of the APHIS initiative contrast with those targeted by the World Bank project?,1.0,1,1.0,1.0,1.0,1.0,1.0,267.78
crm,proposed,13,"In the Dependable and Secure Computing document, what is the percentage of users who refused the 'Publish to Stream' option in the Firefox add-on?",1.0,1,1.0,1.0,1.0,1.0,1.0,657.2
crm,proposed,14,How does the highest level of concurrency vary in the BPMN process for hiring employees?,2.0,2-5,0.0,1.0,1.0,0.5,0.5,276.26
crm,proposed,15,"How did households identified as 'Extremely Vulnerable' adjust their behaviors amidst the pandemic, and what was the impact on their financial resilience ratings in 2020?",1.0,1,0.25,1.0,1.0,1.0,1.0,267.13
crm,proposed,16,Where can you find the segment that deals with resolving device issues?,,>10,0.0,0.0,0.0,0.0,0.0,248.57
crm,proposed,17,How is the process of Design Thinking structured as outlined in Müller-Roterberg's guide?,1.0,1,0.5,1.0,1.0,1.0,1.0,305.33
crm,proposed,18,"Can you detail the sequence of actions for the 'order set items' task instance initiated on February 25, 2008, with the identifier 2008-02-25_11:04:25_+01:00_md:83?",2.0,2-5,0.0,1.0,1.0,0.5,0.5,274.02
crm,proposed,19,How many upvotes did the Reddit post receive regarding the request for a girlfriend to limit her wide smile in pictures?,1.0,1,1.0,1.0,1.0,1.0,1.0,747.74
crm,proposed,20,"In the MaxCS 9.0.1 release, how many characters are required at minimum for a password to access the lock extension?",1.0,1,1.0,1.0,1.0,1.0,1.0,274.71
crm,proposed,21,In what way does LA Express Park employ data from numerous smart meters to guide its parking services?,1.0,1,1.0,1.0,1.0,1.0,1.0,352.89
crm,proposed,22,"On June 30, 2015, what directories could be retrieved using the Barracuda Cloud-to-Cloud service?",1.0,1,0.5,1.0,1.0,1.0,1.0,330.4
crm,proposed,23,What methods are used to evaluate client requirements in advisory services for both life insurance and accident and sickness insurance?,1.0,1,0.3333333333333333,1.0,1.0,1.0,1.0,616.05
crm,proposed,24,In what ways does adopting an automation-driven modular content approach enhance supply chain efficiency and marketing strategies in healthcare?,1.0,1,0.25,1.0,1.0,1.0,1.0,293.05
crm,proposed,25,"In the Hotmail study, what fraction of the users possessing profiles make up the candidate group?",1.0,1,1.0,1.0,1.0,1.0,1.0,291.29
crm,proposed,26,"How did the tourism revenue growth rate in Kenya evolve between 1998 and 2011, based on data from the Kenya National Bureau of Statistics?",1.0,1,1.0,1.0,1.0,1.0,1.0,812.97
crm,proposed,27,In what way does the connection of cognitive capabilities and machine learning elements influence the functioning of reporting interfaces in the cloud architecture discussed?,1.0,1,1.0,1.0,1.0,1.0,1.0,505.98
crm,proposed,28,What was the alteration in overall operating expenses for GreenTree Hospitality Group Ltd. from the end of March 2019 to the end of March 2020 as detailed in their financial results?,1.0,1,0.25,0.75,0.75,1.0,0.9166666666666666,451.85
crm,proposed,29,Which state's emblem in Australia prominently includes a black swan?,1.0,1,1.0,1.0,1.0,1.0,1.0,671.13
crm,proposed,30,What is the difference in linguistic variety between the original and CoCo-generated test datasets based on distinct n-gram measurements?,1.0,1,0.3333333333333333,1.0,1.0,1.0,1.0,295.89
crm,proposed,31,What neural components are identified in the Change Quest™ Model as part of the transformation process?,1.0,1,1.0,1.0,1.0,1.0,1.0,368.6
crm,proposed,32,"In the database example, how do the employee start dates for Marketing differ from those in Shipping?",1.0,1,1.0,1.0,1.0,1.0,1.0,589.56
crm,proposed,33,What fraction of participants expressed full satisfaction regarding adherence to the course syllabus?,1.0,1,0.5,1.0,1.0,1.0,1.0,258.74
crm,proposed,34,What is the name of the Sentosa SG50 deal featuring both the Butterfly Park & Insect Kingdom and a one-hour Gogreen Bi-Pedal Bicycle experience?,1.0,1,1.0,1.0,1.0,1.0,1.0,304.5
crm,proposed,35,Could you provide the current state and completion percentage for the task identified by 2008-02-25_11:04:25_+01:00_md:83 within the workflow history?,1.0,1,1.0,1.0,1.0,1.0,1.0,386.79
crm,proposed,36,What are the suggested enhancements for guest experiences at the Wine Dine Macau event?,1.0,1,1.0,1.0,1.0,1.0,1.0,545.69
crm,proposed,37,What connector links a computer to a LAN of the Ethernet variety?,1.0,1,0.3333333333333333,1.0,1.0,1.0,0.9166666666666666,485.59
crm,proposed,38,"Which social networks are commonly utilized by charitable organizations for their digital strategy enhancements, based on 2019 trends?",6.0,6-10,0.0,0.0,1.0,0.16666666666666666,0.16666666666666666,286.73
crm,proposed,39,What is the reason for the nursery's improved cleaning routine for its furnishings and playthings?,1.0,1,0.3333333333333333,1.0,1.0,1.0,1.0,569.97
crm,proposed,40,What challenges might be encountered with deploying MobilePBX™ through group policy and how can these be addressed?,1.0,1,0.16666666666666666,0.8333333333333334,1.0,1.0,1.0,422.21
crm,proposed,41,Can you list the step-by-step tasks outlined in version 4 of the BPMN for recruiting a new staff member?,1.0,1,0.5,1.0,1.0,1.0,1.0,1618.96
crm,proposed,42,Identify the earliest job commencement linked to department ID=20.,4.0,2-5,0.0,1.0,1.0,0.25,0.25,516.12
crm,proposed,43,"In Coombs' 2007b SCCT model, what effect does assigning 'crisis responsibility' have on the perception of an organization's reputation?",1.0,1,1.0,1.0,1.0,1.0,1.0,1627.73
crm,proposed,44,What are the differences in latency from NYC to other areas within the DirectCLOUD infrastructure based on service metrics?,1.0,1,0.5,1.0,1.0,1.0,1.0,738.78
crm,proposed,45,"What are the variations in calculating coverage and premiums for accident and sickness insurance versus life insurance, taking into account client requirements and suggested plans?",1.0,1,0.3333333333333333,1.0,1.0,1.0,1.0,273.23
crm,proposed,46,"How do the authoring-centered and automation-centered strategies for modular content differ in the healthcare sector, especially regarding their effects on the transformation of the content supply chain from manual to automated processes?",1.0,1,0.25,1.0,1.0,1.0,1.0,287.48
crm,proposed,47,How much time does it take to process visa applications in the hiring workflow described using BPMN?,2.0,2-5,0.0,1.0,1.0,0.5,0.5,742.48
crm,proposed,48,Which certification concerning HR practices is highlighted in the guidance created by the Local Government Association and the Improvement and Development Agency?,1.0,1,1.0,1.0,1.0,1.0,1.0,315.83
crm,proposed,49,"During a security breach in a smart home setup with a video camera, where does the infection originate according to the Mirai botnet example?",1.0,1,1.0,1.0,1.0,1.0,1.0,1299.74
crm,proposed,50,"How does the Bosch codepad communicate through sounds, and what do these sounds signify?",1.0,1,0.5,1.0,1.0,1.0,0.7,368.56
crm,proposed,51,How does 'P-tracking' function within the World Bank’s Social Observatory initiative in Tamil Nadu?,1.0,1,1.0,1.0,1.0,1.0,1.0,313.7
crm,proposed,52,"Can you detail the planned activities for the Iowa UPMA State Convention on April 23, 2021, at Mercy/Winslow?",1.0,1,0.25,1.0,1.0,1.0,1.0,785.13
crm,proposed,53,How much of the REGIONS table is covered in the context of the Query Aware Shrink tool's data reduction?,1.0,1,1.0,1.0,1.0,1.0,1.0,280.3
crm,proposed,54,"What influence did changes in SQL query coverage have on the percentage decrease in the HR database, as noted in the detailed query coverage information?",2.0,2-5,0.0,1.0,1.0,0.5,0.5,370.07
crm,proposed,55,"Which individuals and subjects are featured at the Iowa UPMA State Convention on the morning of April 24, 2021?",1.0,1,0.25,1.0,1.0,1.0,1.0,303.92
crm,proposed,56,Which activities and icons are linked with the 2014 GoogleServe event's emblem?,1.0,1,1.0,1.0,1.0,1.0,1.0,245.16
crm,proposed,57,What is the percentage of students who favor retrieving library content online in relation to other digital services offered by the college?,1.0,1,0.5,1.0,1.0,1.0,1.0,421.86
crm,proposed,58,"According to the 2017 Global NGO Technology Report, how many email subscribers do large NGOs typically have on average?",1.0,1,1.0,1.0,1.0,1.0,1.0,296.91
crm,proposed,59,How does the symbol with an outreaching hand and a butterfly reflect the mission of Bereaved Parents of the USA?,1.0,1,1.0,1.0,1.0,1.0,1.0,367.97
crm,proposed,60,"What is the name of the award given to entities noted for prioritizing workforce investment, symbolized with a wreath?",9.0,6-10,0.0,0.0,1.0,0.1111111111111111,0.1111111111111111,262.15
crm,proposed,61,"In the context of Bosch's system, what is indicated when the FAULT light blinks?",1.0,1,0.5,1.0,1.0,1.0,0.7,496.9
crm,proposed,62,In what manner does the development of an elaborate business function model follow from the initial analysis stage?,1.0,1,1.0,1.0,1.0,1.0,1.0,257.18
crm,proposed,63,Which educational and resource initiatives are outlined by the Minister for accessibility in Manitoba for the fiscal years 2021/22 and 2022/23?,1.0,1,0.2,0.8,0.8,1.0,1.0,284.11
crm,proposed,64,"At the McDixon Apple Orchard, how does water flow from the area with Container Shrubs towards the water purification section?",1.0,1,1.0,1.0,1.0,1.0,1.0,624.37
crm,proposed,65,How many Instagram followers do large non-governmental organizations typically have based on the 2017 Global NGO Technology Report?,1.0,1,0.5,1.0,1.0,1.0,1.0,313.68
crm,proposed,66,What is the reason for disabling the METRIXUSAGE function in certain roles due to concerns about database expansion affecting system efficiency?,1.0,1,0.5,1.0,1.0,1.0,1.0,268.11
crm,proposed,67,What are the Office 365 components that remain unbacked according to the Cloud-to-Cloud sources from Barracuda's technical overview?,1.0,1,0.5,1.0,1.0,1.0,1.0,256.04
crm,proposed,68,Which sessions are planned for the mid-July Wednesday in the ASAT summer schedule at Chapel Haven?,1.0,1,0.25,0.75,1.0,1.0,0.9166666666666666,499.68
crm,proposed,69,"What is the number of individuals allowed to participate in the Excellence Roundtable for the second pricing level of $15,000?",4.0,2-5,0.0,1.0,1.0,0.25,0.25,306.85
crm,proposed,70,In which specific settings within medical facilities is the 'yewdale Harrier' found to be appropriate?,1.0,1,1.0,1.0,1.0,1.0,1.0,263.02
crm,proposed,71,"How are engagement levels distributed among the groups of users with profiles, queries, and candidates totaling 151 million, 32 million, and 11 million respectively?",1.0,1,1.0,1.0,1.0,1.0,1.0,285.62
crm,proposed,72,How does the fourth stage differ from the third in the Employee Experience maturity framework described by The Josh Bersin Company?,1.0,1,1.0,1.0,1.0,1.0,1.0,1238.72
crm,proposed,73,What is the personnel-focused certification cited in the framework provided by the LGA and IDeA?,1.0,1,1.0,1.0,1.0,1.0,1.0,284.2
crm,proposed,74,"In what ways do the Public Speaking and Animal Science merit badges contribute to skill growth in Scouts BSA, and what preparation must be done beforehand for these activities?",1.0,1,0.5,1.0,1.0,1.0,1.0,375.28
crm,proposed,75,"Which activities, including categories like Working and Leisure, are monitored by users in the Happimeter application?",1.0,1,1.0,1.0,1.0,1.0,1.0,286.39
crm,proposed,76,How does incrementally updating the classifier with both spam and ham messages affect spam error rates over ten months?,1.0,1,1.0,1.0,1.0,1.0,1.0,360.1
crm,proposed,77,Can you list the specific times recorded for the task 'order set items' within the process shipment sequence from February to March 2008?,1.0,1,1.0,1.0,1.0,1.0,1.0,245.46
crm,proposed,78,What impact did utilizing the filtering and sorting features have on the sensitivity to pricing and rating during booking in the used scenario within Condition 2b?,1.0,1,0.3333333333333333,1.0,1.0,1.0,1.0,319.27
crm,proposed,79,Which fabrics are advised by NSW Health for safeguarding against insects like mosquitoes and ticks?,1.0,1,0.5,1.0,1.0,1.0,1.0,323.89
crm,proposed,80,"What reasons necessitate calling the installer for service related to wireless devices, and what is the method to add more user codes for handling the system?",1.0,1,0.16666666666666666,0.3333333333333333,0.3333333333333333,1.0,1.0,317.26
crm,proposed,81,"What is the efficiency of using blacklists and additional checks to decrease spam, and how do delay strategies affect the processing of legitimate and spam emails in a corporation's email infrastructure?",1.0,1,0.3333333333333333,1.0,1.0,1.0,1.0,316.72
crm,proposed,82,"From the start of the year until mid-year, what are the major initiatives for chapter growth, such as building the team and engaging with community partners?",1.0,1,0.5,1.0,1.0,1.0,1.0,341.77
crm,proposed,83,How do the qualitative approaches of the World Bank researchers in India differ from those used by LA Express Park in California?,1.0,1,1.0,1.0,1.0,1.0,1.0,285.05
crm,proposed,84,"How many individuals rely on online resources to locate places to stay, eat, and visit while traveling?",1.0,1,1.0,1.0,1.0,1.0,1.0,321.38
crm,proposed,85,What trend is observed in the number of clients required for balance as Cr values change in the scenario of recurring tour cancellations?,1.0,1,0.5,1.0,1.0,1.0,1.0,249.25
crm,proposed,86,"By what percentage did the total income drop for GreenTree Hospitality's hotels, both leased-and-operated and franchised-and-managed, between March 31, 2019, and March 31, 2020?",1.0,1,0.2,0.8,0.8,1.0,1.0,391.51
crm,proposed,87,What features define the product setup of Yewdale Vitesse that utilizes a purple theme?,1.0,1,1.0,1.0,1.0,1.0,1.0,271.82
crm,proposed,88,Can you provide the code and most recent evaluation date for Tetra Tech's safeguarding document?,1.0,1,0.5,1.0,1.0,1.0,1.0,360.08
crm,proposed,89,How does the proportion of language-sharing user pairs change according to the ASP and affinity evaluations in Figure 7?,1.0,1,0.5,1.0,1.0,1.0,1.0,314.4
crm,proposed,90,How do the unique n-gram ratio values compare for language diversity between the Ori-test and CoCo-test datasets?,1.0,1,0.3333333333333333,1.0,1.0,1.0,0.9166666666666666,1293.55
crm,proposed,91,"In the visuals associated with 'Yewdale Harrier,' what is the main environment portrayed?",1.0,1,1.0,1.0,1.0,1.0,1.0,286.34
crm,proposed,92,What culinary tasks are the helpers involved in to assist the elderly group in Burin - St. Patrick’s Parish?,1.0,1,1.0,1.0,1.0,1.0,1.0,249.38
crm,proposed,93,Which guidelines must parents adhere to when parking at the school for safety and community courtesy?,1.0,1,0.5,1.0,1.0,1.0,0.75,409.18
crm,proposed,94,"In examining the K-Subsets results, what are the differences in top and bottom mean percentages of 1-ROCA for the dataset from SpamAssassin?",1.0,1,1.0,1.0,1.0,1.0,1.0,347.94
crm,proposed,95,When can items be dropped off for the BOAA's recycling event?,1.0,1,1.0,1.0,1.0,1.0,1.0,297.47
crm,proposed,96,What are the platforms configured for online backup in the Technical Marketing cloud-to-cloud section?,2.0,2-5,0.0,1.0,1.0,0.5,0.5,316.63
crm,proposed,97,"In the context of the study published in Vol. 12, No. 6 of the International Journal of Advanced Computer Science and Applications, what variations are observed in the precision, recall, and F-score metrics when comparing the Support Vector Machines and Decision Tree algorithms across STC, Mobily, and Zain?",1.0,1,0.3333333333333333,1.0,1.0,1.0,1.0,272.95
crm,proposed,98,What is the customer count for Automize's recently launched portal application?,1.0,1,1.0,1.0,1.0,1.0,1.0,820.59
crm,proposed,99,Can you provide the job identifier and current state for the Test Workplace - Pledge Response Report created on 26th May 2021?,1.0,1,0.3333333333333333,1.0,1.0,1.0,1.0,349.26
crossdomain,baseline_clip,0,What are the steps involved in the corrective action process in Hunt Design's QMS?,1.0,1,1.0,1.0,1.0,1.0,1.0,386.06
crossdomain,baseline_clip,1,What products are advertised by A. Borsig in the Nichi-Doku-Kōgyō-Kōkoku from 1897?,1.0,1,1.0,1.0,1.0,1.0,1.0,337.98
crossdomain,baseline_clip,2,What is the approximate circuit area of the TPS62745 Buck Converter Evaluation Module as specified by Texas Instruments?,1.0,1,0.5,1.0,1.0,1.0,1.0,290.15
crossdomain,baseline_clip,3,"What are the primary flows of money, parts, and services in the automotive industry channel model?",1.0,1,1.0,1.0,1.0,1.0,1.0,295.93
crossdomain,baseline_clip,4,What is the process flow for handling a customer purchase order in Hunt Design's QMS?,1.0,1,1.0,1.0,1.0,1.0,1.0,268.5
crossdomain,baseline_clip,5,What are the possible transitions between states in the finite state machine of an embedded device?,1.0,1,1.0,1.0,1.0,1.0,1.0,241.42
crossdomain,baseline_clip,6,What is the sequence of steps in the CRM model implementation process for Saba Corporation?,1.0,1,1.0,1.0,1.0,1.0,1.0,284.4
crossdomain,baseline_clip,7,How is the process of handling orders implemented to increase profit per sale?,1.0,1,1.0,1.0,1.0,1.0,1.0,266.75
crossdomain,baseline_clip,8,What are the start and end times for the production schedule labeled 'Making Schedule 2' in the plant model?,3.0,2-5,0.0,1.0,1.0,0.3333333333333333,0.3333333333333333,252.33
crossdomain,baseline_clip,9,What is the firmware version of the MEASURpoint instrument DT887x-48?,1.0,1,1.0,1.0,1.0,1.0,1.0,300.06
crossdomain,baseline_clip,10,What are the compartment sizes for product types on Tour 1 in the genetic algorithm solution?,1.0,1,1.0,1.0,1.0,1.0,1.0,291.0
crossdomain,baseline_clip,11,What is the firmware revision and IP address of the DT887x-48 instrument model provided by Data Translation Inc.?,1.0,1,1.0,1.0,1.0,1.0,1.0,268.49
crossdomain,baseline_clip,12,How does the process flow of the browser statechart testing model progress from test case generation to logging?,1.0,1,1.0,1.0,1.0,1.0,1.0,260.07
crossdomain,baseline_clip,13,What milestones occurred in the development of Obee Network from 2018 to 2020?,1.0,1,1.0,1.0,1.0,1.0,1.0,288.38
crossdomain,baseline_clip,14,What strategies are suggested for building customer relationships on Mini Akiba?,1.0,1,1.0,1.0,1.0,1.0,1.0,250.62
crossdomain,baseline_clip,15,What is the general trend of the loss function value during the training iterations?,1.0,1,1.0,1.0,1.0,1.0,1.0,294.16
crossdomain,baseline_clip,16,How does the Packet Error Rate (PER) change for BLE events with varying connection intervals in the test setup?,1.0,1,1.0,1.0,1.0,1.0,1.0,284.1
crossdomain,baseline_clip,17,How has the regional distribution of 3M supplier spending changed between 2016 and 2020?,2.0,2-5,0.0,1.0,1.0,0.5,0.5,248.8
crossdomain,baseline_clip,18,How did new car registrations in Spain compare to those in Germany over the years from 2007 to 2017?,1.0,1,1.0,1.0,1.0,1.0,1.0,247.45
crossdomain,baseline_clip,19,What was the revenue change for Newmont-Ahafo from 2013 to 2014 according to the mining industry report?,1.0,1,1.0,1.0,1.0,1.0,1.0,260.41
crossdomain,baseline_clip,20,How did the trend of internal and external sales for VAA change from 2006 to 2017?,1.0,1,1.0,1.0,1.0,1.0,1.0,265.82
crossdomain,baseline_clip,21,"What are the differences in e-commerce fees per item sold between major platforms like Ebay, Amazon, AliExpress, and UNIVERZ?",1.0,1,1.0,1.0,1.0,1.0,1.0,281.57
crossdomain,baseline_clip,22,How did the total units of Edge AI compare to Movable AI in 2021?,1.0,1,1.0,1.0,1.0,1.0,1.0,275.23
crossdomain,baseline_clip,23,What was the percentage change in all-in production costs for Australia from 2013 to 2014?,1.0,1,1.0,1.0,1.0,1.0,1.0,284.64
crossdomain,baseline_clip,24,"How did the monthly message volume trends for SMS, EMS, and MMS differ from 2001 to 2006?",1.0,1,1.0,1.0,1.0,1.0,1.0,255.47
crossdomain,baseline_clip,25,What percentage of 3M's supplier spend was allocated to the Asia Pacific region in 2020?,2.0,2-5,0.0,1.0,1.0,0.5,0.5,318.23
crossdomain,baseline_clip,26,What are the specific product allocations for locations on Tour 2 in the genetic algorithm solution?,1.0,1,1.0,1.0,1.0,1.0,1.0,276.34
crossdomain,baseline_clip,27,What global employee count does 3M maintain?,1.0,1,1.0,1.0,1.0,1.0,1.0,266.13
crossdomain,baseline_clip,28,What is the trend of Zigbee PER as the BLE connection interval increases?,1.0,1,1.0,1.0,1.0,1.0,1.0,309.0
crossdomain,baseline_clip,29,What are the design specifications of the glassware patented by D. Bennett in 1878?,1.0,1,1.0,1.0,1.0,1.0,1.0,270.46
crossdomain,baseline_clip,30,What slogans or phrases are prominently displayed during SKF trade union meetings related to precarious work?,1.0,1,1.0,1.0,1.0,1.0,1.0,296.2
crossdomain,baseline_clip,31,What is the expected weekly production volume for MALS A/Cs in the assembly process model?,2.0,2-5,0.0,1.0,1.0,0.5,0.5,281.99
crossdomain,baseline_clip,32,What stages did Obee Network go through from concept initiation to Uniswap launch?,1.0,1,1.0,1.0,1.0,1.0,1.0,285.08
crossdomain,baseline_clip,33,What is the ISSN number for the February 2014 issue of the Journal of Environmental Protection?,1.0,1,1.0,1.0,1.0,1.0,1.0,288.4
crossdomain,baseline_clip,34,What are the different shipping options and their costs for an online purchase process?,1.0,1,1.0,1.0,1.0,1.0,1.0,267.85
crossdomain,baseline_clip,35,Which entities implement Samsung's sustainable cobalt supply criteria?,1.0,1,1.0,1.0,1.0,1.0,1.0,334.13
crossdomain,baseline_clip,36,What is the range of mean assembly times when there are 10 different modules?,1.0,1,1.0,1.0,1.0,1.0,1.0,262.04
crossdomain,baseline_clip,37,What is the motto associated with SAP for businesses?,2.0,2-5,0.0,1.0,1.0,0.5,0.5,272.08
crossdomain,baseline_clip,38,What are the variable interaction values for resources A and B during the reaction process?,1.0,1,1.0,1.0,1.0,1.0,1.0,267.37
crossdomain,baseline_clip,39,What is the role of the Home Support Team in the organizational structure of the logistics project?,1.0,1,1.0,1.0,1.0,1.0,1.0,295.11
crossdomain,baseline_clip,40,What are the specific services used by the company to handle delivery operations?,3.0,2-5,0.0,1.0,1.0,0.3333333333333333,0.3333333333333333,293.3
crossdomain,baseline_clip,41,How are the product types distributed across different tours and locations based on compartment sizes?,1.0,1,1.0,1.0,1.0,1.0,1.0,301.87
crossdomain,baseline_clip,42,What are the features of the ice cream cart used by Artisani?,1.0,1,1.0,1.0,1.0,1.0,1.0,243.88
crossdomain,baseline_clip,43,What is the configuration of tours and products as represented in the solution's structure?,1.0,1,1.0,1.0,1.0,1.0,1.0,254.94
crossdomain,baseline_clip,44,What is the demand distribution for combinations of four components?,1.0,1,1.0,1.0,1.0,1.0,1.0,249.32
crossdomain,baseline_clip,45,What is the process flow from a Baseline Test Suite to a Test Log in a browser testing model?,1.0,1,1.0,1.0,1.0,1.0,1.0,278.28
crossdomain,baseline_clip,46,"How did product search trends vary between different site categories in June 2012, and what role did heavy searchers play?",1.0,1,0.16666666666666666,0.8333333333333334,1.0,1.0,1.0,288.81
crossdomain,baseline_clip,47,"What are the delivery arrival schedules at the CC for 22 Bishopsgate, and how do they differ throughout the week?",1.0,1,0.16666666666666666,0.8333333333333334,1.0,1.0,1.0,243.37
crossdomain,baseline_clip,48,How did current taxes in Hong Kong and outside Hong Kong differ for the six months ended 30 September 2014 compared to 2013?,1.0,1,0.5,1.0,1.0,1.0,0.75,290.95
crossdomain,baseline_clip,49,What are the differences in total non-current assets between 30 June 2018 and 31 December 2017 for Pak Suzuki Motor Company Limited?,1.0,1,0.5,0.5,1.0,1.0,0.6666666666666666,436.06
crossdomain,baseline_clip,50,How does the OSHA permissible exposure limit for Ethyl Benzene compare to that of Xylene?,1.0,1,1.0,1.0,1.0,1.0,1.0,327.79
crossdomain,baseline_clip,51,How did the segment assets for wholesale change between the years 2001 and 2002?,1.0,1,0.5,1.0,1.0,1.0,1.0,331.51
crossdomain,baseline_clip,52,What are the supported data rates for the V.29 fax modulation compared to V.34?,1.0,1,0.3333333333333333,1.0,1.0,1.0,1.0,292.15
crossdomain,baseline_clip,53,Which location has the lowest annual operating costs for a U.S. Central Warehouse site?,1.0,1,1.0,1.0,1.0,1.0,1.0,298.21
crossdomain,baseline_clip,54,Identify the devices with the smallest mass per area ratio that are still feasible without a fixture.,1.0,1,0.5,1.0,1.0,1.0,0.8333333333333333,309.78
crossdomain,baseline_clip,55,"How did the net income before non-cash items change from March 31, 2019, to March 31, 2020, for Clarus Corporation?",1.0,1,0.5,1.0,1.0,1.0,1.0,583.12
crossdomain,baseline_clip,56,How does the usage of sorting and filtering functions affect the average chosen room prices in different tasks?,1.0,1,0.5,1.0,1.0,1.0,0.8333333333333333,277.59
crossdomain,baseline_clip,57,"How did Clarus Corporation's adjusted EBITDA for the quarter ending March 31, 2019 compare to March 31, 2020?",1.0,1,1.0,1.0,1.0,1.0,1.0,265.36
crossdomain,baseline_clip,58,"How do heavy searchers impact the product search trends across different platforms according to the statistics and figures presented in the Journal of Law, Economics and Policy?",1.0,1,0.16666666666666666,0.8333333333333334,1.0,1.0,1.0,292.37
crossdomain,baseline_clip,59,How does the capacity constraint of vehicles and the need for separate compartments for different product types affect the routing strategy in the MCVRP-CFCS model?,1.0,1,0.3333333333333333,1.0,1.0,1.0,0.9166666666666666,267.34
crossdomain,baseline_clip,60,How do the patterns of user types conducting searches on different platform categories relate to the stability of search visits at price comparison sites in 2012?,1.0,1,0.16666666666666666,0.8333333333333334,1.0,1.0,1.0,287.53
crossdomain,baseline_clip,61,How does the delivery arrival time at the logistics center affect the delivery schedule to 22 Bishopsgate?,1.0,1,0.16666666666666666,0.8333333333333334,1.0,1.0,1.0,304.72
crossdomain,baseline_clip,62,In what way do intelligent rack outlets manage power consumption to prevent equipment downtime?,1.0,1,0.5,1.0,1.0,1.0,1.0,471.04
crossdomain,baseline_clip,63,How does PCB design influence the measurement of RθJA and RθJC in IC packages?,1.0,1,0.3333333333333333,1.0,1.0,1.0,1.0,425.84
crossdomain,baseline_clip,64,What is the impact of cable characteristics on the DP83TD510's operating modes and how is it mitigated?,1.0,1,0.3333333333333333,1.0,1.0,1.0,1.0,330.6
crossdomain,baseline_clip,65,What impact did the special dividend declared in 2016 have on the share premium?,1.0,1,1.0,1.0,1.0,1.0,1.0,317.71
crossdomain,baseline_clip,66,How does video surveillance equipment detect unauthorized access and help in root cause analysis in data centers?,1.0,1,0.5,1.0,1.0,1.0,1.0,306.16
crossdomain,baseline_clip,67,How is the grinding fineness adjusted in the coffee machine?,1.0,1,0.3333333333333333,1.0,1.0,1.0,1.0,303.58
crossdomain,baseline_clip,68,What safety regulations does Sony adhere to for its LAN technical standards?,1.0,1,0.16666666666666666,0.8333333333333334,1.0,1.0,1.0,305.01
crossdomain,baseline_clip,69,What is the operating temperature range for the Testboy® 26?,1.0,1,0.16666666666666666,0.3333333333333333,0.3333333333333333,1.0,1.0,293.94
crossdomain,baseline_clip,70,What is the lashing capacity of the ratchet tie-downs provided by Tool Vault?,1.0,1,0.5,1.0,1.0,1.0,1.0,274.84
crossdomain,baseline_clip,71,What is the cycle time in seconds for the stamping process in the transformation factory described in the study?,1.0,1,1.0,1.0,1.0,1.0,1.0,292.47
crossdomain,baseline_clip,72,What is the annual energy consumption of the NFE3 620 X refrigerator by TEKA?,1.0,1,0.25,1.0,1.0,1.0,1.0,270.56
crossdomain,baseline_clip,73,"What output voltage setting corresponds to VSEL values 1, 1, 1, 0 for the TPS62745EVM-622 used by Texas Instruments?",1.0,1,0.5,1.0,1.0,1.0,1.0,276.39
crossdomain,baseline_clip,74,What parsing method achieves the highest average precision in the IEEE study on pattern analysis?,1.0,1,0.5,1.0,1.0,1.0,1.0,313.41
crossdomain,baseline_clip,75,What are the features and constraints related to vehicle capacities and compartments in the MCVRP-CFCS model?,1.0,1,0.3333333333333333,1.0,1.0,1.0,0.9166666666666666,242.1
crossdomain,baseline_clip,76,What are the specifications of the 3 Metre Ratchet Tie-Down used by Tool Vault?,1.0,1,0.5,1.0,1.0,1.0,1.0,289.75
crossdomain,baseline_clip,77,Which section discusses the Analog Inputs in the EVM document?,1.0,1,1.0,1.0,1.0,1.0,1.0,303.69
crossdomain,baseline_clip,78,What are the details of the payment schedule and menu options for the cafeteria concessionaire contract under ITB No. FB21-07-003BAC?,1.0,1,0.5,0.5,1.0,1.0,0.625,271.57
crossdomain,baseline_clip,79,How would you summarize the overall impact of sales on the Group's segment profit margin over the six months ended 30 September 2011?,1.0,1,0.5,1.0,1.0,1.0,0.8333333333333333,269.47
crossdomain,baseline_clip,80,What are the operational features of the 1/100-second stopwatch?,1.0,1,0.5,1.0,1.0,1.0,1.0,287.69
crossdomain,baseline_clip,81,What were the significant product updates HP made from October 2018 to March 2021?,1.0,1,0.5,1.0,1.0,1.0,1.0,274.65
crossdomain,baseline_clip,82,What is the estimated annual sales range for the store operated by Walmart Mexico y Centroamerica with the most outlets?,1.0,1,0.5,1.0,1.0,1.0,1.0,258.0
crossdomain,baseline_clip,83,"How did the exchange reserve change from January 1, 2016, to December 31, 2017?",1.0,1,1.0,1.0,1.0,1.0,1.0,275.71
crossdomain,baseline_clip,84,What was the percent change in inventory turnover on sales for the Group from 2010 to 2011 for the period ending 30 September?,1.0,1,0.5,1.0,1.0,1.0,1.0,283.15
crossdomain,baseline_clip,85,What are the maximum pressure and temperature specifications for the mobile A/C system sealant detection kit?,1.0,1,0.3333333333333333,0.6666666666666666,0.6666666666666666,1.0,1.0,317.83
crossdomain,baseline_clip,86,What are the specifications of the terminal blocks mentioned in the mechanical components list for the PM24 circuit board?,1.0,1,0.5,1.0,1.0,1.0,1.0,264.87
crossdomain,baseline_clip,87,What features are offered by Schneider Electric's intelligent rack outlets for remote server management?,1.0,1,0.5,1.0,1.0,1.0,1.0,269.83
crossdomain,baseline_clip,88,What is the standby power consumption for the TV lift mechanism model TS750?,1.0,1,0.3333333333333333,1.0,1.0,1.0,1.0,337.51
crossdomain,baseline_clip,89,What are the IP protection ratings associated with various detector types for harsh environments?,1.0,1,1.0,1.0,1.0,1.0,1.0,268.4
crossdomain,baseline_clip,90,What are the lumens specifications for the LED light that Tool Vault offers?,1.0,1,0.5,1.0,1.0,1.0,1.0,262.39
crossdomain,baseline_clip,91,What is the cost of a casual site for The Products at the market?,1.0,1,0.25,0.75,0.75,1.0,1.0,279.57
crossdomain,baseline_clip,92,"Based on Hunt Design's quality management system, what sequence of actions is followed for processing a customer order?",1.0,1,1.0,1.0,1.0,1.0,1.0,325.36
crossdomain,baseline_clip,93,How are 'Human' and other components connected in the CRC ontology related to eco-friendly production?,1.0,1,1.0,1.0,1.0,1.0,1.0,267.93
crossdomain,baseline_clip,94,"In the organizational setup of the logistics project, what functions does the Home Support Team perform?",1.0,1,1.0,1.0,1.0,1.0,1.0,290.49
crossdomain,baseline_clip,95,How large is the TPS62745EVM-622 evaluation board designed by Texas Instruments?,1.0,1,1.0,1.0,1.0,1.0,1.0,290.55
crossdomain,baseline_clip,96,How were currency exchange adjustments and actuarial improvements on pension obligations recorded at the start of 2016?,1.0,1,1.0,1.0,1.0,1.0,1.0,257.28
crossdomain,baseline_clip,97,"For the first half of the year ending September 30, 2013, what expense value was recorded for the wear and tear and value reduction of fixed assets?",1.0,1,0.5,1.0,1.0,1.0,0.8333333333333333,291.35
crossdomain,baseline_clip,98,"For the half-year ending on 30 September 2014, how much was the finance cost due to overdraft interest payable within five years?",1.0,1,0.5,1.0,1.0,1.0,1.0,270.49
crossdomain,baseline_clip,99,In what ways do Six Sigma and TQM vary in addressing organizational output consistency and customer satisfaction?,1.0,1,0.25,1.0,1.0,1.0,1.0,265.13
crossdomain,baseline_clip,100,Can you describe the features of the Hasselblad camera that were utilized in the UAV photogrammetry study detailed in the ISPRS journal?,1.0,1,0.5,0.5,1.0,1.0,0.625,271.84
crossdomain,baseline_clip,101,"According to section 33.654.130, what are the comments regarding existing and future public dead-ends and walking connections for the location?",1.0,1,1.0,1.0,1.0,1.0,1.0,290.79
crossdomain,baseline_clip,102,Between which values do the signed vertical differences lie in the overlapping section of the pre-aligned DSM from 1977 and the DTM from 2001?,1.0,1,1.0,1.0,1.0,1.0,1.0,281.05
crossdomain,baseline_clip,103,"How do the actions 'Move Brick P.', 'Take Bricks', and 'Lab. Idle' proceed in the Simphony Designer simulation process?",1.0,1,1.0,1.0,1.0,1.0,1.0,284.06
crossdomain,baseline_clip,104,During which years in the early 21st century does Egremni Beach face erosion surpassing 1.50 meters annually?,1.0,1,1.0,1.0,1.0,1.0,1.0,304.37
crossdomain,baseline_clip,105,"For the analysis involving 544,410 equations in a multi-storey building, which technique exhibited the shortest processing duration among options like MPCG_AMIS?",1.0,1,0.5,1.0,1.0,1.0,1.0,254.53
crossdomain,baseline_clip,106,What findings emerged from the Vision Derby 2040 planning session held in September 2019?,1.0,1,1.0,1.0,1.0,1.0,1.0,273.33
crossdomain,baseline_clip,107,Identify the segments outlined in the Town of Peace River's Pats Creek Storm Water Mediation Project documentation.,1.0,1,0.25,0.75,1.0,1.0,0.8928571428571428,637.23
crossdomain,baseline_clip,108,"What range of air content is specified for shotcrete mixtures aimed at enhancing initial strength, according to ASTM standards?",1.0,1,0.5,1.0,1.0,1.0,1.0,391.04
crossdomain,baseline_clip,109,"During tests involving sinusoidal loads on 26 gauge Type B panels, what were the peak load values when tested at a frequency of 0.25 cycles per second?",1.0,1,0.5,1.0,1.0,1.0,1.0,385.32
crossdomain,baseline_clip,110,What is the pollution index value for the emissions-compliant engine from Poulan?,1.0,1,1.0,1.0,1.0,1.0,1.0,388.24
crossdomain,baseline_clip,111,What effects does frequent foot traffic have on the surface and look of vinyl floors in busy locations?,1.0,1,1.0,1.0,1.0,1.0,1.0,293.82
crossdomain,baseline_clip,112,"Which individuals were present at the February 27, 2018 meeting with the Department of Planning and Environment about changes to the local environmental plan?",1.0,1,0.3333333333333333,0.6666666666666666,0.6666666666666666,1.0,0.7,299.03
crossdomain,baseline_clip,113,What reasons allow the planned project in the R2 area to satisfy the width criteria for individual homes?,1.0,1,1.0,1.0,1.0,1.0,1.0,292.73
crossdomain,baseline_clip,114,"In the study on wood engineering, which uses of LVL and PSL are outlined in specific global architectural sites such as a warehouse in Victoria, a stage entrance in Washington DC, and a school library in Australia?",1.0,1,0.3333333333333333,1.0,1.0,1.0,0.9166666666666666,251.3
crossdomain,baseline_clip,115,What changes are planned for the Colnbrook River in the development projects located south of Richings Park?,1.0,1,1.0,1.0,1.0,1.0,1.0,280.03
crossdomain,baseline_clip,116,What is the variation in time taken by the Block Lanczos (MFM) technique between the two computational models for analyzing different multi-storey buildings?,1.0,1,0.5,1.0,1.0,1.0,1.0,280.0
crossdomain,baseline_clip,117,How does the damped link function within the outrigger and core framework of the Two International Finance Centre's skyscraper?,1.0,1,1.0,1.0,1.0,1.0,1.0,294.44
crossdomain,baseline_clip,118,"What is the quality reduction when three-quarters of pavement lifespan have passed, as indicated by the PCI?",1.0,1,1.0,1.0,1.0,1.0,1.0,297.72
crossdomain,baseline_clip,119,Which type of window featuring curved upper sections is typical within Berwick's local architectural style?,1.0,1,0.5,1.0,1.0,1.0,1.0,263.1
crossdomain,baseline_clip,120,What caused the distinct seepage problems in the Peygham-Chay dam abutments based on their permeability characteristics?,1.0,1,0.25,1.0,1.0,1.0,1.0,261.86
crossdomain,baseline_clip,121,How is the scale defined for Dennis' design of the landscape at the Winn Residence?,1.0,1,0.5,0.5,0.5,1.0,1.0,266.85
crossdomain,baseline_clip,122,"In what ways do the flexibility and fire resistance of RC, SRC, S, and CFT structural types differ?",1.0,1,1.0,1.0,1.0,1.0,1.0,307.45
crossdomain,baseline_clip,123,"During the National Night Out event related to Vision Derby's future plans, how were community members engaging with one another?",1.0,1,1.0,1.0,1.0,1.0,1.0,316.58
crossdomain,baseline_clip,124,"In the context of the Constraint Bag Process Model, which loop type has the greatest 'ALTA' significance categorized under RED-RED?",1.0,1,1.0,1.0,1.0,1.0,1.0,314.97
crossdomain,baseline_clip,125,"Which areas are set aside for foot traffic and public transport in the New Carrollton layout, mentioning elements like the continuing Pedestrian Bridge and MARC Platform?",1.0,1,1.0,1.0,1.0,1.0,1.0,760.92
crossdomain,baseline_clip,126,Where in the Spire Indonesia report can information on what influences the lifespan of homes in Indonesia be located?,1.0,1,0.3333333333333333,0.6666666666666666,0.6666666666666666,1.0,1.0,310.17
crossdomain,baseline_clip,127,Can you provide the size of the master sleeping area in the villa design detailed in Samaru Journal of Information Studies Vol. 7 (1) 2007?,1.0,1,1.0,1.0,1.0,1.0,1.0,312.31
crossdomain,baseline_clip,128,How many drainage hoses are included with the model CMB-P1010V-G1 as per the provided items?,1.0,1,1.0,1.0,1.0,1.0,1.0,261.25
crossdomain,baseline_clip,129,What is the difference in the walkability scores between Ward 28 and Ward 21 in Khulna City?,1.0,1,0.3333333333333333,1.0,1.0,1.0,1.0,835.16
crossdomain,baseline_clip,130,What associations are covered by EFCA's European representation related to FIDIC?,2.0,2-5,0.0,1.0,1.0,0.5,0.5,1574.38
crossdomain,baseline_clip,131,How is the size relationship defined for the 1/4 Section 2530 map concerning land utilization in Portland?,3.0,2-5,0.0,1.0,1.0,0.3333333333333333,0.41666666666666663,1456.22
crossdomain,baseline_clip,132,How are IFC models linked with VIRTUOSO DYNAMIC ONTOLOGY within the BIM4EEB management framework?,1.0,1,1.0,1.0,1.0,1.0,1.0,1467.23
crossdomain,baseline_clip,133,Can you provide the detailed measurements for the tank shells used in the computational analysis?,1.0,1,0.5,1.0,1.0,1.0,1.0,1462.16
crossdomain,baseline_clip,134,Which conditions do not apply to the location at 1900 SW 4th Avenue regarding environmental and building hazards?,2.0,2-5,0.0,0.5,0.5,0.5,0.5,1148.93
crossdomain,baseline_clip,135,How are the panels configured in a machine-made gabion as detailed in the ASTM specification?,1.0,1,1.0,1.0,1.0,1.0,1.0,300.14
crossdomain,baseline_clip,136,Who is tasked with guaranteeing emergency entry under the guidelines of Title 31 within the technical specifications summary?,5.0,2-5,0.0,0.5,0.5,0.2,0.2,295.18
crossdomain,baseline_clip,137,Identify the reference details for the sewer consultation related to Greenside Recreation Fields submitted late December 2016.,1.0,1,0.5,1.0,1.0,1.0,1.0,289.38
crossdomain,baseline_clip,138,"In the comparative reference layout related to the RELUIS initiative, what are the specified characteristics of velocities, densities, and damping ratios for the distinct layers?",1.0,1,1.0,1.0,1.0,1.0,1.0,368.8
crossdomain,baseline_clip,139,How are the various slope characteristics designated from A to E in the geological survey of the ultrabasic rock region?,1.0,1,1.0,1.0,1.0,1.0,1.0,301.87
crossdomain,baseline_clip,140,What goals are set for evaluating the effectiveness of the shotcrete compositions within the described project parameters?,1.0,1,0.5,1.0,1.0,1.0,0.8333333333333333,280.15
crossdomain,baseline_clip,141,What methods are used to assess polyurethane adhesive performance in steel and wood joint structures as outlined in Annex A?,2.0,2-5,0.0,1.0,1.0,0.5,0.5833333333333333,262.75
crossdomain,baseline_clip,142,How do the cycle counts vary for different peak loads when testing panels secured with screws under dynamic conditions?,1.0,1,0.5,1.0,1.0,1.0,1.0,262.8
crossdomain,baseline_clip,143,"In shotcrete applications, how does the early compressive strength change when using a pozzolanic rheology control agent instead of silica fume, taking into account differences in surface area and particle dimensions?",1.0,1,0.25,1.0,1.0,1.0,0.95,347.9
crossdomain,baseline_clip,144,How have the employment figures and unemployment percentages shifted from mid-2018 to mid-2025 within the scope of transport and community services statistics?,3.0,2-5,0.0,1.0,1.0,0.3333333333333333,0.3333333333333333,317.53
crossdomain,baseline_clip,145,In what way does the configuration of the overload device pulley affect safety protocols during crane usage?,1.0,1,1.0,1.0,1.0,1.0,1.0,274.93
crossdomain,baseline_clip,146,"Incorporating color image and color mask streams, what configuration reaches the minimal Euclidean distance under the medium rate of learning?",1.0,1,0.25,1.0,1.0,1.0,1.0,297.17
crossdomain,baseline_clip,147,"For a model with 544,410 equations on a Pentium III machine, what is the difference in computation time between the MPCG_AMIS and Block Lanczos methods?",1.0,1,1.0,1.0,1.0,1.0,1.0,306.15
crossdomain,baseline_clip,148,What symbol is used to illustrate the connection of StarNet's independent flooring groups in professional analyses?,,>10,0.0,0.0,0.0,0.0,0.0,264.41
crossdomain,baseline_clip,149,How does the rapid 1/8000s shutter speed of the Hasselblad drone camera enhance the detection of archaeological elements?,1.0,1,0.5,1.0,1.0,1.0,1.0,272.58
crossdomain,baseline_clip,150,Which technique and GIS software are linked to the Constraint-Quadratic method described by Wood in 1996 for calculating slopes?,1.0,1,0.5,1.0,1.0,1.0,0.8333333333333333,301.34
crossdomain,baseline_clip,151,"In the 2021 study published in the ISPRS International Journal of Geo-Information, how accurate is the user’s detection of iron slag traces with SfM classification?",1.0,1,1.0,1.0,1.0,1.0,1.0,268.36
crossdomain,baseline_clip,152,How does the peak load change with varying screw end distances in connections involving steel sheathings?,3.0,2-5,0.0,1.0,1.0,0.3333333333333333,0.3333333333333333,313.68
crossdomain,baseline_clip,153,"In the context of the Midtown Santa Fe redevelopment, what objectives are prioritized for financial success and sustained value creation?",1.0,1,0.1111111111111111,0.4444444444444444,0.6666666666666666,1.0,0.9150793650793649,287.42
crossdomain,baseline_clip,154,What criteria does the Evenness assessment algorithm use to determine the status of line segments regarding their deviation limits?,1.0,1,1.0,1.0,1.0,1.0,1.0,258.27
crossdomain,baseline_clip,155,"In Portland's land evaluation process, how does the Bureau of Environmental Services contribute within the agency feedback segment?",3.0,2-5,0.0,0.5,0.5,0.3333333333333333,0.3333333333333333,269.71
crossdomain,baseline_clip,156,What is the location of the proposed replacement habitat in connection to the flood defense embankments near the hydropower plant at Brežice?,1.0,1,1.0,1.0,1.0,1.0,1.0,291.38
crossdomain,baseline_clip,157,"How do the job categories such as professionals, administrators, sales, and others compare in terms of very unsatisfactory workstation satisfaction levels?",1.0,1,1.0,1.0,1.0,1.0,1.0,277.39
crossdomain,baseline_clip,158,Which minerals predominantly make up the structure of granite according to the composition chart?,1.0,1,1.0,1.0,1.0,1.0,1.0,285.58
crossdomain,baseline_clip,159,"In the materials by Morley Glass & Glazing, what organization is associated with the Perfect Fit® roller blind?",1.0,1,1.0,1.0,1.0,1.0,1.0,252.9
crossdomain,baseline_clip,160,How does temperature variation affect the complex modulus of standard versus nano-enhanced bitumen according to the research?,1.0,1,1.0,1.0,1.0,1.0,1.0,296.59
crossdomain,baseline_clip,161,"In the analysis provided, what benefit is anticipated when SHM is not utilized after three decades?",1.0,1,1.0,1.0,1.0,1.0,1.0,279.8
crossdomain,baseline_clip,162,Identify the components and amounts in the proposed shotcrete mix that includes TYTRO® RC 430 as an additive.,1.0,1,0.5,1.0,1.0,1.0,1.0,303.05
crossdomain,baseline_clip,163,"What conclusions were drawn from the panel's February 27, 2018, inspection and discussions on the proposed lot division at 2 Inverary Drive, Kurmond?",1.0,1,0.3333333333333333,0.6666666666666666,0.6666666666666666,1.0,1.0,262.98
crossdomain,baseline_clip,164,What was the reason for failing to complete the submission of the 2017 Mid Term Evaluation Report to KfW?,1.0,1,1.0,1.0,1.0,1.0,1.0,305.04
crossdomain,baseline_clip,165,Which individual holds the position of Staff Engineer in the structural assessment documentation by Stork Twin City?,1.0,1,1.0,1.0,1.0,1.0,1.0,279.46
crossdomain,baseline_clip,166,Which machinery is usually employed to clear snow on River Street during December 2008 as depicted?,1.0,1,1.0,1.0,1.0,1.0,1.0,237.68
crossdomain,baseline_clip,167,"How do the components vary between the reference and proposed mixtures, where the latter incorporates a pozzolanic-based rheology control element, given a 0.46 w/c ratio?",1.0,1,0.5,1.0,1.0,1.0,0.7,285.45
crossdomain,baseline_clip,168,How are the rules defined in sections 33.654.130.B and 33.654.130.C concerning current and future dead-end street links?,1.0,1,1.0,1.0,1.0,1.0,1.0,276.54
crossdomain,baseline_clip,169,Can you list the roads scheduled for repair in the village's 2021 concrete program?,1.0,1,1.0,1.0,1.0,1.0,1.0,323.05
crossdomain,baseline_clip,170,What specific guidelines and documents pertain to the flood plain and Building Code Title 24 within the proposal?,2.0,2-5,0.0,1.0,1.0,0.5,0.5833333333333333,283.66
crossdomain,baseline_clip,171,"In the context of rubberised bitumen, what specifications and contaminant limits are set for crumb rubber?",1.0,1,1.0,1.0,1.0,1.0,1.0,263.93
crossdomain,baseline_clip,172,In what ways do the time history curves for nodal coordinates vary between dynamic and static conditions during the deployment of the CTS cable dome?,,>10,0.0,0.0,0.0,0.0,0.0,254.28
crossdomain,baseline_clip,173,How many nations are recipients of IntechOpen's distributed publications?,2.0,2-5,0.0,1.0,1.0,0.5,0.5,271.4
crossdomain,baseline_clip,174,In what manner do attendees engage with the displayed materials at the Vision Derby 2040 community event?,1.0,1,1.0,1.0,1.0,1.0,1.0,250.16
crossdomain,baseline_clip,175,"Based on the RF classifier's confusion matrix, what is the count of TH construction types that were correctly identified?",1.0,1,0.3333333333333333,0.6666666666666666,0.6666666666666666,1.0,1.0,295.41
crossdomain,baseline_clip,176,"In Fig. A1, what size is the rubber component utilized in assembling the specimen for prolonged stress evaluation?",1.0,1,1.0,1.0,1.0,1.0,1.0,265.25
crossdomain,baseline_clip,177,How did the erosion and accretion trends differ in the northern and southern parts of the Gialos shoreline from 1945 to 1972 compared to 1972 to 2000?,1.0,1,1.0,1.0,1.0,1.0,1.0,264.08
crossdomain,baseline_clip,178,What were the trends in employment and unemployment rates from mid-2020 to mid-2023 based on the dataset spanning from mid-2018 to mid-2025?,8.0,6-10,0.0,0.0,1.0,0.125,0.125,274.42
crossdomain,baseline_clip,179,For what reason was a scale of 1 inch equals 200 feet chosen for the design of Section 3825 in project LU 08-109725 LDP?,1.0,1,0.2,0.6,0.6,1.0,1.0,267.26
crossdomain,baseline_clip,180,Can you identify the criteria from the code chapters that do not apply because of the site's characteristics and proposal details?,1.0,1,0.5,1.0,1.0,1.0,0.8333333333333333,253.64
crossdomain,baseline_clip,181,What effect do changes in stud thickness and screw diameter have on the shear strength of screw connections as per the modeling outcomes?,1.0,1,0.2,0.8,1.0,1.0,0.9428571428571428,248.75
crossdomain,baseline_clip,182,Identify the person acting as the representative for the subdivision project located at 13035 NE Oregon Street.,1.0,1,1.0,1.0,1.0,1.0,1.0,258.99
crossdomain,baseline_clip,183,"How much is the projected expense for the 2008 PG Plaza Midblock Crossing initiative, and which activities contribute to this amount?",1.0,1,0.25,0.5,0.75,1.0,0.7666666666666666,270.96
crossdomain,baseline_clip,184,"During the May 3, 2021 Limestone County Commission meeting, to which entity was the SMART Board with serial SBB885-M2-B002848 assigned?",1.0,1,1.0,1.0,1.0,1.0,1.0,248.28
crossdomain,baseline_clip,185,Which documents comprise the applicant's declaration in the land use review from the year 2104?,1.0,1,0.5,0.5,0.5,1.0,1.0,253.5
crossdomain,baseline_clip,186,"In the context of the BIM4EEB Project, how does the ontology within the BIM management system enable connections between resources and entities?",1.0,1,1.0,1.0,1.0,1.0,1.0,262.96
crossdomain,baseline_clip,187,"How do the predicted construction types compare with the reference categories in terms of misclassification rates for S-DH, TH, and MFH?",1.0,1,0.3333333333333333,1.0,1.0,1.0,1.0,265.71
crossdomain,baseline_clip,188,How does the activity of Montmorillonite differ from Illite in the clay samples from Glee Geunteng hill?,1.0,1,0.5,1.0,1.0,1.0,1.0,282.0
crossdomain,baseline_clip,189,Which construction techniques or materials are identified for building a gravity oil-grit separator that includes a precast iron frame?,1.0,1,1.0,1.0,1.0,1.0,1.0,287.41
crossdomain,baseline_clip,190,What were the scheduled months for the new FMC's formation and training for the 2018 IGFs as outlined in the yearly summary?,1.0,1,1.0,1.0,1.0,1.0,1.0,938.49
crossdomain,baseline_clip,191,How are the components logically connected in the load structure depicted?,1.0,1,1.0,1.0,1.0,1.0,1.0,1004.24
crossdomain,baseline_clip,192,Which beam spread degrees are offered for different lighting fixtures as per technical details?,1.0,1,1.0,1.0,1.0,1.0,1.0,264.67
crossdomain,baseline_clip,193,"How does the blending moments difference change in percentage when the pliantness parameter is 1.00, moving from point 4 to point 10?",1.0,1,1.0,1.0,1.0,1.0,1.0,260.16
crossdomain,baseline_clip,194,"Which protective elements, like pedestrian barriers, are found in the New Carrollton station's layout plan?",3.0,2-5,0.0,1.0,1.0,0.3333333333333333,0.3333333333333333,262.35
crossdomain,baseline_clip,195,"In the shear strength evaluation, what are the load ratio extremes and cycle counts for tests involving sinusoidal loading?",1.0,1,0.5,1.0,1.0,1.0,1.0,278.07
crossdomain,baseline_clip,196,What are the differences in sensor pressure values between the configurations involving Pipe CD and Pipe DE?,1.0,1,1.0,1.0,1.0,1.0,1.0,271.03
crossdomain,baseline_clip,197,What were the key points and topics discussed during the Vision Derby 2040 community meeting?,1.0,1,1.0,1.0,1.0,1.0,1.0,255.38
crossdomain,baseline_clip,198,Which part in the KROLL GIANT CRANES setup is responsible for avoiding excessive load?,1.0,1,1.0,1.0,1.0,1.0,1.0,259.12
crossdomain,baseline_clip,199,What checks should be performed for the chainsaw before each operation?,1.0,1,0.5,1.0,1.0,1.0,1.0,272.29
crossdomain,baseline_clip,200,During which hours and at which locations can used beverage containers be left at the BOAA's collection event?,1.0,1,1.0,1.0,1.0,1.0,1.0,280.86
crossdomain,baseline_clip,201,How effective is Automize's latest service portal application in terms of automation success with ServiceNow?,1.0,1,1.0,1.0,1.0,1.0,1.0,261.22
crossdomain,baseline_clip,202,Which types of insurance associated with life risk are organized by Futuro?,1.0,1,1.0,1.0,1.0,1.0,1.0,305.06
crossdomain,baseline_clip,203,"In the CTM system, what are the current status and deadline for the task labeled 'check availability: semifinished goods'?",1.0,1,1.0,1.0,1.0,1.0,1.0,324.8
crossdomain,baseline_clip,204,"According to the quick guide, what key functionalities are highlighted for the Avaya 3720 DECT Telephone?",1.0,1,0.14285714285714285,0.7142857142857143,1.0,1.0,1.0,286.61
crossdomain,baseline_clip,205,What prompted Citizens to seek revised pricing for First Notice of Loss and basic support calls amidst current market fluctuations?,2.0,2-5,0.0,1.0,1.0,0.5,0.5333333333333333,315.15
crossdomain,baseline_clip,206,How do spam filters' (1-ROCA)% values distribute according to the patterns observed in the 2005 TREC evaluation?,1.0,1,1.0,1.0,1.0,1.0,1.0,316.55
crossdomain,baseline_clip,207,"What shifts occurred in the Canadian financial resilience index from early 2020 to early 2021, and how did this affect the emotional state of financially at-risk groups?",1.0,1,0.25,1.0,1.0,1.0,1.0,478.74
crossdomain,baseline_clip,208,Which issues and error explanations are specified in the CC408 user manual by Bosch Security Systems?,1.0,1,0.25,1.0,1.0,1.0,1.0,390.86
crossdomain,baseline_clip,209,"How does the COVID-19 Safety Marshal ensure the implementation of Aligned Leisure's protocols, specifically regarding the arrangement of worker groups to prevent overlap?",1.0,1,0.5,1.0,1.0,1.0,1.0,551.75
crossdomain,baseline_clip,210,On what day did Calero's analytics indicate the highest number of calls?,1.0,1,1.0,1.0,1.0,1.0,1.0,286.42
crossdomain,baseline_clip,211,What are the prior requirements needed for the Animal Science and Coin Collecting badges before the sessions?,1.0,1,0.25,1.0,1.0,1.0,0.95,469.84
crossdomain,baseline_clip,212,In what ways do the intended audiences of the APHIS initiative contrast with those targeted by the World Bank project?,1.0,1,1.0,1.0,1.0,1.0,1.0,1101.99
crossdomain,baseline_clip,213,"In the Dependable and Secure Computing document, what is the percentage of users who refused the 'Publish to Stream' option in the Firefox add-on?",1.0,1,1.0,1.0,1.0,1.0,1.0,615.69
crossdomain,baseline_clip,214,How does the highest level of concurrency vary in the BPMN process for hiring employees?,2.0,2-5,0.0,1.0,1.0,0.5,0.5,655.89
crossdomain,baseline_clip,215,"How did households identified as 'Extremely Vulnerable' adjust their behaviors amidst the pandemic, and what was the impact on their financial resilience ratings in 2020?",1.0,1,0.25,0.75,1.0,1.0,0.8928571428571428,424.83
crossdomain,baseline_clip,216,Where can you find the segment that deals with resolving device issues?,2.0,2-5,0.0,0.125,0.125,0.5,0.5,442.38
crossdomain,baseline_clip,217,How is the process of Design Thinking structured as outlined in Müller-Roterberg's guide?,1.0,1,0.5,1.0,1.0,1.0,1.0,330.33
crossdomain,baseline_clip,218,"Can you detail the sequence of actions for the 'order set items' task instance initiated on February 25, 2008, with the identifier 2008-02-25_11:04:25_+01:00_md:83?",,>10,0.0,0.0,0.0,0.0,0.0,489.85
crossdomain,baseline_clip,219,How many upvotes did the Reddit post receive regarding the request for a girlfriend to limit her wide smile in pictures?,1.0,1,1.0,1.0,1.0,1.0,1.0,342.4
crossdomain,baseline_clip,220,"In the MaxCS 9.0.1 release, how many characters are required at minimum for a password to access the lock extension?",1.0,1,1.0,1.0,1.0,1.0,1.0,370.06
crossdomain,baseline_clip,221,In what way does LA Express Park employ data from numerous smart meters to guide its parking services?,1.0,1,1.0,1.0,1.0,1.0,1.0,418.86
crossdomain,baseline_clip,222,"On June 30, 2015, what directories could be retrieved using the Barracuda Cloud-to-Cloud service?",1.0,1,0.5,1.0,1.0,1.0,1.0,299.46
crossdomain,baseline_clip,223,What methods are used to evaluate client requirements in advisory services for both life insurance and accident and sickness insurance?,1.0,1,0.3333333333333333,1.0,1.0,1.0,1.0,350.51
crossdomain,baseline_clip,224,In what ways does adopting an automation-driven modular content approach enhance supply chain efficiency and marketing strategies in healthcare?,1.0,1,0.25,1.0,1.0,1.0,1.0,390.3
crossdomain,baseline_clip,225,"In the Hotmail study, what fraction of the users possessing profiles make up the candidate group?",1.0,1,1.0,1.0,1.0,1.0,1.0,371.59
crossdomain,baseline_clip,226,"How did the tourism revenue growth rate in Kenya evolve between 1998 and 2011, based on data from the Kenya National Bureau of Statistics?",1.0,1,1.0,1.0,1.0,1.0,1.0,352.32
crossdomain,baseline_clip,227,In what way does the connection of cognitive capabilities and machine learning elements influence the functioning of reporting interfaces in the cloud architecture discussed?,1.0,1,1.0,1.0,1.0,1.0,1.0,384.5
crossdomain,baseline_clip,228,What was the alteration in overall operating expenses for GreenTree Hospitality Group Ltd. from the end of March 2019 to the end of March 2020 as detailed in their financial results?,1.0,1,0.25,0.75,0.75,1.0,1.0,400.79
crossdomain,baseline_clip,229,Which state's emblem in Australia prominently includes a black swan?,1.0,1,1.0,1.0,1.0,1.0,1.0,449.86
crossdomain,baseline_clip,230,What is the difference in linguistic variety between the original and CoCo-generated test datasets based on distinct n-gram measurements?,1.0,1,0.3333333333333333,1.0,1.0,1.0,0.8666666666666667,275.42
crossdomain,baseline_clip,231,What neural components are identified in the Change Quest™ Model as part of the transformation process?,1.0,1,1.0,1.0,1.0,1.0,1.0,262.9
crossdomain,baseline_clip,232,"In the database example, how do the employee start dates for Marketing differ from those in Shipping?",1.0,1,1.0,1.0,1.0,1.0,1.0,259.6
crossdomain,baseline_clip,233,What fraction of participants expressed full satisfaction regarding adherence to the course syllabus?,1.0,1,0.5,1.0,1.0,1.0,1.0,291.34
crossdomain,baseline_clip,234,What is the name of the Sentosa SG50 deal featuring both the Butterfly Park & Insect Kingdom and a one-hour Gogreen Bi-Pedal Bicycle experience?,1.0,1,1.0,1.0,1.0,1.0,1.0,248.21
crossdomain,baseline_clip,235,Could you provide the current state and completion percentage for the task identified by 2008-02-25_11:04:25_+01:00_md:83 within the workflow history?,1.0,1,1.0,1.0,1.0,1.0,1.0,342.87
crossdomain,baseline_clip,236,What are the suggested enhancements for guest experiences at the Wine Dine Macau event?,1.0,1,1.0,1.0,1.0,1.0,1.0,261.64
crossdomain,baseline_clip,237,What connector links a computer to a LAN of the Ethernet variety?,1.0,1,0.3333333333333333,0.3333333333333333,0.6666666666666666,1.0,0.6111111111111112,374.55
crossdomain,baseline_clip,238,"Which social networks are commonly utilized by charitable organizations for their digital strategy enhancements, based on 2019 trends?",6.0,6-10,0.0,0.0,1.0,0.16666666666666666,0.16666666666666666,282.87
crossdomain,baseline_clip,239,What is the reason for the nursery's improved cleaning routine for its furnishings and playthings?,1.0,1,0.3333333333333333,1.0,1.0,1.0,1.0,296.7
crossdomain,baseline_clip,240,What challenges might be encountered with deploying MobilePBX™ through group policy and how can these be addressed?,1.0,1,0.16666666666666666,0.8333333333333334,1.0,1.0,1.0,252.13
crossdomain,baseline_clip,241,Can you list the step-by-step tasks outlined in version 4 of the BPMN for recruiting a new staff member?,1.0,1,0.5,1.0,1.0,1.0,1.0,244.41
crossdomain,baseline_clip,242,Identify the earliest job commencement linked to department ID=20.,1.0,1,1.0,1.0,1.0,1.0,1.0,263.82
crossdomain,baseline_clip,243,"In Coombs' 2007b SCCT model, what effect does assigning 'crisis responsibility' have on the perception of an organization's reputation?",1.0,1,1.0,1.0,1.0,1.0,1.0,263.5
crossdomain,baseline_clip,244,What are the differences in latency from NYC to other areas within the DirectCLOUD infrastructure based on service metrics?,1.0,1,0.5,1.0,1.0,1.0,1.0,276.67
crossdomain,baseline_clip,245,"What are the variations in calculating coverage and premiums for accident and sickness insurance versus life insurance, taking into account client requirements and suggested plans?",1.0,1,0.3333333333333333,1.0,1.0,1.0,1.0,320.78
crossdomain,baseline_clip,246,"How do the authoring-centered and automation-centered strategies for modular content differ in the healthcare sector, especially regarding their effects on the transformation of the content supply chain from manual to automated processes?",1.0,1,0.25,1.0,1.0,1.0,1.0,258.6
crossdomain,baseline_clip,247,How much time does it take to process visa applications in the hiring workflow described using BPMN?,2.0,2-5,0.0,1.0,1.0,0.5,0.5,256.58
crossdomain,baseline_clip,248,Which certification concerning HR practices is highlighted in the guidance created by the Local Government Association and the Improvement and Development Agency?,1.0,1,1.0,1.0,1.0,1.0,1.0,245.95
crossdomain,baseline_clip,249,"During a security breach in a smart home setup with a video camera, where does the infection originate according to the Mirai botnet example?",1.0,1,1.0,1.0,1.0,1.0,1.0,250.96
crossdomain,baseline_clip,250,"How does the Bosch codepad communicate through sounds, and what do these sounds signify?",2.0,2-5,0.0,0.5,0.5,0.5,0.5,254.44
crossdomain,baseline_clip,251,How does 'P-tracking' function within the World Bank’s Social Observatory initiative in Tamil Nadu?,1.0,1,1.0,1.0,1.0,1.0,1.0,249.3
crossdomain,baseline_clip,252,"Can you detail the planned activities for the Iowa UPMA State Convention on April 23, 2021, at Mercy/Winslow?",1.0,1,0.25,1.0,1.0,1.0,1.0,1744.85
crossdomain,baseline_clip,253,How much of the REGIONS table is covered in the context of the Query Aware Shrink tool's data reduction?,1.0,1,1.0,1.0,1.0,1.0,1.0,271.97
crossdomain,baseline_clip,254,"What influence did changes in SQL query coverage have on the percentage decrease in the HR database, as noted in the detailed query coverage information?",1.0,1,1.0,1.0,1.0,1.0,1.0,251.27
crossdomain,baseline_clip,255,"Which individuals and subjects are featured at the Iowa UPMA State Convention on the morning of April 24, 2021?",1.0,1,0.25,1.0,1.0,1.0,1.0,270.71
crossdomain,baseline_clip,256,Which activities and icons are linked with the 2014 GoogleServe event's emblem?,1.0,1,1.0,1.0,1.0,1.0,1.0,241.77
crossdomain,baseline_clip,257,What is the percentage of students who favor retrieving library content online in relation to other digital services offered by the college?,1.0,1,0.5,1.0,1.0,1.0,1.0,283.86
crossdomain,baseline_clip,258,"According to the 2017 Global NGO Technology Report, how many email subscribers do large NGOs typically have on average?",1.0,1,1.0,1.0,1.0,1.0,1.0,264.94
crossdomain,baseline_clip,259,How does the symbol with an outreaching hand and a butterfly reflect the mission of Bereaved Parents of the USA?,1.0,1,1.0,1.0,1.0,1.0,1.0,295.31
crossdomain,baseline_clip,260,"What is the name of the award given to entities noted for prioritizing workforce investment, symbolized with a wreath?",,>10,0.0,0.0,0.0,0.0,0.0,262.23
crossdomain,baseline_clip,261,"In the context of Bosch's system, what is indicated when the FAULT light blinks?",1.0,1,0.5,0.5,0.5,1.0,1.0,266.11
crossdomain,baseline_clip,262,In what manner does the development of an elaborate business function model follow from the initial analysis stage?,1.0,1,1.0,1.0,1.0,1.0,1.0,275.6
crossdomain,baseline_clip,263,Which educational and resource initiatives are outlined by the Minister for accessibility in Manitoba for the fiscal years 2021/22 and 2022/23?,1.0,1,0.2,0.8,0.8,1.0,0.95,230.88
crossdomain,baseline_clip,264,"At the McDixon Apple Orchard, how does water flow from the area with Container Shrubs towards the water purification section?",1.0,1,1.0,1.0,1.0,1.0,1.0,270.54
crossdomain,baseline_clip,265,How many Instagram followers do large non-governmental organizations typically have based on the 2017 Global NGO Technology Report?,1.0,1,0.5,1.0,1.0,1.0,1.0,244.75
crossdomain,baseline_clip,266,What is the reason for disabling the METRIXUSAGE function in certain roles due to concerns about database expansion affecting system efficiency?,1.0,1,0.5,1.0,1.0,1.0,0.8333333333333333,276.47
crossdomain,baseline_clip,267,What are the Office 365 components that remain unbacked according to the Cloud-to-Cloud sources from Barracuda's technical overview?,1.0,1,0.5,1.0,1.0,1.0,1.0,356.94
crossdomain,baseline_clip,268,Which sessions are planned for the mid-July Wednesday in the ASAT summer schedule at Chapel Haven?,1.0,1,0.25,1.0,1.0,1.0,1.0,271.14
crossdomain,baseline_clip,269,"What is the number of individuals allowed to participate in the Excellence Roundtable for the second pricing level of $15,000?",1.0,1,1.0,1.0,1.0,1.0,1.0,274.34
crossdomain,baseline_clip,270,In which specific settings within medical facilities is the 'yewdale Harrier' found to be appropriate?,1.0,1,1.0,1.0,1.0,1.0,1.0,304.31
crossdomain,baseline_clip,271,"How are engagement levels distributed among the groups of users with profiles, queries, and candidates totaling 151 million, 32 million, and 11 million respectively?",1.0,1,1.0,1.0,1.0,1.0,1.0,250.7
crossdomain,baseline_clip,272,How does the fourth stage differ from the third in the Employee Experience maturity framework described by The Josh Bersin Company?,1.0,1,1.0,1.0,1.0,1.0,1.0,274.35
crossdomain,baseline_clip,273,What is the personnel-focused certification cited in the framework provided by the LGA and IDeA?,1.0,1,1.0,1.0,1.0,1.0,1.0,338.35
crossdomain,baseline_clip,274,"In what ways do the Public Speaking and Animal Science merit badges contribute to skill growth in Scouts BSA, and what preparation must be done beforehand for these activities?",1.0,1,0.5,1.0,1.0,1.0,1.0,288.19
crossdomain,baseline_clip,275,"Which activities, including categories like Working and Leisure, are monitored by users in the Happimeter application?",1.0,1,1.0,1.0,1.0,1.0,1.0,293.48
crossdomain,baseline_clip,276,How does incrementally updating the classifier with both spam and ham messages affect spam error rates over ten months?,1.0,1,1.0,1.0,1.0,1.0,1.0,269.93
crossdomain,baseline_clip,277,Can you list the specific times recorded for the task 'order set items' within the process shipment sequence from February to March 2008?,,>10,0.0,0.0,0.0,0.0,0.0,295.6
crossdomain,baseline_clip,278,What impact did utilizing the filtering and sorting features have on the sensitivity to pricing and rating during booking in the used scenario within Condition 2b?,1.0,1,0.3333333333333333,1.0,1.0,1.0,0.7000000000000001,251.35
crossdomain,baseline_clip,279,Which fabrics are advised by NSW Health for safeguarding against insects like mosquitoes and ticks?,1.0,1,0.5,1.0,1.0,1.0,1.0,282.76
crossdomain,baseline_clip,280,"What reasons necessitate calling the installer for service related to wireless devices, and what is the method to add more user codes for handling the system?",2.0,2-5,0.0,0.3333333333333333,0.8333333333333334,0.5,0.5444444444444445,1007.14
crossdomain,baseline_clip,281,"What is the efficiency of using blacklists and additional checks to decrease spam, and how do delay strategies affect the processing of legitimate and spam emails in a corporation's email infrastructure?",1.0,1,0.3333333333333333,1.0,1.0,1.0,1.0,279.45
crossdomain,baseline_clip,282,"From the start of the year until mid-year, what are the major initiatives for chapter growth, such as building the team and engaging with community partners?",1.0,1,0.5,1.0,1.0,1.0,1.0,290.65
crossdomain,baseline_clip,283,How do the qualitative approaches of the World Bank researchers in India differ from those used by LA Express Park in California?,1.0,1,1.0,1.0,1.0,1.0,1.0,266.41
crossdomain,baseline_clip,284,"How many individuals rely on online resources to locate places to stay, eat, and visit while traveling?",1.0,1,1.0,1.0,1.0,1.0,1.0,279.55
crossdomain,baseline_clip,285,What trend is observed in the number of clients required for balance as Cr values change in the scenario of recurring tour cancellations?,1.0,1,0.5,1.0,1.0,1.0,1.0,283.2
crossdomain,baseline_clip,286,"By what percentage did the total income drop for GreenTree Hospitality's hotels, both leased-and-operated and franchised-and-managed, between March 31, 2019, and March 31, 2020?",1.0,1,0.2,0.8,0.8,1.0,1.0,272.82
crossdomain,baseline_clip,287,What features define the product setup of Yewdale Vitesse that utilizes a purple theme?,1.0,1,1.0,1.0,1.0,1.0,1.0,277.59
crossdomain,baseline_clip,288,Can you provide the code and most recent evaluation date for Tetra Tech's safeguarding document?,1.0,1,0.5,1.0,1.0,1.0,1.0,348.12
crossdomain,baseline_clip,289,How does the proportion of language-sharing user pairs change according to the ASP and affinity evaluations in Figure 7?,1.0,1,0.5,1.0,1.0,1.0,1.0,305.2
crossdomain,baseline_clip,290,How do the unique n-gram ratio values compare for language diversity between the Ori-test and CoCo-test datasets?,1.0,1,0.3333333333333333,0.3333333333333333,0.6666666666666666,1.0,0.6666666666666666,285.84
crossdomain,baseline_clip,291,"In the visuals associated with 'Yewdale Harrier,' what is the main environment portrayed?",1.0,1,1.0,1.0,1.0,1.0,1.0,286.6
crossdomain,baseline_clip,292,What culinary tasks are the helpers involved in to assist the elderly group in Burin - St. Patrick’s Parish?,1.0,1,1.0,1.0,1.0,1.0,1.0,292.42
crossdomain,baseline_clip,293,Which guidelines must parents adhere to when parking at the school for safety and community courtesy?,1.0,1,0.5,1.0,1.0,1.0,1.0,265.23
crossdomain,baseline_clip,294,"In examining the K-Subsets results, what are the differences in top and bottom mean percentages of 1-ROCA for the dataset from SpamAssassin?",1.0,1,1.0,1.0,1.0,1.0,1.0,348.7
crossdomain,baseline_clip,295,When can items be dropped off for the BOAA's recycling event?,1.0,1,1.0,1.0,1.0,1.0,1.0,300.73
crossdomain,baseline_clip,296,What are the platforms configured for online backup in the Technical Marketing cloud-to-cloud section?,1.0,1,1.0,1.0,1.0,1.0,1.0,255.23
crossdomain,baseline_clip,297,"In the context of the study published in Vol. 12, No. 6 of the International Journal of Advanced Computer Science and Applications, what variations are observed in the precision, recall, and F-score metrics when comparing the Support Vector Machines and Decision Tree algorithms across STC, Mobily, and Zain?",1.0,1,0.3333333333333333,1.0,1.0,1.0,1.0,266.29
crossdomain,baseline_clip,298,What is the customer count for Automize's recently launched portal application?,1.0,1,1.0,1.0,1.0,1.0,1.0,270.07
crossdomain,baseline_clip,299,Can you provide the job identifier and current state for the Test Workplace - Pledge Response Report created on 26th May 2021?,1.0,1,0.3333333333333333,0.6666666666666666,0.6666666666666666,1.0,1.0,252.88
crossdomain,baseline_clip,300,What distinguishes the Transformative Approach from the Additive Approach in multicultural education regarding curriculum modifications and the perspectives taught?,1.0,1,1.0,1.0,1.0,1.0,1.0,294.53
crossdomain,baseline_clip,301,Identify the Unicode designation for the uppercase Greek letter eta.,1.0,1,0.3333333333333333,1.0,1.0,1.0,1.0,284.35
crossdomain,baseline_clip,302,"In Brad Bell’s design studios, what fundamental elements make up the repetitive systems in digital fabrication methods?",1.0,1,1.0,1.0,1.0,1.0,1.0,267.45
crossdomain,baseline_clip,303,"In the study, what relationship is observed between the error compared to the practice target and the average pitch error during transfer, as shown by an R Squared of 0.476?",1.0,1,1.0,1.0,1.0,1.0,1.0,308.9
crossdomain,baseline_clip,304,What causes some to interpret religious messages in a way that emphasizes hidden meanings and aligns with hyper faith concepts?,1.0,1,0.3333333333333333,1.0,1.0,1.0,1.0,270.15
crossdomain,baseline_clip,305,"How does the Social Action Approach, according to Cumming-McCann, enhance multicultural education by involving students in addressing societal issues?",1.0,1,1.0,1.0,1.0,1.0,1.0,314.71
crossdomain,baseline_clip,306,How does the duration above the reward level change over neurofeedback periods based on the analysis in the Asia Pacific Journal of Neurotherapy?,1.0,1,1.0,1.0,1.0,1.0,1.0,280.11
crossdomain,baseline_clip,307,Can you provide the ISSN for the Environmental Protection journal from SCIRP?,2.0,2-5,0.0,1.0,1.0,0.5,0.5,293.97
crossdomain,baseline_clip,308,"How many confirmed cases of the virus were reported in Japan by February 6, 2020?",2.0,2-5,0.0,1.0,1.0,0.5,0.5,251.21
crossdomain,baseline_clip,309,"In the context of the English system, which unit is used to measure kinematic viscosity as outlined in the dimensions chart?",1.0,1,1.0,1.0,1.0,1.0,1.0,260.89
crossdomain,baseline_clip,310,"In the Sustainable Design & Systems Medicine Lab's resources, how is the Sustainable Process Index quantified?",1.0,1,1.0,1.0,1.0,1.0,1.0,278.23
crossdomain,baseline_clip,311,"How do the probability patterns for events X1, X2, X3, and X4 appear when employing multinomial sampling, considering combinations such as p12 and p1234?",1.0,1,0.5,1.0,1.0,1.0,1.0,307.76
crossdomain,baseline_clip,312,What is the number of visual representations provided by the US Treasury Dept. in comparison to the World Health Organization based on the taxonomy?,1.0,1,1.0,1.0,1.0,1.0,1.0,742.73
crossdomain,baseline_clip,313,Which volume and issue of the 'Journal of Environmental Protection' from SCIRP corresponds to the release in February 2014?,2.0,2-5,0.0,1.0,1.0,0.5,0.5,278.31
crossdomain,baseline_clip,314,Can you provide the average score and consistency measure for the Raven Advanced test from the statistical data?,1.0,1,1.0,1.0,1.0,1.0,1.0,271.28
crossdomain,baseline_clip,315,Identify the Unicode code U+0025 and its associated name for the symbol denoting a percentage.,1.0,1,0.3333333333333333,1.0,1.0,1.0,1.0,333.38
crossdomain,baseline_clip,316,How are force and pressure measured in terms of dimensions and preferred units in S.I. and E.S. standards in the provided physics data?,1.0,1,1.0,1.0,1.0,1.0,1.0,301.07
crossdomain,baseline_clip,317,Can you provide the teaching time for Instructor D in the adaptable classroom setup?,1.0,1,1.0,1.0,1.0,1.0,1.0,293.49
crossdomain,baseline_clip,318,"In the S.I. and E.S. systems, what are the dimensions and units used to express mass?",1.0,1,1.0,1.0,1.0,1.0,1.0,268.62
crossdomain,baseline_clip,319,"In the context of Outcome Based Education, what categories of learning preferences are recognized?",1.0,1,1.0,1.0,1.0,1.0,1.0,266.05
crossdomain,baseline_clip,320,How does the money collected by St. Barbara since July 1st compare to the planned figures?,1.0,1,0.5,1.0,1.0,1.0,0.75,289.42
crossdomain,baseline_clip,321,Which year marks the initial publication of the earliest novel in the list of works associated with the Carnation Revolution?,1.0,1,0.5,1.0,1.0,1.0,1.0,271.27
crossdomain,baseline_clip,322,How do the cavalry figures differ between the French and Prussian armies in terms of representation during the Waterloo engagement?,1.0,1,1.0,1.0,1.0,1.0,1.0,270.43
crossdomain,baseline_clip,323,"How many educators completely concur that students in diverse classrooms are more receptive to new social ideas, based on research from 2021 in a sociology journal?",1.0,1,1.0,1.0,1.0,1.0,1.0,287.25
crossdomain,baseline_clip,324,Who supported the 'Speed Is No Game' effort financially?,1.0,1,1.0,1.0,1.0,1.0,1.0,274.78
crossdomain,baseline_clip,325,Which natural and man-made landmarks are indicated close to Encino Park on the 1985 topographic chart of a Texan city?,1.0,1,1.0,1.0,1.0,1.0,1.0,275.5
crossdomain,baseline_clip,326,"What does the research by Nabirye, de Schryver, and Verhoeven reveal about the differences between Lusoga's sound transcriptions and written forms?",1.0,1,0.5,1.0,1.0,1.0,1.0,274.42
crossdomain,baseline_clip,327,How does the Social Action Approach extend beyond the Transformative Approach in Allison Cumming-McCann's framework for multicultural teaching methods?,1.0,1,1.0,1.0,1.0,1.0,1.0,271.51
crossdomain,baseline_clip,328,"In the early 1900s, what were the measurements of the Winged Box kite utilized by Mr. Barton during British contests?",1.0,1,1.0,1.0,1.0,1.0,1.0,255.06
crossdomain,baseline_clip,329,Identify the character for U+002A in Unicode and describe its alternative forms as shown.,1.0,1,0.3333333333333333,1.0,1.0,1.0,1.0,270.76
crossdomain,baseline_clip,330,How are the z-scores distributed for 'Can obtain beverages at school' across the different models of obesity risk classes?,1.0,1,1.0,1.0,1.0,1.0,1.0,265.53
crossdomain,baseline_clip,331,What causes the variation in PSC response between tactile and auditory stimuli in blind individuals in the first experiment?,1.0,1,1.0,1.0,1.0,1.0,1.0,267.99
crossdomain,baseline_clip,332,What are the differences in years of experience between those who can and cannot perform the L-sit Cross position on the Spanish national gymnastics team?,1.0,1,1.0,1.0,1.0,1.0,1.0,295.97
crossdomain,baseline_clip,333,What are the typical teacher responses when students struggle to answer in English language assessments?,1.0,1,1.0,1.0,1.0,1.0,1.0,429.33
crossdomain,baseline_clip,334,How can learners connect new knowledge to what they already know in an adult education setting?,1.0,1,1.0,1.0,1.0,1.0,1.0,275.76
crossdomain,baseline_clip,335,Who is the educator assigned to the 12:20 time slot in the traditional setting?,1.0,1,1.0,1.0,1.0,1.0,1.0,279.65
crossdomain,baseline_clip,336,"In what ways can a lack of comprehension of the historical cultural context, like in Matt 19:24 or Rev 3:8, lead to incorrect interpretations of the Bible?",1.0,1,0.3333333333333333,1.0,1.0,1.0,1.0,292.76
crossdomain,baseline_clip,337,"Between maintaining a stable position and executing techniques while balanced, which action is more frequently used by Thai fighters than UK fighters based on the model?",1.0,1,1.0,1.0,1.0,1.0,1.0,274.27
crossdomain,baseline_clip,338,"From which group did the highest quantity of visual content originate, focusing on academic sources?",7.0,6-10,0.0,0.0,1.0,0.14285714285714285,0.14285714285714285,297.46
crossdomain,baseline_clip,339,"Who are the writers whose publications from the 1980s appear in the collection of stories about the Carnation Revolution noted in the Journal of Social Science Education, Spring 2015?",1.0,1,0.5,1.0,1.0,1.0,1.0,313.83
crossdomain,baseline_clip,340,"Based on the IOJET 2021 study, which methods for assessing homework are employed by over five educators?",1.0,1,1.0,1.0,1.0,1.0,1.0,300.78
crossdomain,baseline_clip,341,"What is the duration in days between when COVID-19 was identified and February 14, 2020, based on the data provided?",1.0,1,1.0,1.0,1.0,1.0,1.0,270.31
crossdomain,baseline_clip,342,"Among Year 10 students uncertain about their school work being marked constructively, what is the percentage who have tried cannabis?",1.0,1,1.0,1.0,1.0,1.0,1.0,285.79
crossdomain,baseline_clip,343,In what way do different organizations like government bodies and news media distribute their visualization sources?,2.0,2-5,0.0,1.0,1.0,0.5,0.5,275.9
crossdomain,baseline_clip,344,"How do different statistical measures recommend the best model for obesity risk classes, considering criteria like the Bayesian Information Criterion?",1.0,1,0.5,1.0,1.0,1.0,0.8333333333333333,286.0
crossdomain,baseline_clip,345,Which items did Léopold-Lévy employ while painting landscapes outside in the Provence region?,1.0,1,1.0,1.0,1.0,1.0,1.0,290.54
crossdomain,baseline_clip,346,"What is the reason for bar charts having the highest prevalence, at 25.4%, in governmental and international organization datasets compared to other sources?",1.0,1,1.0,1.0,1.0,1.0,1.0,297.03
crossdomain,baseline_clip,347,"How do the reliability figures for measures like OSpan, SymSpan, and others compare?",2.0,2-5,0.0,0.5,0.5,0.5,0.5,279.89
crossdomain,baseline_clip,348,Which wintertime outdoor tasks are highlighted in the PCA Elementary curriculum aimed at holistic growth?,1.0,1,1.0,1.0,1.0,1.0,1.0,265.2
crossdomain,baseline_clip,349,What distinguishes the Contributions method from the Transformative method in terms of incorporating perspectives in multicultural education?,1.0,1,1.0,1.0,1.0,1.0,1.0,287.16
crossdomain,baseline_clip,350,"Which individual is credited with writing 'A Farmer’s Primer on Growing Rice,' linked to research by Dr. Vergara?",1.0,1,1.0,1.0,1.0,1.0,1.0,271.81
crossdomain,baseline_clip,351,How does the normalized weight difference change across epochs for layers in the PFC and Hidden model?,1.0,1,1.0,1.0,1.0,1.0,1.0,279.61
crossdomain,baseline_clip,352,Which design elements linked to buildings are included in Escher's reimagined Prentententoonstelling studies?,1.0,1,0.5,1.0,1.0,1.0,1.0,343.81
crossdomain,baseline_clip,353,What was the amount received via postal envelopes in the collection for the May 8th and 9th weekend at the church?,1.0,1,0.5,1.0,1.0,1.0,0.75,257.21
crossdomain,baseline_clip,354,What role does engaging with new information play in enhancing recall within training frameworks for adults?,1.0,1,1.0,1.0,1.0,1.0,1.0,259.03
crossdomain,baseline_clip,355,"In the second experiment, what confirmation rating is observed between the translator and publishing entities?",1.0,1,0.5,0.5,1.0,1.0,0.6111111111111112,264.95
crossdomain,baseline_clip,356,"How does the distribution of factor scores vary by age in the density analysis utilizing MAMBAC, MAXCOV, and L-Mode methods?",1.0,1,1.0,1.0,1.0,1.0,1.0,290.36
crossdomain,baseline_clip,357,"For Experiment 2, what values are given for probability and confirmation when 'beer' is paired with 'publishing'?",1.0,1,0.5,1.0,1.0,1.0,1.0,319.14
crossdomain,baseline_clip,358,"According to the 2017 SNAAP report, what portion of recent graduates firmly believe they would have gained from financial management skills?",1.0,1,1.0,1.0,1.0,1.0,1.0,265.66
crossdomain,baseline_clip,359,"Based on the SNAAP Special Report 2017, how many alumni reported a strong agreement with their exposure to a wide-ranging network of creatives and leaders during their educational development?",1.0,1,1.0,1.0,1.0,1.0,1.0,283.85
crossdomain,baseline_clip,360,"What causes the variation in TERE values between traditional soy products and non-dairy soy alternatives, particularly concerning estradiol levels?",1.0,1,1.0,1.0,1.0,1.0,1.0,293.67
crossdomain,baseline_clip,361,In what ways are the approaches to inclusivity in classroom settings distinguished based on the stages outlined by the diversity inclusivity framework by Hanover Research from February 2018?,1.0,1,1.0,1.0,1.0,1.0,1.0,282.85
crossdomain,baseline_clip,362,"Considering BIC and BLRT metrics along with simplicity, which class model is best suited for evaluating obesity risk related to home and school?",2.0,2-5,0.0,1.0,1.0,0.5,0.5833333333333333,294.21
crossdomain,baseline_clip,363,"Can you provide the skewness figures for the measures OspanS, SymspanS, and RspanS in tasks assessing working memory storage?",1.0,1,1.0,1.0,1.0,1.0,1.0,349.31
crossdomain,baseline_clip,364,How does gender affect behavioral learning based on the statistical analysis results?,1.0,1,0.5,1.0,1.0,1.0,1.0,287.95
crossdomain,baseline_clip,365,"How is 'malaria' expressed in Lusoga, and what is its translation along with the phonetic representation?",1.0,1,0.5,1.0,1.0,1.0,1.0,278.51
crossdomain,baseline_clip,366,"To what extent did attendees perceive the diversity training as receptive to others' opinions, rated on a 1 to 5 scale?",1.0,1,1.0,1.0,1.0,1.0,1.0,254.22
crossdomain,baseline_clip,367,"In Study 3B's AMP, what chance is there for a positive response when experimental primes are used in the error classification?",1.0,1,1.0,1.0,1.0,1.0,1.0,263.92
crossdomain,baseline_clip,368,"In Lusoga phonetic transcription, how is the act of producing a hissing noise represented?",1.0,1,0.5,1.0,1.0,1.0,1.0,278.05
crossdomain,baseline_clip,369,"In the multinomial sampling model, how are the relationships between X1, X2, X3, and X4 defined using probabilities like p12, p13, and p123?",1.0,1,0.5,1.0,1.0,1.0,0.8333333333333333,300.16
crossdomain,baseline_clip,370,"During educational sessions dedicated to arts and music, which particular tasks are students engaged in?",1.0,1,0.5,1.0,1.0,1.0,1.0,291.91
crossdomain,baseline_clip,371,"In the investigation conducted by Pfizer and Rowan, what are the input rates for IPA and water in the waste stream of the celecoxib production?",1.0,1,1.0,1.0,1.0,1.0,1.0,274.85
crossdomain,baseline_clip,372,"According to Hanover Research's 2018 Diversity Inclusivity Continuum, how should course content evolve to better incorporate multicultural elements?",1.0,1,1.0,1.0,1.0,1.0,1.0,286.56
crossdomain,baseline_clip,373,"How do persuasion outcomes vary between individuals with high and low levels of knowledge in immediate and delayed assessments, based on the elaboration-likelihood model study?",1.0,1,1.0,1.0,1.0,1.0,1.0,256.83
crossdomain,baseline_clip,374,"In the Leabra algorithm-based study, how does the ability to generalize vary between different PFC network setups when they are trained on the complete set of tasks?",1.0,1,1.0,1.0,1.0,1.0,1.0,244.25
crossdomain,baseline_clip,375,"In the 2021 study published in the Borno Medical Journal, what fraction of participants expressed indecision regarding the preventative extraction of wisdom teeth?",1.0,1,1.0,1.0,1.0,1.0,1.0,276.31
crossdomain,baseline_clip,376,"On another world, what option best signifies the clothing donned by the monarch the Little Prince met?",1.0,1,0.3333333333333333,0.3333333333333333,1.0,1.0,0.5277777777777778,323.89
crossdomain,baseline_clip,377,"In group NE, what is the variation in /i/ response proportions across spectral steps from /ɪ/ to /i/ during time T4?",1.0,1,1.0,1.0,1.0,1.0,1.0,360.3
crossdomain,baseline_clip,378,"What is the comparative binding affinity of genistein to estrogen receptors in newer soy food versions versus traditional ones, based on the provided data?",1.0,1,1.0,1.0,1.0,1.0,1.0,358.01
crossdomain,baseline_clip,379,How do the success rates change over quartiles during a paired memory task controlled by specific software?,1.0,1,1.0,1.0,1.0,1.0,1.0,655.68
crossdomain,baseline_clip,380,Which holiday precedes the SCC Teams gathering on the evening of April 13th?,1.0,1,1.0,1.0,1.0,1.0,1.0,300.33
crossdomain,baseline_clip,381,"By five years old, what communication skills should children have, such as extended conversational turns, and what steps can be taken if there are concerns about these abilities?",1.0,1,0.25,1.0,1.0,1.0,1.0,271.85
crossdomain,baseline_clip,382,How does arranging new concepts in line with what is already known help decrease confusion while studying?,1.0,1,1.0,1.0,1.0,1.0,1.0,274.21
crossdomain,baseline_clip,383,"What are the artillery numbers for the French, Anglo-Allied, and Prussian forces during Waterloo as per the 2025 figures?",1.0,1,1.0,1.0,1.0,1.0,1.0,274.27
crossdomain,baseline_clip,384,Which methods are outlined in Lukas Einkemmer's thesis from the University of Innsbruck's math department for addressing non-linear differential equations?,1.0,1,0.5,1.0,1.0,1.0,1.0,287.63
crossdomain,baseline_clip,385,In what way does the breakdown of isospin for pN → NNπ processes correspond to the isospin conditions of nucleon pairs such as those represented by σ10(d) or σ10(np) + σ11?,1.0,1,0.5,1.0,1.0,1.0,1.0,263.17
crossdomain,baseline_clip,386,Can you provide the linear regression coefficients for specific instructors involved in the behavioral learning study?,1.0,1,0.5,1.0,1.0,1.0,1.0,291.76
crossdomain,baseline_clip,387,"Which elements constitute the unified data exchange in the realm of big data, featuring both internal systems and Hadoop clusters?",1.0,1,1.0,1.0,1.0,1.0,1.0,275.81
crossdomain,baseline_clip,388,How do the free parameters (k) for Noncompliance compare between GMM and LCGA at six classes?,1.0,1,1.0,1.0,1.0,1.0,1.0,274.42
crossdomain,baseline_clip,389,"At an angle of 142.5, how do the Value and Chroma differ between conditions 1-3 and 4-6 in the Munsell color system?",1.0,1,0.5,1.0,1.0,1.0,1.0,274.32
crossdomain,baseline_clip,390,How does the weighting pattern of /i/-related cues change from the first to the fifth duration step for group KA?,1.0,1,1.0,1.0,1.0,1.0,1.0,307.26
crossdomain,baseline_clip,391,"How do the Contributions, Additive, Transformative, and Social Action methods impact content integration challenges in multicultural education?",1.0,1,1.0,1.0,1.0,1.0,1.0,285.08
crossdomain,baseline_clip,392,How does average spine density change through developmental stages for ace-1(p1000);ace-2(g72) versus unc-17(e113) in studies involving C. elegans neural circuits?,1.0,1,1.0,1.0,1.0,1.0,1.0,311.71
crossdomain,baseline_clip,393,"Between dense flint and crown glasses, which exhibits a larger disparity in refractive indices at the wavelengths 656.3 nm and 404.7 nm?",1.0,1,1.0,1.0,1.0,1.0,1.0,310.35
crossdomain,baseline_clip,394,How do the ace-1(p1000);ace-2(g72) and unc-17(e113) genetic alterations affect dendritic spine density during different growth stages in C. elegans?,1.0,1,1.0,1.0,1.0,1.0,1.0,267.77
crossdomain,baseline_clip,395,"At what levels, including micro, meso, and macro, does Health Policy and Systems Research (HPSR) operate?",1.0,1,1.0,1.0,1.0,1.0,1.0,283.81
crossdomain,baseline_clip,396,"How many visual representations originate from scientific journals, particularly Nature, and what count of these stand alone?",5.0,2-5,0.0,1.0,1.0,0.2,0.2,306.48
crossdomain,baseline_clip,397,"In Study 3B, what is the comparison of standardized mean evaluations for groups based on accuracy in explicit assessments?",1.0,1,1.0,1.0,1.0,1.0,1.0,285.19
crossdomain,baseline_clip,398,"Which reading items are part of the 24-hour reading activities organized by Lizzie Williams, as seen in the OU RfP site?",1.0,1,1.0,1.0,1.0,1.0,1.0,297.01
crossdomain,baseline_clip,399,What is the arrangement of data flow in merged systems for analytics that includes processes like extraction and the use of data marts?,1.0,1,1.0,1.0,1.0,1.0,1.0,285.46
crossdomain,baseline_clip,400,How does the electrical potential vary between starting and ending states when charging at a higher temperature and discharging at a lower temperature in this experiment?,1.0,1,1.0,1.0,1.0,1.0,1.0,272.34
crossdomain,baseline_clip,401,"In an alkaline environment with oxygen reduction at potentials ranging from 0.4 to 0.8 V versus RHE, what differences are observed in the efficiency of H2O2 generation between graphite electrodes modified with anthraquinone and those without modification?",1.0,1,1.0,1.0,1.0,1.0,1.0,269.84
crossdomain,baseline_clip,402,Which procedures were employed for enzymatic conversion and fermentation after treating rice straw with a mixture of sodium carbonate and sodium sulfite at elevated temperature?,1.0,1,0.5,1.0,1.0,1.0,1.0,288.65
crossdomain,baseline_clip,403,"Between 2010 and 2015 in the Western Canada Sedimentary Basin, what is the difference in the share of high-magnitude seismic occurrences linked to wells used for fluid disposal compared to those utilized for hydraulic fracturing?",1.0,1,1.0,1.0,1.0,1.0,1.0,310.2
crossdomain,baseline_clip,404,What was the shift in accumulated profits for EQTEC plc over the period from mid-2015 to the end of 2016?,1.0,1,0.3333333333333333,1.0,1.0,1.0,1.0,308.66
crossdomain,baseline_clip,405,"In the Chabahar solar still investigation conducted on July 6, how did shifting the surrounding air temperature from 20 degrees Celsius to 40 degrees Celsius influence the overall volume of distilled water collected per unit area?",1.0,1,0.5,1.0,1.0,1.0,1.0,318.49
crossdomain,baseline_clip,406,Which entity is acknowledged as the central technology institution in the Q2 2021 overview addressing regulatory changes in net metering and distributed solar generation initiatives within The 50 States of Solar analysis?,1.0,1,1.0,1.0,1.0,1.0,1.0,262.03
crossdomain,baseline_clip,407,"When the methane input is held constant at 9 NL min⁻¹ during the gas-solid equilibrium tests, what impact does varying the ratio of oxidant to reformer stream have on process conditions?",1.0,1,1.0,1.0,1.0,1.0,1.0,262.1
crossdomain,baseline_clip,408,How does the average fluid output per second of the solar-based sprayer compare when run exclusively from solar energy versus when using either the 1SMF or MF9-B backup batteries throughout daylight hours?,1.0,1,0.5,1.0,1.0,1.0,1.0,284.32
crossdomain,baseline_clip,409,"For applicants seeking funding through the REF Brownfield initiative who are incorporating energy storage, what are the detailed stipulations for the signed agreement covering the storage aspect?",1.0,1,1.0,1.0,1.0,1.0,1.0,278.93
crossdomain,baseline_clip,410,How does the electron transfer count during the oxygen reduction process differ between a graphite electrode modified with anthraquinone and an unmodified graphite rod when examined across 0.4 to 0.8 volts versus the reversible hydrogen electrode?,1.0,1,1.0,1.0,1.0,1.0,1.0,347.19
crossdomain,baseline_clip,411,By how much did the gap between the US and UK natural gas benchmarks increase from one day to the next on 20 and 21 July 2021?,1.0,1,0.25,0.5,0.75,1.0,0.8095238095238094,278.53
crossdomain,baseline_clip,412,"During the interval from 1972 to 2013 in the Raton Basin area, when did the most powerful seismic event with a magnitude of 5.3 occur?",1.0,1,1.0,1.0,1.0,1.0,1.0,292.83
crossdomain,baseline_clip,413,How thick is the a-MoSx film produced by the cyclic voltammetry-based deposition onto the Ti/p-InP structure according to the reported experimental procedure?,1.0,1,1.0,1.0,1.0,1.0,1.0,298.54
crossdomain,baseline_clip,414,What were the significant shifts and turning points in the monthly average petroleum cost (in USD) between the spring of 2008 and the end of winter 2012 as tracked by the Department of Commerce?,2.0,2-5,0.0,1.0,1.0,0.5,0.5,256.29
crossdomain,baseline_clip,415,How do the high and statistically notable estimates for specific parameters in the B matrix of the asymmetric BEKK model clarify the ongoing influence of prior fluctuations on subsequent volatility in EUA returns throughout the second stage of the EU Emissions Trading System?,1.0,1,0.5,1.0,1.0,1.0,0.8333333333333333,275.12
crossdomain,baseline_clip,416,"Which steps concerning advance planning, authority notifications, environmental assessments, crew briefings, and securing the vessel must be followed before and during mooring according to the listed requirements?",1.0,1,0.5,1.0,1.0,1.0,1.0,277.54
crossdomain,baseline_clip,417,"For the NEK region, what proportions of passenger vehicles are expected to operate on electric power in 2025, 2035, and 2050 based on anticipated shifts away from internal combustion engines?",1.0,1,1.0,1.0,1.0,1.0,1.0,292.32
crossdomain,baseline_clip,418,"What trend is observed in the percentage of light reflected as a function of light wavelength for indium phosphide nanostructures with different measured depths of 4.3, 9.2, 16.9, and 24.5 micrometers under laboratory testing?",1.0,1,1.0,1.0,1.0,1.0,1.0,301.31
crossdomain,baseline_clip,419,"During the period from 1990 to 2015, what differences are evident in how petroleum use evolved in the Asia Pacific region compared to North America?",,>10,0.0,0.0,0.0,0.0,0.0,314.51
crossdomain,baseline_clip,420,"How are expenses distributed among key areas such as equipment, chemical usage, labor, and management in algae-based biofuel manufacturing using either alkali or enzyme-driven approaches?",1.0,1,0.5,1.0,1.0,1.0,1.0,267.21
crossdomain,baseline_clip,421,"Within the computational scenarios outlined for various parameter settings, what range was assigned to the vertical placement of the chimney connection?",1.0,1,0.5,0.5,0.5,1.0,1.0,269.75
crossdomain,baseline_clip,422,Which path is anticipated for the specialized transport carrying decommissioned Navy reactor material between the Ballston Spa Rail Spur and the Kesselring facility?,1.0,1,1.0,1.0,1.0,1.0,1.0,267.45
crossdomain,baseline_clip,423,List the principal actions and their associated timestamps during the B5.1 experimental protocol for nuclear system evaluation.,1.0,1,1.0,1.0,1.0,1.0,1.0,261.9
crossdomain,baseline_clip,424,"During the 2008-2012 period of the EU Emissions Trading System, what does the statistically significant value of the parameter reflecting the transfer of fluctuations from the carbon permits market to Brent crude oil suggest according to the asymmetric BEKK approach?",1.0,1,0.5,1.0,1.0,1.0,1.0,310.3
crossdomain,baseline_clip,425,"How much backing do people give to ending the use of gasoline and diesel vehicles, based on the research by Adrian Rinscheid and colleagues?",1.0,1,1.0,1.0,1.0,1.0,1.0,281.9
crossdomain,baseline_clip,426,"Across the six weeks, how much did stored energy values fluctuate among the twenty participants applying the quartet of control approaches in Australia?",1.0,1,1.0,1.0,1.0,1.0,1.0,263.41
crossdomain,baseline_clip,427,In what way does the depiction of a vivid sunset reflect environmental concerns addressed during the 2020 Australian Bushfire summit?,1.0,1,1.0,1.0,1.0,1.0,1.0,254.9
crossdomain,baseline_clip,428,How do the estimated values of propagation rate and starting load reduction compare across the three examined system loading conditions in the IEEE 300 bus cascading failure simulations?,1.0,1,1.0,1.0,1.0,1.0,1.0,282.95
crossdomain,baseline_clip,429,Which prominent urban centers can be found close to the land-water-land area dividing Sweden and Denmark known for its coastal environment studies?,1.0,1,1.0,1.0,1.0,1.0,1.0,309.46
crossdomain,baseline_clip,430,"Which values were set for agitation speed, electrical current, experiment length, and counter material in the additive evaluation process using a Hull-cell for plating lead?",1.0,1,0.5,1.0,1.0,1.0,1.0,269.83
crossdomain,baseline_clip,431,What were the variations in year-over-year shifts in auction outcomes across each LDA between the 2020/2021 and 2021/2022 delivery periods within the PJM market?,1.0,1,1.0,1.0,1.0,1.0,1.0,266.27
crossdomain,baseline_clip,432,"For the 5500XL, which problems could lead to the unit failing to achieve sufficient heat to engage the circulation fan, as described under trouble code three?",1.0,1,0.25,1.0,1.0,1.0,0.8875,300.96
crossdomain,baseline_clip,433,What trends are observed in global primary energy use between 1990 and 2060 when considering major scenario projections developed by various international organizations and companies?,1.0,1,1.0,1.0,1.0,1.0,1.0,278.24
crossdomain,baseline_clip,434,"Within the stage focused on direct field evaluations in the chemical analysis protocol, what are the subsections included?",1.0,1,0.5,0.5,0.5,1.0,1.0,276.23
crossdomain,baseline_clip,435,"What process does the FINIX software use to alternate between temperature-related and structural calculations for fuel rods, including the sequence of steps and criteria for repeating thermal or mechanical evaluations?",1.0,1,1.0,1.0,1.0,1.0,1.0,315.11
crossdomain,baseline_clip,436,"By how much did the UK natural gas benchmark value denominated in US dollars per MMBtu differ from July 20 to July 21, 2021?",1.0,1,0.25,0.75,0.75,1.0,0.9166666666666666,367.49
crossdomain,baseline_clip,437,What are the differences in calculated life expectancy at 80°C and 100°C for NYCWY 0.6/1 kV 4x10/10 mm2 power cable samples following 11-hour and 15-hour high-temperature treatments at either 125°C or 140°C?,1.0,1,0.5,1.0,1.0,1.0,1.0,351.04
crossdomain,baseline_clip,438,In what way does the light reflection behavior differ between flat indium phosphide and nanostructured indium phosphide films with a range of pore extensions when measured across various wavelengths?,1.0,1,1.0,1.0,1.0,1.0,1.0,278.26
crossdomain,baseline_clip,439,"How do the roles of residents in running and managing solar energy systems vary across the segmented, shared, and both types of direct sale models in apartment complexes?",1.0,1,0.3333333333333333,1.0,1.0,1.0,1.0,281.51
crossdomain,baseline_clip,440,"How did the main US and Asia LNG benchmark contracts for the prompt delivery month shift in value in dollars per MMBtu from July 20 to July 21, 2021?",1.0,1,0.25,0.5,0.75,1.0,0.7777777777777778,274.88
crossdomain,baseline_clip,441,"In simulations of liberalized power sector markets using autonomous decision-making entities, what icons are used to indicate major world monetary units such as the US, European, and British currencies?",1.0,1,1.0,1.0,1.0,1.0,1.0,281.21
crossdomain,baseline_clip,442,"At the Sapphire Wind Farm Community Consultative Committee gathering, who has ongoing responsibility for communicating updates on talks related to lighting for aircraft?",1.0,1,0.5,1.0,1.0,1.0,1.0,310.28
crossdomain,baseline_clip,443,"In the Nepal-TRNSCGE framework, how are the different segments of household travel demand organized into individually-owned and externally-provided options, and what are the subsequent breakdowns based on mode of vehicle and types of propulsion systems?",1.0,1,1.0,1.0,1.0,1.0,1.0,263.0
crossdomain,baseline_clip,444,"To what extent do emissions differ from the 1990 benchmark across the four modeled pathways for the electricity, natural gas, and transportation categories?",1.0,1,0.5,1.0,1.0,1.0,0.7,265.53
crossdomain,baseline_clip,445,What variation is observed in the computed flapwise and chordwise cyclic bending moments for wind turbine blades when applying Spera's formulas across different standard deviation indices from zero to three?,1.0,1,0.5,1.0,1.0,1.0,1.0,328.62
crossdomain,baseline_clip,446,"According to Part L of the Building Regulations 2002, how does the permitted thermal transmittance for wall structures compare between newly constructed properties and those undergoing significant changes?",1.0,1,0.5,0.5,0.5,1.0,1.0,289.27
crossdomain,baseline_clip,447,"How does the amount of immediate energy received by a crystalline module, according to the SQ Flex Sizing WinCAPS calculations, vary throughout daylight hours?",1.0,1,1.0,1.0,1.0,1.0,1.0,280.41
crossdomain,baseline_clip,448,"How did the value of Algerian hydrocarbon shipments to Europe evolve from 2017 through 2020 as reported by Eurostat, and what was the scale of the drop following the highest point?",1.0,1,0.5,1.0,1.0,1.0,1.0,311.23
crossdomain,baseline_clip,449,"Between April and June 2021, what differences were observed in the spot market trajectories for 37kt shipments from the UK Continent to the US Atlantic Coast and 30kt movements from Singapore to Australia?",1.0,1,1.0,1.0,1.0,1.0,1.0,291.35
crossdomain,baseline_clip,450,"Can you provide the specific values of overall heat transfer and correction factors applied to the heat exchangers, namely the heater processing flue gas to CO2, the recuperator exchanging CO2 with itself, and the cooler transferring heat from CO2 to water, as determined in the sCO2 cycle cost assessment by Matteo Marchionni and colleagues in 2017?",1.0,1,0.3333333333333333,1.0,1.0,1.0,0.9166666666666666,258.7
crossdomain,baseline_clip,451,"For a detached residential building featuring a slab-on-grade foundation located in the 6A climate region, how much did building expenses change when moving from the 2012 to the 2015 International Energy Conservation Code?",1.0,1,0.3333333333333333,1.0,1.0,1.0,1.0,529.27
crossdomain,baseline_clip,452,"Identify the entry among the geospatial datasets that offers height measurements in a collection of spatial points, specifying its file format and the organization responsible for supplying it.",1.0,1,0.5,0.5,0.5,1.0,1.0,259.83
crossdomain,baseline_clip,453,"In a floating wind turbine system, which structural section is designed to house more than one type of ballast, and how are these ballast types positioned relative to one another within that section?",1.0,1,1.0,1.0,1.0,1.0,1.0,294.65
crossdomain,baseline_clip,454,"In what manner do meteorological inputs and half-hourly operational checks influence the proposal, validation, and execution of electricity sales and delivery within a virtual power plant arrangement?",1.0,1,1.0,1.0,1.0,1.0,1.0,270.07
crossdomain,baseline_clip,455,"During the 2016 efforts by California's regulatory authorities following the SoCalGas Aliso Canyon incident, which measure accounted for the greatest decrease in the use of natural gas, based on therm equivalents?",1.0,1,0.5,1.0,1.0,1.0,1.0,266.96
crossdomain,baseline_clip,456,"What are the differences in the percentage allocation of operating expenses such as electricity, wages, asset write-off, and miscellaneous costs between the hydroponic cultivation approach using traditional lighting and the intended OZEPf configuration?",1.0,1,1.0,1.0,1.0,1.0,1.0,305.13
crossdomain,baseline_clip,457,"When utilizing pineapple residues for glucose utilization in the SSCF procedure, what numerical value is obtained for the parameter γ in the Logistic-based modified Luedeking-Piret kinetic modeling?",1.0,1,0.3333333333333333,1.0,1.0,1.0,1.0,272.28
crossdomain,baseline_clip,458,"In harmonic phase angle studies, what impact does varying the direction of incoming flow have on the spatial distributions observed for Ur at values of 6 and 8?",2.0,2-5,0.0,1.0,1.0,0.5,0.5,282.94
crossdomain,baseline_clip,459,"What arrangement and modes of engagement were evident among those discussing energy priorities and governmental involvement in the Yukon, particularly in relation to collaborative brainstorming tools?",1.0,1,1.0,1.0,1.0,1.0,1.0,286.17
crossdomain,baseline_clip,460,"What hardware elements and their interconnections, such as those that manage electrical storage, regulation, and monitoring, can be found in the Helios 2 solar setup?",2.0,2-5,0.0,1.0,1.0,0.5,0.5,287.25
crossdomain,baseline_clip,461,"During the 2009 ZESCO performance review covering January through September, what was the cumulative weighted result attributed to System Losses?",1.0,1,0.3333333333333333,1.0,1.0,1.0,1.0,291.03
crossdomain,baseline_clip,462,What was the impact on cumulative purified water output per unit area when air movement increased from still conditions to 10 meters per second during the July 6 Chabahar solar distillation test?,1.0,1,0.5,1.0,1.0,1.0,1.0,270.1
crossdomain,baseline_clip,463,"For the IEEE 300 bus network, what value does the mean cascading parameter reach when the system operates at 1.1 times its typical demand?",1.0,1,1.0,1.0,1.0,1.0,1.0,312.83
crossdomain,baseline_clip,464,"For the best-performing silicon photovoltaic device featuring nanostructures and an area factor of 2.30, independently evaluated by TÜV Corporation using AM 1.5G light, what are the reported metrics for maximum open-circuit voltage, short-circuit current, fill factor, and conversion efficiency?",1.0,1,1.0,1.0,1.0,1.0,1.0,282.89
crossdomain,baseline_clip,465,"Which labeled repositories within the organization, specifically identified as S1 to S3, contribute information that undergoes preparation before being included in the CRM system?",1.0,1,1.0,1.0,1.0,1.0,1.0,263.35
crossdomain,baseline_clip,466,What was the combined aerodynamic resistance value for all main structural elements of the experimental setup when using the rotor area as the basis for calculation?,1.0,1,0.5,1.0,1.0,1.0,1.0,285.48
crossdomain,baseline_clip,467,"How is a phasor-based evaluation of harmonics systematically performed in an ISM-based distribution network, beginning with the starting condition and specifying the procedure for deciding when to halt the iterative assessment?",1.0,1,1.0,1.0,1.0,1.0,1.0,274.16
crossdomain,baseline_clip,468,"How do the values of generated electricity per unit of water for fish farming operations compare among the main Spanish river basins such as Duero, Ebro, Jucar, and Tajo?",1.0,1,1.0,1.0,1.0,1.0,1.0,283.41
crossdomain,baseline_clip,469,Over what decade following the adoption of robust state measures targeting non-renewable energy usage is the most significant decrease in fossil energy use achieved?,1.0,1,1.0,1.0,1.0,1.0,1.0,289.79
crossdomain,baseline_clip,470,Which parts of New York City are powered by electrical energy originating from both fossil-based gaseous and liquid fuels?,1.0,1,1.0,1.0,1.0,1.0,1.0,283.8
crossdomain,baseline_clip,471,"Between 2016 and 2020, what shift occurred in the share of API-based offerings for the electricity market platform operated by Nord Pool?",1.0,1,1.0,1.0,1.0,1.0,1.0,286.38
crossdomain,baseline_clip,472,What trends and major year-to-year variations were observed in the proportion of NEM Forward Market activity relative to physical volume between the financial years 1999/00 and 2018/19?,1.0,1,1.0,1.0,1.0,1.0,1.0,279.6
crossdomain,baseline_clip,473,"How does the use of fuel supplied to local power plants like Astoria, Arthur Kill, and Ravenswood contrast with electricity brought in from outside regions when serving New York City’s energy demands?",1.0,1,1.0,1.0,1.0,1.0,1.0,258.02
crossdomain,baseline_clip,474,"For individuals renting in apartment complexes, which of the four listed solar energy arrangements minimizes paperwork and organizational tasks for residents?",1.0,1,0.3333333333333333,1.0,1.0,1.0,1.0,307.63
crossdomain,baseline_clip,475,"In the scenario of an inter-turn winding issue within a large-capacity oil-immersed distribution transformer, what trend is observed in the phase A leakage inductance as the proportion of damaged winding turns increases?",1.0,1,1.0,1.0,1.0,1.0,1.0,276.28
crossdomain,baseline_clip,476,"Over the years 2006 to 2031, what was the impact of mechanisms aimed at emissions reduction on the balance of power output between advanced and conventional natural gas combined cycle technologies?",1.0,1,1.0,1.0,1.0,1.0,1.0,386.73
crossdomain,baseline_clip,477,Which designated initiative focuses on long-term scenario exploration and challenging assumptions about energy futures in Europe for the year 2050?,2.0,2-5,0.0,1.0,1.0,0.5,0.5,282.57
crossdomain,baseline_clip,478,"How do the upfront investment requirements per kilowatt for wind and solar power installations evolve from the start of the period in 2020 to the end in 2050, based on figures provided in the 2021 Energy Systems Research conference?",1.0,1,0.5,0.5,1.0,1.0,0.6111111111111112,284.39
crossdomain,baseline_clip,479,"Which measures related to aircraft warning lights were listed as follow-up tasks at the April 30, 2019 gathering of the consultative group for the Sapphire Wind Farm in Inverell?",1.0,1,0.5,1.0,1.0,1.0,1.0,379.06
crossdomain,baseline_clip,480,What was the effect on the precision of peripheral assembly power estimates when comparing two different TCP0 scattering treatments during benchmark simulations of a one-dimensional reactor model proposed by a South Korean institution?,1.0,1,0.5,1.0,1.0,1.0,1.0,317.72
crossdomain,baseline_clip,481,"In the context of vessel loading or unloading, what are the specified practices for maintaining crew communications throughout the transfer, such as the use of specific radio equipment and channels?",1.0,1,0.5,1.0,1.0,1.0,1.0,399.8
crossdomain,baseline_clip,482,What secondary heading appears under the main title for the summary report concerning the 8.8-megawatt wind energy development at Parzeczew in Poland?,1.0,1,0.3333333333333333,1.0,1.0,1.0,1.0,275.3
crossdomain,baseline_clip,483,"How did TDO's ownership percentages in the VIC/P57 and VIC/L31 sites within the Gippsland Basin, Victoria alter from the end of June 2014 to the end of December 2014?",1.0,1,0.5,1.0,1.0,1.0,1.0,331.54
crossdomain,baseline_clip,484,"For the Enhanced Affiliate Actual Cost Transparency initiative involving PSEG Long Island and LIPA, which people handled modifications to each project draft, and when and why were these updates carried out?",1.0,1,0.5,1.0,1.0,1.0,1.0,282.09
crossdomain,baseline_clip,485,"Which values correspond to the building heating load factors for each of the eight time intervals described in the 2013 optimization analysis featured in Volume 1, Issue 4 of the Journal of Sustainable Development of Energy, Water and Environment Systems?",1.0,1,0.5,0.5,0.5,1.0,1.0,284.37
crossdomain,baseline_clip,486,What was the difference in the operating activity cash outflows for EQTEC plc comparing the end of 2015 to the same date in 2016?,1.0,1,1.0,1.0,1.0,1.0,1.0,318.72
crossdomain,baseline_clip,487,Which web address corresponds to the organisation providing assistance to at-risk residents in Clackmannanshire through the energy-focused LEAP initiative?,1.0,1,1.0,1.0,1.0,1.0,1.0,274.35
crossdomain,baseline_clip,488,"How did the front-month settlement for Henry Hub, measured in US dollars per MMBtu, change from July 20 to July 21, 2021?",1.0,1,0.25,0.5,0.75,1.0,0.8333333333333334,267.67
crossdomain,baseline_clip,489,"What shifts occurred in atomic power usage patterns among major world areas, particularly growth in Asia Pacific and changes in North America, over the period 1990 to 2015?",1.0,1,1.0,1.0,1.0,1.0,1.0,275.92
crossdomain,baseline_clip,490,Which short-form denotes the method of transforming gaseous substances into liquid products using the X-to-Liquids approach in the energy sector?,1.0,1,1.0,1.0,1.0,1.0,1.0,277.36
crossdomain,baseline_clip,491,"Within the boundaries of Vic/P57, how are the various leads distributed between those associated with the higher and lower stratigraphic sections of the Latrobe Group?",5.0,2-5,0.0,0.5,0.5,0.2,0.2,266.97
crossdomain,baseline_clip,492,"Over the colder months spanning from late autumn to early spring, which device out of the heater, computer, dishwasher, and toaster reaches the most pronounced spikes in power usage, and how does its maximum consumption differ from the others during these months?",1.0,1,0.5,1.0,1.0,1.0,1.0,618.3
crossdomain,baseline_clip,493,"How do the measured quantities of conventional fuel used per kilowatt-hour of electricity differ among the Exergetic, ORGRES, SFU, and Physical calculation approaches when both electric and thermal outputs are generated together?",1.0,1,0.5,1.0,1.0,1.0,1.0,320.1
crossdomain,baseline_clip,494,"Between the two sodium-based electrolyte formulations, which one demonstrates the highest heat-releasing event upon heating, and near what temperature does this event take place?",1.0,1,1.0,1.0,1.0,1.0,1.0,528.79
crossdomain,baseline_clip,495,"In community-focused initiatives aimed at expanding sustainable power solutions, how is small-batch biofuel fabrication carried out to support local economic activity when implemented by groups skilled in advancing access for underserved populations?",2.0,2-5,0.0,1.0,1.0,0.5,0.5,348.16
crossdomain,baseline_clip,496,How does the total capacity for onshore wind installations evolve between 2020 and 2050 in the study conducted by Michael Child and colleagues published in Energy Procedia 135 (2017)?,2.0,2-5,0.0,1.0,1.0,0.5,0.5,291.82
crossdomain,baseline_clip,497,"Which quantitative feed composition values and molar ratios were set for methane, carbon dioxide, water, and O/R during experiments with the fixed-bed system for chemical looping?",1.0,1,1.0,1.0,1.0,1.0,1.0,270.03
crossdomain,baseline_clip,498,"Which high, medium, and lower voltage dataset categories are managed by the intelligent remote control unit within the advanced substation framework?",1.0,1,1.0,1.0,1.0,1.0,1.0,292.43
crossdomain,baseline_clip,499,"Which aspects related to ecological value, such as habitat surroundings, legally designated areas, avian and bat species, and other organisms of concern, are highlighted in the summary of the wind energy development?",1.0,1,1.0,1.0,1.0,1.0,1.0,246.6
crossdomain,baseline_clip,500,"In the context of WAM Active's financials, how does the NTA before tax differ between June 2021 and the previous month, May 2021?",1.0,1,0.5,1.0,1.0,1.0,1.0,278.47
crossdomain,baseline_clip,501,"In the World Political Economy blog, which economic concern is tied to the concept of 'Regulatory Expansion' as it pertains to global political and economic discussions?",1.0,1,1.0,1.0,1.0,1.0,1.0,249.9
crossdomain,baseline_clip,502,What impact do alterations in mating patterns and distribution shifts have on the Gini index and Lorenz curves for income disparity in the years 1960 and 2005?,1.0,1,0.3333333333333333,1.0,1.0,1.0,1.0,280.08
crossdomain,baseline_clip,503,What was the variation in the net book value for right-of-use assets reported in property and equipment categories from early April to the end of September 2019 with the application of HKFRS 16?,1.0,1,0.5,1.0,1.0,1.0,1.0,247.65
crossdomain,baseline_clip,504,Was funding allocated for the call center services outsourcing in the 2020 budget plan?,2.0,2-5,0.0,1.0,1.0,0.5,0.5,256.62
crossdomain,baseline_clip,505,"How has the RIT Capital discount or premium rate changed in the years before May 2021, as noted by BSE Limited?",4.0,2-5,0.0,1.0,1.0,0.25,0.25,270.43
crossdomain,baseline_clip,506,What approaches were emphasized at the APEC 2017 gathering to improve food security and support sustainable farming amidst climate challenges?,1.0,1,1.0,1.0,1.0,1.0,1.0,271.14
crossdomain,baseline_clip,507,What is the relationship between the £3.90 million forecast variance and the allocation of £2 million from the Covid reserve in the 2021/22 budget?,1.0,1,0.3333333333333333,1.0,1.0,1.0,0.9166666666666666,287.37
crossdomain,baseline_clip,508,"Within the financial groups mentioned, which one is associated with managing European funds and assets?",1.0,1,1.0,1.0,1.0,1.0,1.0,252.51
crossdomain,baseline_clip,509,What were the notable fluctuations and highest points in the quota percentage of fund arrangements from 2000 to 2007 according to the GRA Credit Outstanding data?,1.0,1,1.0,1.0,1.0,1.0,1.0,335.43
crossdomain,baseline_clip,510,What are the variations in GDP impact for the PRC due to Covid-19 under several potential cases as discussed in the 2020 publication of the International Journal of Advanced Science and Technology?,1.0,1,1.0,1.0,1.0,1.0,1.0,262.18
crossdomain,baseline_clip,511,"According to the EXPRESSCREDIT SIA financial statements, how did the value of 1 EUR change between the end of 2017 and the end of 2018?",1.0,1,1.0,1.0,1.0,1.0,1.0,262.2
crossdomain,baseline_clip,512,How are the dependent and independent variables connected within the neural network's experimental framework?,1.0,1,1.0,1.0,1.0,1.0,1.0,351.86
crossdomain,baseline_clip,513,How does the financial data detail the yearly access assumptions for specific arrangements such as SBA/PRGF/SAF and SRF?,1.0,1,0.5,1.0,1.0,1.0,0.8333333333333333,263.4
crossdomain,baseline_clip,514,"Which factors are considered important for investment decisions concerning BA’s role, the quality of the product or service, and market appeal, according to the hierarchical structure?",1.0,1,1.0,1.0,1.0,1.0,1.0,270.27
crossdomain,baseline_clip,515,Which forms and certificates are required for overseas investors to benefit from the treaty-adjusted tax rate?,1.0,1,1.0,1.0,1.0,1.0,1.0,279.75
crossdomain,baseline_clip,516,"What variation occurred in the Bureau de Change (BDC) segment's average exchange rate in Nigeria between the first quarter of 2012 and the last quarter of 2013, as detailed in the FY-2013 Economic Report and 2014 Outlook?",1.0,1,1.0,1.0,1.0,1.0,1.0,319.2
crossdomain,baseline_clip,517,"How much funding has been designated for the utility expenditures and bulk buying in the town's financial ledger, specifically under the code 1089200?",1.0,1,0.5,1.0,1.0,1.0,0.75,262.11
crossdomain,baseline_clip,518,"Which investment considerations, such as involvement from business angels and the appeal of products and markets, are emphasized for making decisions?",1.0,1,1.0,1.0,1.0,1.0,1.0,287.61
crossdomain,baseline_clip,519,How has the insider trading ratio of sales to purchases changed in the latest data provided by Washington Service and Bloomberg?,1.0,1,1.0,1.0,1.0,1.0,1.0,270.76
crossdomain,baseline_clip,520,What is the relationship between NLP-based policy indicators and the actual policy balance throughout the years in the context of Federal Reserve reviews?,1.0,1,1.0,1.0,1.0,1.0,1.0,248.45
crossdomain,baseline_clip,521,"By the end of April 2021, how did the components of the BDC loan under the Highly Affected Sectors Credit Availability Program adjust?",1.0,1,0.5,1.0,1.0,1.0,1.0,252.86
crossdomain,baseline_clip,522,"How many contracts must be controlled in Corporate Tax Futures to meet the accountability level of more than 50,000 contracts?",1.0,1,0.5,1.0,1.0,1.0,1.0,287.35
crossdomain,baseline_clip,523,How has the South African Rand's value changed relative to the US Dollar over the last five decades in terms of its purchasing power alignment?,1.0,1,0.5,1.0,1.0,1.0,1.0,265.02
crossdomain,baseline_clip,524,How does VOL_DER relate to SP500 based on the quantitative findings for the US financial market?,1.0,1,1.0,1.0,1.0,1.0,1.0,239.13
crossdomain,baseline_clip,525,"According to the 2003 Executive Opinion Survey, how were countries ranked by the quality of their education systems?",1.0,1,1.0,1.0,1.0,1.0,1.0,298.4
crossdomain,baseline_clip,526,What is the comparison between the current trade receivables and those overdue by more than a year as of mid-2010 for Filinvest Development Corporation?,1.0,1,0.5,1.0,1.0,1.0,1.0,264.12
crossdomain,baseline_clip,527,How did currency fluctuations affect the valuation of mine plant and equipment in ZCI Limited's financials for the fiscal year ending 2014?,1.0,1,1.0,1.0,1.0,1.0,1.0,260.43
crossdomain,baseline_clip,528,"Can you detail the breakdown of the company's 2016 income tax, covering Hong Kong and international taxes as well as deferred tax?",1.0,1,0.5,1.0,1.0,1.0,0.8333333333333333,293.03
crossdomain,baseline_clip,529,What is the difference between the MSCI World Index's cumulative price and total returns over the period from 1988 to mid-2021?,1.0,1,1.0,1.0,1.0,1.0,1.0,243.32
crossdomain,baseline_clip,530,"According to the Nahmani Grunder forecast as of April 2021, what were the anticipated percentage shifts for the S&P 500, Europe Stoxx 600, and MSCI EM indices in the year 2020?",1.0,1,1.0,1.0,1.0,1.0,1.0,291.79
crossdomain,baseline_clip,531,"What explains the connection between owning a tax haven subsidiary and reduced effective tax rates, according to the statistical analyses involving GETR and Naively-Averaged ExTR?",1.0,1,0.25,1.0,1.0,1.0,1.0,266.22
crossdomain,baseline_clip,532,What was the comparison between the COVID-19 basket inflation's annual rate change and the official inflation rate from early 2020 to March 2021?,,>10,0.0,0.0,0.0,0.0,0.0,264.3
crossdomain,baseline_clip,533,"In comparing the various parameters like ω2 and β2, what are their respective η2 measurements?",,>10,0.0,0.0,0.0,0.0,0.0,285.91
crossdomain,baseline_clip,534,"Based on Lea's 2010 analysis, which nations prioritize variable rate mortgages over other mortgage types?",1.0,1,1.0,1.0,1.0,1.0,1.0,333.47
crossdomain,baseline_clip,535,"Based on the statistics from 1994 to 2011, how many children do women in Denmark and Sweden have on average a decade after their first childbirth?",1.0,1,0.5,1.0,1.0,1.0,1.0,260.24
crossdomain,baseline_clip,536,"For the fiscal year 2018, what was the quantity of entitlements given to Mr. Brayan within the framework of the Special plan?",1.0,1,1.0,1.0,1.0,1.0,1.0,274.9
crossdomain,baseline_clip,537,How did output per worker change between 2010 and 2018 in certain emerging markets like Indonesia and Mexico?,1.0,1,1.0,1.0,1.0,1.0,1.0,382.51
crossdomain,baseline_clip,538,"At South University, how do the financial reduction goals of the Provost and the President contrast?",1.0,1,1.0,1.0,1.0,1.0,1.0,281.9
crossdomain,baseline_clip,539,"In the timeframe from April 2016 to March 2019, what is the difference in volatility of ETH's CG – CC spreads when comparing Q3-18 to Q1-19?",1.0,1,1.0,1.0,1.0,1.0,1.0,283.27
crossdomain,baseline_clip,540,"How are the allowances for outdated and sluggish items allocated for raw materials and trading inventories as of mid-2018, covering both the start and during the period?",1.0,1,0.5,1.0,1.0,1.0,1.0,280.01
crossdomain,baseline_clip,541,How can premature redemption of a financial instrument lead to losses for a client?,1.0,1,0.5,1.0,1.0,1.0,0.75,301.22
crossdomain,baseline_clip,542,What were the differences between temporary-layoff and jobless unemployment rates regarding their trend from early 2020 to mid-2021?,1.0,1,1.0,1.0,1.0,1.0,1.0,242.51
crossdomain,baseline_clip,543,How much equity is allocated to the Company's shareholders in 2012 under HKFRS?,5.0,2-5,0.0,0.5,1.0,0.2,0.24285714285714285,279.77
crossdomain,baseline_clip,544,"Within the Webcon BPS workflow for registering sales opportunities, what happens if the negotiation phase ends without a positive outcome?",1.0,1,1.0,1.0,1.0,1.0,1.0,287.76
crossdomain,baseline_clip,545,Can you identify the GWAC percentages for home loans from the years 2009 and 2010 based on the given information?,1.0,1,1.0,1.0,1.0,1.0,1.0,264.22
crossdomain,baseline_clip,546,"Identify the unique statistical measures ω2, γ2, θ2, β2, η2, ξ2, p22, and UV2 along with their intervals used in the evaluation of complex models.",1.0,1,1.0,1.0,1.0,1.0,1.0,253.46
crossdomain,baseline_clip,547,What changes occurred in the 30-Year Fixed Mortgage rate between the second quarter of 2015 and the third quarter of 2018 in the scenario outlined by PNC during their 2016 Mid-Cycle Stress Test?,1.0,1,1.0,1.0,1.0,1.0,1.0,274.78
crossdomain,baseline_clip,548,In which time frame were initial child births recorded in Austria based on the labor statistics?,1.0,1,0.5,1.0,1.0,1.0,1.0,251.66
crossdomain,baseline_clip,549,"In the potential new EMU group, which nations exhibit the highest average disparity in interest rates?",1.0,1,1.0,1.0,1.0,1.0,1.0,263.49
crossdomain,baseline_clip,550,"How did the number of COVID-19 cases progress in France during the first half of 2021, culminating in a total exceeding 6 million?",2.0,2-5,0.0,1.0,1.0,0.5,0.5,235.83
crossdomain,baseline_clip,551,"In what way do the 1997-2019 trends in policy signals and balance, based on NLP methods, exhibit changes as per the AXA IM Research findings?",1.0,1,1.0,1.0,1.0,1.0,1.0,290.89
crossdomain,baseline_clip,552,What was the shift in the CG – CC price difference for Bitcoin from Q3 2017 to Q1 2018?,1.0,1,1.0,1.0,1.0,1.0,1.0,264.41
crossdomain,baseline_clip,553,How did the financial results of Filinvest Development Corporation's aggregated activities in 2010 differ from those in 2009?,1.0,1,0.5,1.0,1.0,1.0,1.0,230.71
crossdomain,baseline_clip,554,"In the May 2021 financial model by the KIUC Board, what are the proportions of equity and liabilities?",1.0,1,1.0,1.0,1.0,1.0,1.0,255.17
crossdomain,baseline_clip,555,"By the conclusion of June 2021, which portfolio showed the greatest unfavorable deviation in the 2021/22 fiscal year?",1.0,1,0.3333333333333333,0.3333333333333333,1.0,1.0,0.5555555555555555,284.11
crossdomain,baseline_clip,556,How did U.S. energy-related petroleum import values change from the start of 2012 to early 2015 based on Commerce Department data?,1.0,1,1.0,1.0,1.0,1.0,1.0,606.74
crossdomain,baseline_clip,557,How did the Real GDP index of Peru evolve between 1970 and 2010 based on data from the Banco Central de Reserva del Perú?,2.0,2-5,0.0,1.0,1.0,0.5,0.5,278.06
crossdomain,baseline_clip,558,How much is allocated under miscellaneous costs for the police department in the town's fiscal records?,1.0,1,0.5,1.0,1.0,1.0,0.8333333333333333,329.02
crossdomain,baseline_clip,559,How long was the average duration of commercial paper held by TexPool Prime during the year 2020?,1.0,1,1.0,1.0,1.0,1.0,1.0,269.2
crossdomain,baseline_clip,560,"Which economic topics are emphasized in the 'World Political Economy' blog concerning global politics, with an emphasis on increasing regulations?",1.0,1,1.0,1.0,1.0,1.0,1.0,283.94
crossdomain,baseline_clip,561,"What were the variations in adjusted net savings as a percentage of GNI across different 2005 regions, focusing on low versus middle income groups?",1.0,1,0.5,1.0,1.0,1.0,1.0,309.45
crossdomain,baseline_clip,562,"How much was credited for the 2020 ordinance concerning CR 519 Sidewalks in the fiscal overview from July 27, 2020?",1.0,1,0.5,1.0,1.0,1.0,0.75,288.66
crossdomain,baseline_clip,563,"From 2000 to 2014, which nation within the ASEAN bloc saw the greatest increase in foreign direct investment, based on the ASEAN Economic Community analysis?",1.0,1,1.0,1.0,1.0,1.0,1.0,289.87
crossdomain,baseline_clip,564,Where are the new crossing points located in the Falcon Zone that trends northwest-southeast at Hemi?,1.0,1,1.0,1.0,1.0,1.0,1.0,270.69
crossdomain,baseline_clip,565,"What was the pattern in the Non-Profitable Tech Stock Index over the years 2014 to 2020, with emphasis on the change from 2019 to 2020?",1.0,1,1.0,1.0,1.0,1.0,1.0,290.11
crossdomain,baseline_clip,566,"During the fiscal year 2021-22, which act saw the least number of audits of financial statements performed?",1.0,1,0.25,0.75,1.0,1.0,0.9166666666666666,314.01
crossdomain,baseline_clip,567,What is the method for determining the ending settlement value of Corporate Tax Futures using the top marginal US Corporate Tax Rate at settlement time?,1.0,1,0.5,1.0,1.0,1.0,1.0,350.37
crossdomain,baseline_clip,568,What were the economic impacts of minimizing physical contact on worldwide industries such as aviation and travel amid COVID-19?,1.0,1,0.3333333333333333,1.0,1.0,1.0,0.9166666666666666,283.53
crossdomain,baseline_clip,569,"According to the analysis by Research Affiliates, which asset class shows the highest percentage variance in exposure levels?",1.0,1,1.0,1.0,1.0,1.0,1.0,348.3
crossdomain,baseline_clip,570,What were the trends in the shares of API versus Non-API services in Nord Pool from 2016 to 2020 based on the 2020 Annual Review?,2.0,2-5,0.0,1.0,1.0,0.5,0.5,301.14
crossdomain,baseline_clip,571,"As of June 30, 2018, what amounts are recorded for trade deposits and for prepayments linked to customs and letters of credit?",1.0,1,1.0,1.0,1.0,1.0,1.0,251.73
crossdomain,baseline_clip,572,"How does the duration of approved arrangements fluctuate from 2000 to 2007, highlighting changes in both precautionary and non-precautionary categories?",1.0,1,1.0,1.0,1.0,1.0,1.0,302.09
crossdomain,baseline_clip,573,"In PNC's adverse scenario covering Q3 2017 through Q3 2019, what is the estimated loss percentage for Commercial Real Estate?",1.0,1,1.0,1.0,1.0,1.0,1.0,263.62
crossdomain,baseline_clip,574,What are the relative performance percentages of various investment categories as analyzed by Research Affiliates?,1.0,1,1.0,1.0,1.0,1.0,1.0,642.0
crossdomain,baseline_clip,575,What are the variations between the median and mean outcomes following a technological disturbance as depicted in the fifth figure?,1.0,1,0.3333333333333333,0.3333333333333333,0.3333333333333333,1.0,1.0,267.27
crossdomain,baseline_clip,576,"During the years 2000 to 2007, how did the typical duration of fund arrangements change, and in which year was this duration the greatest?",1.0,1,1.0,1.0,1.0,1.0,1.0,251.53
crossdomain,baseline_clip,577,"What phrase is associated with the auditing company Keefe McCullough for HANDY, Inc.?",1.0,1,0.5,1.0,1.0,1.0,1.0,256.35
crossdomain,baseline_clip,578,What is the difference in non-current asset values between 2013 and 2012 in the provided financial figures in HKD?,1.0,1,0.5,1.0,1.0,1.0,0.75,275.42
crossdomain,baseline_clip,579,"In the analysis of the US market, what is the calculated covariance for VOL_DER and CPI_US?",1.0,1,1.0,1.0,1.0,1.0,1.0,263.72
crossdomain,baseline_clip,580,How do different trade scenario models affect the economic output of Northern Asia?,1.0,1,1.0,1.0,1.0,1.0,1.0,259.2
crossdomain,baseline_clip,581,"What were the significant patterns in the fluctuations of oil prices from 2008 to 2012, based on the Department of Commerce figures?",1.0,1,1.0,1.0,1.0,1.0,1.0,258.6
crossdomain,baseline_clip,582,What was the variation in the after-tax NTA from May to June 2021 based on the available data?,1.0,1,0.5,1.0,1.0,1.0,1.0,270.22
crossdomain,baseline_clip,583,"For the year 2016, what are the reported amounts for taxes related to Hong Kong Profits and those outside Hong Kong, including deferred taxes?",1.0,1,0.5,1.0,1.0,1.0,0.8333333333333333,312.95
crossdomain,baseline_clip,584,What are the reasons that employing credit leverage can elevate a client's financial commitments?,1.0,1,0.5,0.5,1.0,1.0,0.6666666666666666,274.26
crossdomain,baseline_clip,585,What were the reasons that led economic analysts to expect different global GDP reductions between -0.089% and -0.404% during the Covid-19 outbreak?,1.0,1,1.0,1.0,1.0,1.0,1.0,270.85
crossdomain,baseline_clip,586,"In the January 2020 assembly at South University, what were the main conclusions regarding the strategy to lower costs and the $2.4M objective?",1.0,1,0.2,0.6,0.8,1.0,0.7291666666666666,263.52
crossdomain,baseline_clip,587,How much are Finders Resources Limited's current liabilities listed for mid-2012?,1.0,1,0.5,1.0,1.0,1.0,1.0,308.31
crossdomain,baseline_clip,588,What are the main financial insights from inventory and bank balances for the six months ending June 2018?,1.0,1,0.5,1.0,1.0,1.0,0.8333333333333333,750.15
crossdomain,baseline_clip,589,What is the GDP effect on various regions when considering the Asia-wide Free Trade Area according to the 2004 APEC Economic Outlook?,1.0,1,1.0,1.0,1.0,1.0,1.0,283.91
crossdomain,baseline_clip,590,Can you provide the main points of the changes to the BPO call center service contracts that were covered during the June 2020 committee and board meetings?,1.0,1,0.5,1.0,1.0,1.0,0.75,387.92
crossdomain,baseline_clip,591,"How much was earned from external customer sales in Hong Kong, SAR, during the years 2001 and 2002 according to the segment revenue?",1.0,1,1.0,1.0,1.0,1.0,1.0,271.55
crossdomain,baseline_clip,592,"How did the U.S. Home Price Index, tracked by S&P/Case-Shiller, change from mid-2015 to late 2018 under the PNC stress test conditions?",1.0,1,0.5,1.0,1.0,1.0,1.0,290.74
crossdomain,baseline_clip,593,"How do active management strategies, including asset allocation and security selection, affect the performance and risk of pension plans relative to their policy benchmarks?",1.0,1,0.3333333333333333,1.0,1.0,1.0,1.0,322.32
crossdomain,baseline_clip,594,How do the estimates for Pareto's Alpha change from 95 to 70 across various implicate scenarios?,1.0,1,1.0,1.0,1.0,1.0,1.0,281.98
crossdomain,baseline_clip,595,In what way do the impacts of having a tax haven subsidiary on effective tax rates vary when comparing naively-averaged and revenue-weighted ExTR measures?,1.0,1,0.25,1.0,1.0,1.0,1.0,284.64
crossdomain,baseline_clip,596,"In the primary scenario of the HFCS research, what is the threshold set for the original dataset regarding household net wealth?",1.0,1,1.0,1.0,1.0,1.0,1.0,268.96
crossdomain,baseline_clip,597,"According to the 2003 Executive Opinion Survey, how did different nations rank in terms of limiting foreign ownership?",1.0,1,1.0,1.0,1.0,1.0,1.0,314.03
crossdomain,baseline_clip,598,"In 2005, how did the adjusted net saving percentages of GNI compare among the low, middle, and high-income classifications?",1.0,1,0.5,1.0,1.0,1.0,1.0,275.46
crossdomain,baseline_clip,599,What trend is observed in unemployment rates over the years from 1995 to 2020 based on Figure 12?,2.0,2-5,0.0,1.0,1.0,0.5,0.5,277.33
crossdomain,baseline_clip,600,What is the scientific meaning of the abbreviation 'L-NAME' as it relates to Nω-L-nitro arginine methyl ester?,1.0,1,1.0,1.0,1.0,1.0,1.0,267.94
crossdomain,baseline_clip,601,"In the glucocorticoid research, which reason was predominantly cited for patient exclusion involving 679 cases?",1.0,1,1.0,1.0,1.0,1.0,1.0,321.09
crossdomain,baseline_clip,602,How long should one wait to vaccinate after completing IVIG treatment for conditions other than COVID-19 to prevent possible side effects?,1.0,1,0.5,1.0,1.0,1.0,1.0,283.32
crossdomain,baseline_clip,603,"In a cardiac rehab interval workout, what are the different stages and how long does each last?",1.0,1,1.0,1.0,1.0,1.0,1.0,301.62
crossdomain,baseline_clip,604,"According to Meng et al. (2020), how does ACEI or ARB treatment impact those with hypertension and COVID-19?",1.0,1,1.0,1.0,1.0,1.0,1.0,293.93
crossdomain,baseline_clip,605,"For individuals experiencing amnesia with a history of encephalitis examined in the 1990s, what was identified as the cause?",1.0,1,1.0,1.0,1.0,1.0,1.0,308.17
crossdomain,baseline_clip,606,In what way did the damage to the superficial femoral artery impact the surgical strategy for a high-level leg amputation?,1.0,1,1.0,1.0,1.0,1.0,1.0,327.05
crossdomain,baseline_clip,607,"Identify the reasons and initial years for memory loss in individuals A.B., L.J., E.P., and G.T. with varying spans.",1.0,1,1.0,1.0,1.0,1.0,1.0,284.51
crossdomain,baseline_clip,608,Could you provide the ISSN and edition details for the February 2014 issue of the Journal of Environmental Protection?,1.0,1,1.0,1.0,1.0,1.0,1.0,300.58
crossdomain,baseline_clip,609,How is unstructured database information transformed into a final dataset for studying breast cancer using Python?,1.0,1,1.0,1.0,1.0,1.0,1.0,277.64
crossdomain,baseline_clip,610,"In the analysis of obesity risk elements related to home and school, what are the z-scores for the group categorized as the third class for aspects such as 'TV in Room' and 'Can buy Salty Snacks at School'?",2.0,2-5,0.0,1.0,1.0,0.5,0.5,317.57
crossdomain,baseline_clip,611,How does A172R-exo treatment affect the spheroid size in U87 and A172 cell cultures?,1.0,1,1.0,1.0,1.0,1.0,1.0,288.81
crossdomain,baseline_clip,612,How much of the demographic distribution covers nations reached by the top recognized scientists with IntechOpen?,8.0,6-10,0.0,0.0,1.0,0.125,0.125,309.37
crossdomain,baseline_clip,613,"In the examination of A561V HERG transport, how does CRT mRNA expression in CRT-overexpressed cells compare to that in the vector control?",1.0,1,1.0,1.0,1.0,1.0,1.0,279.81
crossdomain,baseline_clip,614,"How did the tube filtration assessments turn out across the distinct diagnostic locations including G1, G2, M1, M2, P1, and P2?",1.0,1,1.0,1.0,1.0,1.0,1.0,291.42
crossdomain,baseline_clip,615,"What differences were observed in severe disease occurrence and blood markers between those on ACEI or ARB treatment and patients using alternative blood pressure medications during COVID-19, according to Meng et al. (2020)?",1.0,1,1.0,1.0,1.0,1.0,1.0,276.93
crossdomain,baseline_clip,616,"What is the impact on Cyc D* levels as ks_egr3 changes, according to the 2017 study in BMC Systems Biology?",1.0,1,1.0,1.0,1.0,1.0,1.0,297.73
crossdomain,baseline_clip,617,What impact does the expression of Egr3 have on the concentrations of Cyc D* and Cyc E* with rising ks_egr3 values?,1.0,1,1.0,1.0,1.0,1.0,1.0,324.79
crossdomain,baseline_clip,618,"In what ways does the growth of Bifidobacterium fluctuate across varied FS treatments, including FS-Pla and FS-Syn, over a timeline?",1.0,1,1.0,1.0,1.0,1.0,1.0,283.04
crossdomain,baseline_clip,619,Which symptoms are recorded for patients on the medical history page of Klinik Citra Bunda?,1.0,1,1.0,1.0,1.0,1.0,1.0,279.5
crossdomain,baseline_clip,620,How does the expression of miR-25-3p differ between A172R-exo and A172-exo within TMZ-resistant GBM cells?,1.0,1,1.0,1.0,1.0,1.0,1.0,275.1
crossdomain,baseline_clip,621,"Among the psychiatric patient demographics at Ibn Baja Taza Hospital, which age bracket shows the greatest male majority?",1.0,1,0.5,1.0,1.0,1.0,1.0,311.78
crossdomain,baseline_clip,622,How many nuclei are typically found in AX2 and AT-Kneg cells as they grow?,1.0,1,1.0,1.0,1.0,1.0,1.0,340.31
crossdomain,baseline_clip,623,"In the research on preventing cholesteatoma in rats with intratympanic Mesna, what differences are observed in tympanic bulla mucosal thickness between the experimental and control groups?",1.0,1,0.5,1.0,1.0,1.0,1.0,301.65
crossdomain,baseline_clip,624,Can you provide the ITS4 and ITS5 primer sequences applied in the genetic study of A. flavus?,1.0,1,0.5,1.0,1.0,1.0,1.0,290.59
crossdomain,baseline_clip,625,"How do the RMSEA values differ among the models assessing WM storage, and what does this indicate about their fit?",1.0,1,1.0,1.0,1.0,1.0,1.0,271.81
crossdomain,baseline_clip,626,How does Egr3 influence the proportion of cells remaining in the G0 phase as described in the BMC Systems Biology 2017 study?,1.0,1,1.0,1.0,1.0,1.0,1.0,259.85
crossdomain,baseline_clip,627,How does CARBENOXOLONE interact with NAAA and HSD11B1 based on CRISPR screening results?,1.0,1,1.0,1.0,1.0,1.0,1.0,300.42
crossdomain,baseline_clip,628,"For the GS1 DataMatrix, how is the serial number characterized in terms of type and allowable length, specifically using Application Identifier 21?",1.0,1,0.5,1.0,1.0,1.0,1.0,277.31
crossdomain,baseline_clip,629,How does introducing Egr3 influence the growth rate of cells relative to a non-transduced control?,1.0,1,1.0,1.0,1.0,1.0,1.0,271.35
crossdomain,baseline_clip,630,Which individual is listed as the chief editor in the document detailing the historical perspective on vitamin D?,1.0,1,1.0,1.0,1.0,1.0,1.0,266.42
crossdomain,baseline_clip,631,What is the difference in average monitoring duration for chronic hepatitis C patients who developed cirrhosis compared to those who did not after successful treatment?,1.0,1,0.5,1.0,1.0,1.0,1.0,286.49
crossdomain,baseline_clip,632,What effect do optimal spacing choices within text have on its ease of reading?,2.0,2-5,0.0,1.0,1.0,0.5,0.5,285.35
crossdomain,baseline_clip,633,"In the PEACE analysis using Kaplan-Meier estimates, what interval is noted for the coverage probability?",1.0,1,1.0,1.0,1.0,1.0,1.0,288.82
crossdomain,baseline_clip,634,What are the initial QUICKI measurements for diabetic and nondiabetic participants in the LCD intervention?,1.0,1,1.0,1.0,1.0,1.0,1.0,277.59
crossdomain,baseline_clip,635,"In the process of viral DNA packaging, how is the variation in free energy linked to the different stages along the reaction path?",1.0,1,1.0,1.0,1.0,1.0,1.0,295.39
crossdomain,baseline_clip,636,"What was the focus of the study conducted by Dr. Nadia Shafique and Prof. Nasim Chaudhry, which received approval on the 23rd of July, 2020, with the NBC code NBC-517?",1.0,1,0.5,1.0,1.0,1.0,1.0,288.01
crossdomain,baseline_clip,637,"What are the differences in the years of retrograde memory loss for A.B., L.J., E.P., and G.T.?",1.0,1,1.0,1.0,1.0,1.0,1.0,304.26
crossdomain,baseline_clip,638,"In the LCD intervention trial, how do the initial plasma total testosterone levels differ between diabetic participants and the control group?",1.0,1,1.0,1.0,1.0,1.0,1.0,388.7
crossdomain,baseline_clip,639,"Among the WM storage models, which one exhibits the smallest RMSEA?",1.0,1,1.0,1.0,1.0,1.0,1.0,378.92
crossdomain,baseline_clip,640,How are the incompressibility parameters adjusted in the iLogDemons setup when tracking heart movement?,1.0,1,0.5,1.0,1.0,1.0,1.0,270.54
crossdomain,baseline_clip,641,"How do the CAT activity levels compare in HeLa cells when transfected with the plasmids pBLCAT3, E1bTATACAT, and 4EBECAT?",1.0,1,1.0,1.0,1.0,1.0,1.0,309.15
crossdomain,baseline_clip,642,Which procedure was used to stabilize the injury from a rapid impact resulting in an open pelvic fracture?,1.0,1,1.0,1.0,1.0,1.0,1.0,302.31
crossdomain,baseline_clip,643,How were severe fractures in the left leg addressed following a transfemoral amputation?,1.0,1,1.0,1.0,1.0,1.0,1.0,309.33
crossdomain,baseline_clip,644,What effect does administering corticosterone have on the duration of exploration for both younger and older test subjects in the study?,1.0,1,1.0,1.0,1.0,1.0,1.0,341.81
crossdomain,baseline_clip,645,"In the case of TTC Osteotomy -001, what are the highest and lowest von-Mises stress values recorded for talus cartilage?",1.0,1,1.0,1.0,1.0,1.0,1.0,297.36
crossdomain,baseline_clip,646,What is the difference in the onset age of symptoms between approved and rejected applications in the UDN dataset?,1.0,1,0.5,1.0,1.0,1.0,0.8333333333333333,275.7
crossdomain,baseline_clip,647,"According to Table 5, what are the mean platelet levels for individuals with both positive and negative IgG anti-cardiolipin antibodies?",1.0,1,0.3333333333333333,1.0,1.0,1.0,0.8666666666666667,263.65
crossdomain,baseline_clip,648,"In scientific literature, what substances are noted as inhibitors for the gene HSD11B1, where their inhibitory action is validated by the gene effect?",1.0,1,1.0,1.0,1.0,1.0,1.0,274.96
crossdomain,baseline_clip,649,How are the iLogDemons parameters configured for tracking cardiac motion in the dataset from the STACOM 2011 challenge?,1.0,1,0.5,1.0,1.0,1.0,1.0,273.18
crossdomain,baseline_clip,650,How are ages distributed among those who faced issues after circumcision?,6.0,6-10,0.0,0.0,1.0,0.16666666666666666,0.19444444444444442,283.66
crossdomain,baseline_clip,651,"What is the effect on application processing time when altering the count of applications reviewed in each 7-day session using FIFO, Best-classifier, and Accept-first approaches?",1.0,1,1.0,1.0,1.0,1.0,1.0,295.44
crossdomain,baseline_clip,652,"In the chart depicting pooling metrics, which of the combinations CFS, CMS, CFU, or CMU exhibits the minimum sensitivity level?",1.0,1,1.0,1.0,1.0,1.0,1.0,299.98
crossdomain,baseline_clip,653,Which approach attained the top F1-score in the WeiboNER knowledge transfer experiment as indicated in the results?,1.0,1,1.0,1.0,1.0,1.0,1.0,287.84
crossdomain,baseline_clip,654,"In the 2020 Cancer Cytopathology study, how was the accuracy of circulating tumor cells as a marker for lung cancer diagnosis different between the discovery, validation, and overall groups?",1.0,1,1.0,1.0,1.0,1.0,1.0,259.32
crossdomain,baseline_clip,655,How did the staining patterns of p-H2AX and Ki 67 change at 24 hours post-radiation exposure of 5 Gy compared to untreated samples?,1.0,1,1.0,1.0,1.0,1.0,1.0,277.6
crossdomain,baseline_clip,656,What is the alteration in Lgr5 expression 24 hours following exposure to a 5 Gy radiation dose in comparison to no treatment?,1.0,1,1.0,1.0,1.0,1.0,1.0,310.2
crossdomain,baseline_clip,657,How do fundamental color pairings influence the capacity to distinguish colors?,,>10,0.0,0.0,0.0,0.0,0.0,256.5
crossdomain,baseline_clip,658,How do varying levels of homocysteine impact the rates of amputation and mortality in peripheral artery surgeries as per the study's findings?,1.0,1,0.5,1.0,1.0,1.0,1.0,292.78
crossdomain,baseline_clip,659,"In studies examining the subtraction of single digits from letter strings, what are the coordinate ranges for activation in the three dimensions?",1.0,1,1.0,1.0,1.0,1.0,1.0,330.26
crossdomain,baseline_clip,660,"In the French study on cardiac rehabilitation for CHD patients, what was the number of individuals assigned to the intervention group following randomisation?",1.0,1,1.0,1.0,1.0,1.0,1.0,293.41
crossdomain,baseline_clip,661,How do different microbial groups like DPANN and Patescibacteria cluster when examining their distribution along principal component axes?,1.0,1,1.0,1.0,1.0,1.0,1.0,264.72
crossdomain,baseline_clip,662,How does the expansion of intraretinal fluid by 0.1 mm3 influence best-corrected visual acuity within the central millimeter for individuals with neovascular AMD?,1.0,1,0.5,1.0,1.0,1.0,1.0,267.94
crossdomain,baseline_clip,663,"In the UDN research, which symptoms had a notably different frequency between those whose applications were accepted and those who were not, after adjusting for multiple comparisons?",1.0,1,0.5,1.0,1.0,1.0,0.8333333333333333,266.62
crossdomain,baseline_clip,664,How does the I2S percentage in Batch11 differ from that in Enoxaparin based on their saccharide compositions?,1.0,1,1.0,1.0,1.0,1.0,1.0,339.72
crossdomain,baseline_clip,665,"In the 2013 research on externalizing behavior disorders, how do Theory of Mind emotions relate to various developmental and self-regulatory variables in children?",1.0,1,0.5,1.0,1.0,1.0,1.0,281.7
crossdomain,baseline_clip,666,"For Measurement Model 5, which considers separate AC, capacity, and SM factors, what are the NNFI and CFI results related to WM storage?",1.0,1,1.0,1.0,1.0,1.0,1.0,262.55
crossdomain,baseline_clip,667,How does Factor IXa's residual inhibition activity change with different levels of inhibitor in the research on S. broughtonii's anticoagulant properties?,1.0,1,1.0,1.0,1.0,1.0,1.0,472.4
crossdomain,baseline_clip,668,Which digits are used for encoding the National Trade Item Number in pharmaceutical GS1 standards?,1.0,1,0.5,1.0,1.0,1.0,1.0,324.62
crossdomain,baseline_clip,669,"In the ENRICH research, what alteration is seen in the MDASI-CML Specific Symptom Score from the first to the twelfth EOC for individuals with CML?",1.0,1,1.0,1.0,1.0,1.0,1.0,256.27
crossdomain,baseline_clip,670,What impact did the administration of αCD25 and αCD4 have on the secretion levels of IFN-γ in B6 WT compared to langDTR mice in the context of DC subset analysis?,1.0,1,1.0,1.0,1.0,1.0,1.0,249.73
crossdomain,baseline_clip,671,In what way do SeVhAng-1 engineered MSCs impact the density of capillaries in ischemic heart regions of rats?,1.0,1,1.0,1.0,1.0,1.0,1.0,388.15
crossdomain,baseline_clip,672,What methods are utilized in developing concepts for integrated care technology acceptance as per Harst and colleagues' study?,1.0,1,1.0,1.0,1.0,1.0,1.0,265.4
crossdomain,baseline_clip,673,Which sequences are categorized within the MR exam guidelines?,,>10,0.0,0.0,0.0,0.0,0.0,289.33
crossdomain,baseline_clip,674,"In the study focusing on auricular acupuncture, which randomized group showed the most significant decrease in waist size from the beginning to the end of the study?",1.0,1,0.5,1.0,1.0,1.0,1.0,282.12
crossdomain,baseline_clip,675,Why were individuals not included in the ω-3 fatty acid supplementation research with EPA and DHA capsules?,1.0,1,1.0,1.0,1.0,1.0,1.0,291.16
crossdomain,baseline_clip,676,"In the 8-week study with LCD intervention, how did baseline QUICKI values compare across the diabetic, nondiabetic, and control participants?",1.0,1,1.0,1.0,1.0,1.0,1.0,272.04
crossdomain,baseline_clip,677,Can you provide the activation peak Talairach coordinates for subjects 1 through 5 when comparing letter strings to digit strings?,1.0,1,1.0,1.0,1.0,1.0,1.0,272.56
crossdomain,baseline_clip,678,How was the open pelvic ring fracture managed following the high-speed injury?,1.0,1,1.0,1.0,1.0,1.0,1.0,251.02
crossdomain,baseline_clip,679,"What are the recognition and error rates for each grouping of body parts like wrist, upper arm, pelvis, thigh, and ankle in the research?",1.0,1,0.5,1.0,1.0,1.0,1.0,273.66
crossdomain,baseline_clip,680,"After concluding treatment with cyclosporine/ATG for aplastic anemia, when should vaccinations be considered?",1.0,1,0.5,1.0,1.0,1.0,1.0,238.53
crossdomain,baseline_clip,681,"Following evaluation in the clinical study, what conditions led to participant exclusion, including duration of psychosis, treatment history, and cognitive assessment?",1.0,1,1.0,1.0,1.0,1.0,1.0,266.4
crossdomain,baseline_clip,682,"What are the initial IIEF score differences between the control, nondiabetic LCD, and diabetic LCD groups?",1.0,1,1.0,1.0,1.0,1.0,1.0,290.06
crossdomain,baseline_clip,683,How do SVR rates compare between chronic hepatitis C patients who did and did not develop cirrhosis?,1.0,1,0.5,1.0,1.0,1.0,1.0,283.7
crossdomain,baseline_clip,684,How are gene families formed in Staphylococcus aureus using techniques like CDS re-annotation and homolog filtering?,1.0,1,1.0,1.0,1.0,1.0,1.0,291.15
crossdomain,baseline_clip,685,"In the rat study concerning intratympanic Mesna use, what is the range of tympanic membrane thicknesses observed in the experimental cohort?",1.0,1,0.5,1.0,1.0,1.0,1.0,308.08
crossdomain,baseline_clip,686,"During the study on hot towel application times, which duration led to the highest frequency of being perceived as very warm: 10s, 15s, or 20s?",1.0,1,1.0,1.0,1.0,1.0,1.0,321.66
crossdomain,baseline_clip,687,"In the transfer task for WeiboNER, how does the performance of La-DTL in terms of F1-score stand against other approaches?",1.0,1,1.0,1.0,1.0,1.0,1.0,269.35
crossdomain,baseline_clip,688,"In what way did A.B.'s memory for public occurrences change over the years relative to control participants, focusing on the period leading up to his amnesia?",1.0,1,1.0,1.0,1.0,1.0,1.0,323.62
crossdomain,baseline_clip,689,"In the experiment using QT6 cells with Myb, C/EBP, and PU.1 vectors, how do the luciferase activity levels of fl-Enh and min-Enh compare?",1.0,1,1.0,1.0,1.0,1.0,1.0,1233.45
crossdomain,baseline_clip,690,"In the research at Ibn Baja Taza Hospital, what was the psychiatric condition with the second greatest occurrence?",1.0,1,0.5,1.0,1.0,1.0,1.0,888.55
crossdomain,baseline_clip,691,"What changes occur in axial force with increasing depth in phantom models, particularly at the interface of healthy and cancerous tissues?",,>10,0.0,0.0,0.0,0.0,0.0,328.1
crossdomain,baseline_clip,692,"In the publication by IntechOpen on Open Access titles, what proportion of nations received inputs from top-cited researchers?",2.0,2-5,0.0,1.0,1.0,0.5,0.5,289.18
crossdomain,baseline_clip,693,"In the study of kidney treatments, how does the relative optical density of HO-1 vary with different hypothermia protocols?",1.0,1,1.0,1.0,1.0,1.0,1.0,653.86
crossdomain,baseline_clip,694,"How do initial plasma glucose levels, insulin, and insulin sensitivity compare between control subjects and those on low-carbohydrate diets, with and without diabetes?",1.0,1,1.0,1.0,1.0,1.0,1.0,275.75
crossdomain,baseline_clip,695,How did the proportion of F4/80+CD11b+ cells in ImmTOR-Cy5 treated mice compare to those in untreated mice on the first day?,1.0,1,1.0,1.0,1.0,1.0,1.0,263.81
crossdomain,baseline_clip,696,"How should the timing of COVID-19 vaccination be managed for patients undergoing autologous HSCT, both prior to and following the procedure?",1.0,1,0.5,1.0,1.0,1.0,1.0,257.11
crossdomain,baseline_clip,697,What experimental evidence is linked to the function of contrast sensitivity in the context of age-related visual changes?,1.0,1,0.5,1.0,1.0,1.0,1.0,258.26
crossdomain,baseline_clip,698,"How did HO-1 levels change in kidney tissues across the sham, normothermia, and various hypothermia groups?",1.0,1,1.0,1.0,1.0,1.0,1.0,271.27
crossdomain,baseline_clip,699,How did the initial weight percentages alter for mice given isotype control compared to those treated with aHVEM after starting the treatment over 15 days?,,>10,0.0,0.0,0.0,0.0,0.0,368.82
crossdomain,baseline_clip,700,"In 2020, how much did the Maine Insurance Guaranty Association collect from each recovery category?",1.0,1,0.3333333333333333,0.6666666666666666,0.6666666666666666,1.0,0.8333333333333333,258.09
crossdomain,baseline_clip,701,"In the 2020 MIGA Annual Report, how much assessment ability was estimated for 'Other' categories using 2% of the 2019 net direct written premiums?",1.0,1,0.5,1.0,1.0,1.0,0.8333333333333333,309.66
crossdomain,baseline_clip,702,"In the data compiled for 2010, which locations are reported to have over 40% of their correctional facilities under private management?",1.0,1,1.0,1.0,1.0,1.0,1.0,1017.08
crossdomain,baseline_clip,703,"In the context of the BIIAB's educational program, which substances are identified as frequently connected to unlawful acts on licensed locations?",1.0,1,1.0,1.0,1.0,1.0,1.0,1107.81
crossdomain,baseline_clip,704,For what reason is the Ombudsperson initiative by SOS Children’s Villages being established worldwide to aid individuals affected by abuse?,1.0,1,1.0,1.0,1.0,1.0,1.0,548.92
crossdomain,baseline_clip,705,"In the 2020 authority request disclosure document, where is the discussion on Telenor Pakistan found?",1.0,1,1.0,1.0,1.0,1.0,1.0,336.74
crossdomain,baseline_clip,706,"During the period from 2006 to 2016, when did the most courts establish an online presence?",1.0,1,1.0,1.0,1.0,1.0,1.0,332.55
crossdomain,baseline_clip,707,When does the agreement between Mastar Florida Corp. and InforSense.com end according to the overview of contracts dashboard?,8.0,6-10,0.0,0.0,1.0,0.125,0.125,718.89
crossdomain,baseline_clip,708,On what date did the Active Non-Disclosure Agreement titled 'Mutual Confidentiality Agreement' between Mastar Barcelona S.A. and Access Limited become effective?,,>10,0.0,0.0,0.0,0.0,0.0,249.04
crossdomain,baseline_clip,709,"If an urgent legal document requires alt text and consent is given for later inclusion, what should the drafter do?",1.0,1,0.5,1.0,1.0,1.0,1.0,272.89
crossdomain,baseline_clip,710,"In the contract signed by Mr. Washburn, what date is found within the termination provision?",1.0,1,1.0,1.0,1.0,1.0,1.0,290.17
crossdomain,baseline_clip,711,"According to the Australian Institute of Criminology, what elements increase the risk of repeat sexual offenses by child sex offenders as time progresses?",1.0,1,0.25,1.0,1.0,1.0,1.0,254.73
crossdomain,baseline_clip,712,How do the feature sets and subscription models of LegiNation's BillTrack50 compare to those of TrackBill for tracking legislative activities?,1.0,1,0.3333333333333333,1.0,1.0,1.0,1.0,316.28
crossdomain,baseline_clip,713,Can you provide the start and end dates for the active agreements listed in the Contracts - Purchase contracts dashboard related to NDAs?,2.0,2-5,0.0,1.0,1.0,0.5,0.5,259.26
crossdomain,baseline_clip,714,How is a significant transaction defined when it involves an Issuer borrowing or lending amounts exceeding 10% of its market value?,1.0,1,1.0,1.0,1.0,1.0,1.0,253.79
crossdomain,baseline_clip,715,In how many instances involving claims of domestic mistreatment is unrestricted interaction with the child determined?,1.0,1,1.0,1.0,1.0,1.0,1.0,239.12
crossdomain,baseline_clip,716,How might the use of digital trading systems introduce potential hazards according to the banking risk assessment?,1.0,1,0.5,1.0,1.0,1.0,0.75,302.36
crossdomain,baseline_clip,717,"In Arizona's right of way, what infrastructure, associated with the Small Cell Act of 2018, is utilized for telecommunication purposes?",1.0,1,1.0,1.0,1.0,1.0,1.0,263.19
crossdomain,baseline_clip,718,"Which conditions must a business meet in terms of revenue reduction and workforce size to qualify for the Ontario Small Business Support Grant starting December 26, 2020?",1.0,1,0.5,1.0,1.0,1.0,1.0,266.62
crossdomain,baseline_clip,719,In what way does the Risk Assessment report illustrate the compliance conditions of different file categories?,1.0,1,1.0,1.0,1.0,1.0,1.0,275.32
crossdomain,baseline_clip,720,What was the trend in serious road injuries in Durham from 2016 through 2020?,1.0,1,0.25,1.0,1.0,1.0,1.0,285.47
crossdomain,baseline_clip,721,"In the context of the Half-way House program, how do rearrest, reconviction, and re-imprisonment rates differ between those who completed the program successfully and those who did not?",1.0,1,1.0,1.0,1.0,1.0,1.0,272.43
crossdomain,baseline_clip,722,"In the recidivism analysis, how do the re-arrest percentages for those who did not complete their programs differ between the half-way house and day reporting?",1.0,1,1.0,1.0,1.0,1.0,1.0,278.93
crossdomain,baseline_clip,723,"Where does 3M possess a trio of operations: sales, manufacturing, and technical expertise?",2.0,2-5,0.0,1.0,1.0,0.5,0.5,280.91
crossdomain,baseline_clip,724,"How many people follow the Yuba County Sheriff's profiles on Facebook, Twitter, and Instagram?",1.0,1,1.0,1.0,1.0,1.0,1.0,272.23
crossdomain,baseline_clip,725,What is the difference in the proportion of insured people between the age groups 45 to 54 and 55 to 64 based on the 2020 data from the U.S. Census Bureau?,1.0,1,1.0,1.0,1.0,1.0,1.0,261.14
crossdomain,baseline_clip,726,"In the context of federally funded initiatives, which activities are considered suitable for direct cost allocation, including research data management and extensive administrative effort?",1.0,1,0.5,1.0,1.0,1.0,1.0,247.77
crossdomain,baseline_clip,727,"Which subjects are covered in the Amnesty International document discussing changes to Poland's judicial system, addressing issues like the Supreme Court?",1.0,1,0.3333333333333333,1.0,1.0,1.0,1.0,269.37
crossdomain,baseline_clip,728,Who are the law enforcement officers at the trial of Richard Daschbach in Oecusse?,1.0,1,1.0,1.0,1.0,1.0,1.0,263.41
crossdomain,baseline_clip,729,"How old, on average, are the individuals involved in the report from the Specialized Dockets Section of Ohio's Supreme Court?",1.0,1,0.5,1.0,1.0,1.0,1.0,291.1
crossdomain,baseline_clip,730,When do the agreements involving Master International and Wolters Kluwer Belgium start and end?,4.0,2-5,0.0,1.0,1.0,0.25,0.25,256.17
crossdomain,baseline_clip,731,Which accolade did Entain receive in 2020 for its commitment to responsible gambling at the EGR event?,1.0,1,1.0,1.0,1.0,1.0,1.0,306.28
crossdomain,baseline_clip,732,"In the context of Rueda and Emmenegger's findings, how does one's employment condition impact their propensity to support major right-wing parties?",1.0,1,1.0,1.0,1.0,1.0,1.0,237.86
crossdomain,baseline_clip,733,How does European Directive 2014/59/EU describe the dangers linked to investing in unsecured credit institution instruments?,1.0,1,0.5,1.0,1.0,1.0,1.0,264.29
crossdomain,baseline_clip,734,When does the contract named 'BUSINESS AGREEMENT' between Mastar Florida Corp. and InforSense.com terminate according to the contract overview?,,>10,0.0,0.0,0.0,0.0,0.0,294.12
crossdomain,baseline_clip,735,"In the 2020 report on authority requests, which pages cover Telenor's activities in both Bangladesh and Norway?",1.0,1,0.5,1.0,1.0,1.0,1.0,256.46
crossdomain,baseline_clip,736,"When is the shareholder assembly for the Natural Gas Services Group, Inc. set to occur, including its specific time?",1.0,1,1.0,1.0,1.0,1.0,1.0,262.15
crossdomain,baseline_clip,737,"What led to the court's decision to overturn and return the case involving Maimouna Barry against US Airways Group, Inc.?",1.0,1,0.3333333333333333,1.0,1.0,1.0,1.0,287.42
crossdomain,baseline_clip,738,"In the 'Collaborating for Freedom' analysis, which funding type decreased from 2017 to 2019?",1.0,1,1.0,1.0,1.0,1.0,1.0,251.78
crossdomain,baseline_clip,739,"Until what date could businesses apply for the Ontario grant supporting small enterprises impacted by the shutdown starting on December 26, 2020?",1.0,1,0.5,1.0,1.0,1.0,1.0,281.09
crossdomain,baseline_clip,740,Who is listed as the approver for the CCTV Policy's implementation at the Tower Learning Centre in the review details?,1.0,1,1.0,1.0,1.0,1.0,1.0,250.8
crossdomain,baseline_clip,741,Which organization is connected to the Sprout Anarchist group located in Grand Rapids?,1.0,1,1.0,1.0,1.0,1.0,1.0,279.37
crossdomain,baseline_clip,742,"For the NFA group modeled with a Mixture Exponential distribution, how does the chance of arrest in the upcoming year, given it hasn't happened yet, change over the first eight years?",1.0,1,1.0,1.0,1.0,1.0,1.0,247.13
crossdomain,baseline_clip,743,"Among U.S. adolescents, what is the proportion that favors Snapchat over other platforms like YouTube?",2.0,2-5,0.0,1.0,1.0,0.5,0.5,253.74
crossdomain,baseline_clip,744,At what stage is alt text required for images in a principal or amending Bill according to the Federal Register procedures?,1.0,1,0.5,1.0,1.0,1.0,1.0,255.48
crossdomain,baseline_clip,745,"As of March 31, 2021, what is the cumulative balance for the Chamber of Tax Consultants accounting for all specified memberships and designated funds?",1.0,1,0.3333333333333333,1.0,1.0,1.0,1.0,279.59
crossdomain,baseline_clip,746,How were the mobile devices affected following their seizure by Croatian authorities using aerial assistance?,1.0,1,1.0,1.0,1.0,1.0,1.0,266.39
crossdomain,baseline_clip,747,How does understanding of coercive control vary among different age groups?,1.0,1,1.0,1.0,1.0,1.0,1.0,242.31
crossdomain,baseline_clip,748,"At what time and through what method will the Governance Committee of Sullivan County Infrastructure LDC convene on December 23, 2020?",1.0,1,0.3333333333333333,1.0,1.0,1.0,1.0,249.73
crossdomain,baseline_clip,749,How do the initial costs and ongoing fees compare between Retirement Village and Sterling New Life for elderly accommodation options?,1.0,1,1.0,1.0,1.0,1.0,1.0,277.11
crossdomain,baseline_clip,750,"What is mentioned concerning gender terminology in the Council's policy reapproved in May 2021, based on a September 2018 directive?",1.0,1,0.3333333333333333,0.6666666666666666,0.6666666666666666,1.0,1.0,326.82
crossdomain,baseline_clip,751,When does the corporate software license agreement between Master International Holding B.V. and Wolters Kluwer Belgium conclude?,7.0,6-10,0.0,0.0,1.0,0.14285714285714285,0.14285714285714285,274.79
crossdomain,baseline_clip,752,How many people are employed worldwide by 3M in the current year?,2.0,2-5,0.0,1.0,1.0,0.5,0.5,243.74
crossdomain,baseline_clip,753,"According to the 2020 data from the American Community Survey, what is the insured percentage for those aged 65 and above?",1.0,1,1.0,1.0,1.0,1.0,1.0,266.37
crossdomain,baseline_clip,754,What inquiry is made to the electorate concerning the possible merger of the Mesa Water District with the Costa Mesa Sanitary District in the advisory ballot?,1.0,1,0.5,1.0,1.0,1.0,1.0,255.52
crossdomain,baseline_clip,755,What were the reasons for partially upholding and partially overturning the ruling in the Wal-Mart vs. Sweasy case labeled 2008-CA-001571-WC?,1.0,1,0.3333333333333333,1.0,1.0,1.0,1.0,276.79
crossdomain,baseline_clip,756,"What key approaches are utilized by SOS Children’s Villages to aid young individuals affected by mistreatment, such as the safeguarding and empowerment initiatives?",1.0,1,1.0,1.0,1.0,1.0,1.0,278.61
crossdomain,baseline_clip,757,"In the disciplinary procedure, what is the function of the Headteacher alongside the Chair of Governors at the Written Warning Meeting stage?",1.0,1,1.0,1.0,1.0,1.0,1.0,299.58
crossdomain,baseline_clip,758,What was the total amount assigned to the legal referral initiative by the Law Foundation of Newfoundland and Labrador over the years 1980 to 2014?,1.0,1,0.5,1.0,1.0,1.0,1.0,258.18
crossdomain,baseline_clip,759,What is the date when the preliminary inquiry was submitted in Case C-20/21 against a Polish airline company?,1.0,1,1.0,1.0,1.0,1.0,1.0,265.59
crossdomain,baseline_clip,760,"In business risk evaluations, what weaknesses are connected to the absence of fire detection mechanisms?",1.0,1,1.0,1.0,1.0,1.0,1.0,284.25
crossdomain,baseline_clip,761,"What was the transformation in Peru's economic output from 1970, set as the baseline, to 2010?",1.0,1,1.0,1.0,1.0,1.0,1.0,327.22
crossdomain,baseline_clip,762,What differences are observed in the detection of amphetamine when comparing 'high spiked' and 'low spiked' marks in fingermark analysis at m/z 368.4?,1.0,1,1.0,1.0,1.0,1.0,1.0,265.61
crossdomain,baseline_clip,763,"How did the availability of N95 masks change for healthcare staff in Ontario on October 8, 2020, amid the pandemic?",1.0,1,0.25,1.0,1.0,1.0,0.95,275.19
crossdomain,baseline_clip,764,Which principal topics are highlighted in the second section of the Ninth Programme of Law Reform by the Scottish Law Commission?,1.0,1,0.3333333333333333,0.6666666666666666,0.6666666666666666,1.0,1.0,289.04
crossdomain,baseline_clip,765,"Based on the July 2021 report from the Australian Institute of Criminology, what factors and periods are linked to sexual reoffending in child sex offenders?",1.0,1,0.25,1.0,1.0,1.0,1.0,286.01
crossdomain,baseline_clip,766,"What were the conclusions or decisions in the dispute between Mark Steven Thomas and Rita Rose Thomas, case number 2008-CA-001036-ME, regarding the opinion result?",1.0,1,0.3333333333333333,1.0,1.0,1.0,1.0,327.61
crossdomain,baseline_clip,767,How does the whistleblowing policy document describe the guiding principle of Slindon College?,1.0,1,1.0,1.0,1.0,1.0,1.0,271.62
crossdomain,baseline_clip,768,Which standards connected to the Wise Giving Alliance are referenced in the Legal Review by the Native American Rights Fund?,1.0,1,1.0,1.0,1.0,1.0,1.0,267.46
crossdomain,baseline_clip,769,"How are CSOs involved in initiatives such as FSC, FLEGT, EITI, and the Kimberley Process concerning resource governance?",1.0,1,0.5,1.0,1.0,1.0,1.0,256.2
crossdomain,baseline_clip,770,"What was the outcome determined by the Kentucky appellate court regarding the legal matter involving James Wesley Heady, identified as case number 2008-CA-001976-MR?",1.0,1,0.3333333333333333,1.0,1.0,1.0,1.0,250.9
crossdomain,baseline_clip,771,What details are specified on the tags of standard DuraPro connectors for toilet tanks featuring plastic coupling nuts?,1.0,1,1.0,1.0,1.0,1.0,1.0,287.91
crossdomain,baseline_clip,772,"What responsibilities are outlined in the proxy voting procedure for choosing directors and deciding on executive pay at Natural Gas Services Group, Inc.'s 2021 meeting?",1.0,1,0.25,1.0,1.0,1.0,1.0,325.83
crossdomain,baseline_clip,773,"According to the evaluation chart, what risk classification corresponds to a score of 80.7% on social media performance?",1.0,1,1.0,1.0,1.0,1.0,1.0,272.6
crossdomain,baseline_clip,774,"What shifts occurred in the participation of various entities in anti-slavery collaborations from 2017 to 2019, focusing on the contributions of non-governmental organizations, local government bodies, and law enforcement?",1.0,1,1.0,1.0,1.0,1.0,1.0,268.62
crossdomain,baseline_clip,775,How did 3M allocate its supplier spending globally from 2016 to 2020?,1.0,1,1.0,1.0,1.0,1.0,1.0,285.57
crossdomain,baseline_clip,776,How does the prescription rate of psychotropic drugs differ between male and female youths in Virginia's juvenile detention facilities?,1.0,1,1.0,1.0,1.0,1.0,1.0,288.92
crossdomain,baseline_clip,777,"In instances involving claims of domestic abuse, how often was no contact directive issued?",1.0,1,1.0,1.0,1.0,1.0,1.0,248.21
crossdomain,baseline_clip,778,What impact did the events from the T Day Ordinance through Takeshima Days between 2005 and 2015 have on material conflicts between Japan and South Korea?,1.0,1,1.0,1.0,1.0,1.0,1.0,296.4
crossdomain,baseline_clip,779,How does the Sterling New Life plan financially benefit seniors as opposed to conventional retirement communities?,1.0,1,1.0,1.0,1.0,1.0,1.0,281.99
crossdomain,baseline_clip,780,When did the contractual agreement with ABC Inc. regarding Corporate software start?,3.0,2-5,0.0,1.0,1.0,0.3333333333333333,0.3333333333333333,286.13
crossdomain,baseline_clip,781,What is the difference in total hours between disciplinary and other cases as specified in Provision 7's subdivisions (d)(1) through (d)(4)?,1.0,1,1.0,1.0,1.0,1.0,1.0,255.2
crossdomain,baseline_clip,782,What are the key objectives outlined for groups focused on freeing occupied regions and dismantling adversary nations?,1.0,1,0.3333333333333333,1.0,1.0,1.0,0.9166666666666666,292.72
crossdomain,baseline_clip,783,What causes unsecured bond investors to face drawbacks versus depositors under the EU directive related to financial institution recovery?,1.0,1,0.5,1.0,1.0,1.0,1.0,254.27
crossdomain,baseline_clip,784,"Which parties are appealing in the cases identified by the numbers 20027685 and 20027841, associated with Costco and BRE RC Maui Kapalua LLC?",1.0,1,1.0,1.0,1.0,1.0,1.0,257.43
crossdomain,baseline_clip,785,What ruling was made in the case numbered 2008-CA-001571-WC related to Wal-Mart Stores and a workers' compensation dispute?,1.0,1,0.3333333333333333,1.0,1.0,1.0,0.9166666666666666,285.23
crossdomain,baseline_clip,786,Identify the appellant company linked to TMK 3-8-079-022-0000 in the case number 20027685.,1.0,1,1.0,1.0,1.0,1.0,1.0,369.03
crossdomain,baseline_clip,787,"How does Ontario's Main Street Relief Grant assist enterprises affected by the public health restrictions declared on October 9, 2020?",1.0,1,0.5,1.0,1.0,1.0,1.0,309.16
crossdomain,baseline_clip,788,"According to the risk evaluation dated August 4, 2025, what percentage represents the candidate's LinkedIn social risk level?",1.0,1,1.0,1.0,1.0,1.0,1.0,275.45
crossdomain,baseline_clip,789,"What amount was collected over the year as Life Membership Fees based on the financial report of the Chamber of Tax Consultants ending March 31, 2021?",1.0,1,0.3333333333333333,1.0,1.0,1.0,1.0,292.08
crossdomain,baseline_clip,790,"How long, on average, was the abuse committed by priests in relation to the count of victims affected?",1.0,1,1.0,1.0,1.0,1.0,1.0,281.3
crossdomain,baseline_clip,791,What is the signing date of the contract between Mr. Washburn and the City of Osage Beach?,1.0,1,1.0,1.0,1.0,1.0,1.0,276.75
crossdomain,baseline_clip,792,Which parts are listed under the coaching segment for intramural matches in the 2013 Fall guide of the Valley Stream Soccer Club for parents and coaches?,1.0,1,0.5,1.0,1.0,1.0,1.0,274.4
crossdomain,baseline_clip,793,"Between 2017 and 2019, which funding source for partnerships saw the biggest decline, specifically in terms of government contributions?",1.0,1,1.0,1.0,1.0,1.0,1.0,254.91
crossdomain,baseline_clip,794,Identify the chapter titles and numbers listed in the first section of ISO/IEC 17021–1:2015.,1.0,1,1.0,1.0,1.0,1.0,1.0,287.59
crossdomain,baseline_clip,795,"When does the business contract between Mastar Denmark AB and its associated party conclude, according to the Contracts dashboard details?",4.0,2-5,0.0,1.0,1.0,0.25,0.25,245.13
crossdomain,baseline_clip,796,How does the insurance rate differ between those aged 26 to 34 and those from 35 to 44 based on census data?,1.0,1,1.0,1.0,1.0,1.0,1.0,293.84
crossdomain,baseline_clip,797,"According to Baltic International Bank's financial instruments details, what potential losses arise from conducting trades beyond standard session times?",1.0,1,0.5,1.0,1.0,1.0,1.0,283.65
crossdomain,baseline_clip,798,What are the comparative statistics for racial groups between the general U.S. demographics and those incarcerated?,1.0,1,1.0,1.0,1.0,1.0,1.0,283.86
crossdomain,baseline_clip,799,What was the total number of service calls managed by the YCSO in 2018 based on their records?,1.0,1,1.0,1.0,1.0,1.0,1.0,274.62
crossdomain,baseline_ocr,0,What are the steps involved in the corrective action process in Hunt Design's QMS?,,>10,0.0,0.0,0.0,0.0,0.0,423.59
crossdomain,baseline_ocr,1,What products are advertised by A. Borsig in the Nichi-Doku-Kōgyō-Kōkoku from 1897?,,>10,0.0,0.0,0.0,0.0,0.0,706.98
crossdomain,baseline_ocr,2,What is the approximate circuit area of the TPS62745 Buck Converter Evaluation Module as specified by Texas Instruments?,,>10,0.0,0.0,0.0,0.0,0.0,721.26
crossdomain,baseline_ocr,3,"What are the primary flows of money, parts, and services in the automotive industry channel model?",,>10,0.0,0.0,0.0,0.0,0.0,311.96
crossdomain,baseline_ocr,4,What is the process flow for handling a customer purchase order in Hunt Design's QMS?,,>10,0.0,0.0,0.0,0.0,0.0,1625.27
crossdomain,baseline_ocr,5,What are the possible transitions between states in the finite state machine of an embedded device?,,>10,0.0,0.0,0.0,0.0,0.0,1133.55
crossdomain,baseline_ocr,6,What is the sequence of steps in the CRM model implementation process for Saba Corporation?,,>10,0.0,0.0,0.0,0.0,0.0,560.55
crossdomain,baseline_ocr,7,How is the process of handling orders implemented to increase profit per sale?,,>10,0.0,0.0,0.0,0.0,0.0,299.93
crossdomain,baseline_ocr,8,What are the start and end times for the production schedule labeled 'Making Schedule 2' in the plant model?,,>10,0.0,0.0,0.0,0.0,0.0,317.51
crossdomain,baseline_ocr,9,What is the firmware version of the MEASURpoint instrument DT887x-48?,,>10,0.0,0.0,0.0,0.0,0.0,353.95
crossdomain,baseline_ocr,10,What are the compartment sizes for product types on Tour 1 in the genetic algorithm solution?,,>10,0.0,0.0,0.0,0.0,0.0,304.71
crossdomain,baseline_ocr,11,What is the firmware revision and IP address of the DT887x-48 instrument model provided by Data Translation Inc.?,,>10,0.0,0.0,0.0,0.0,0.0,646.62
crossdomain,baseline_ocr,12,How does the process flow of the browser statechart testing model progress from test case generation to logging?,,>10,0.0,0.0,0.0,0.0,0.0,271.03
crossdomain,baseline_ocr,13,What milestones occurred in the development of Obee Network from 2018 to 2020?,,>10,0.0,0.0,0.0,0.0,0.0,2103.34
crossdomain,baseline_ocr,14,What strategies are suggested for building customer relationships on Mini Akiba?,,>10,0.0,0.0,0.0,0.0,0.0,671.96
crossdomain,baseline_ocr,15,What is the general trend of the loss function value during the training iterations?,,>10,0.0,0.0,0.0,0.0,0.0,351.42
crossdomain,baseline_ocr,16,How does the Packet Error Rate (PER) change for BLE events with varying connection intervals in the test setup?,,>10,0.0,0.0,0.0,0.0,0.0,1521.99
crossdomain,baseline_ocr,17,How has the regional distribution of 3M supplier spending changed between 2016 and 2020?,,>10,0.0,0.0,0.0,0.0,0.0,558.59
crossdomain,baseline_ocr,18,How did new car registrations in Spain compare to those in Germany over the years from 2007 to 2017?,,>10,0.0,0.0,0.0,0.0,0.0,276.76
crossdomain,baseline_ocr,19,What was the revenue change for Newmont-Ahafo from 2013 to 2014 according to the mining industry report?,,>10,0.0,0.0,0.0,0.0,0.0,812.4
crossdomain,baseline_ocr,20,How did the trend of internal and external sales for VAA change from 2006 to 2017?,,>10,0.0,0.0,0.0,0.0,0.0,362.02
crossdomain,baseline_ocr,21,"What are the differences in e-commerce fees per item sold between major platforms like Ebay, Amazon, AliExpress, and UNIVERZ?",,>10,0.0,0.0,0.0,0.0,0.0,1886.56
crossdomain,baseline_ocr,22,How did the total units of Edge AI compare to Movable AI in 2021?,,>10,0.0,0.0,0.0,0.0,0.0,1317.05
crossdomain,baseline_ocr,23,What was the percentage change in all-in production costs for Australia from 2013 to 2014?,,>10,0.0,0.0,0.0,0.0,0.0,354.41
crossdomain,baseline_ocr,24,"How did the monthly message volume trends for SMS, EMS, and MMS differ from 2001 to 2006?",,>10,0.0,0.0,0.0,0.0,0.0,331.73
crossdomain,baseline_ocr,25,What percentage of 3M's supplier spend was allocated to the Asia Pacific region in 2020?,,>10,0.0,0.0,0.0,0.0,0.0,293.63
crossdomain,baseline_ocr,26,What are the specific product allocations for locations on Tour 2 in the genetic algorithm solution?,,>10,0.0,0.0,0.0,0.0,0.0,416.72
crossdomain,baseline_ocr,27,What global employee count does 3M maintain?,,>10,0.0,0.0,0.0,0.0,0.0,478.13
crossdomain,baseline_ocr,28,What is the trend of Zigbee PER as the BLE connection interval increases?,,>10,0.0,0.0,0.0,0.0,0.0,736.32
crossdomain,baseline_ocr,29,What are the design specifications of the glassware patented by D. Bennett in 1878?,,>10,0.0,0.0,0.0,0.0,0.0,768.46
crossdomain,baseline_ocr,30,What slogans or phrases are prominently displayed during SKF trade union meetings related to precarious work?,,>10,0.0,0.0,0.0,0.0,0.0,619.65
crossdomain,baseline_ocr,31,What is the expected weekly production volume for MALS A/Cs in the assembly process model?,,>10,0.0,0.0,0.0,0.0,0.0,792.25
crossdomain,baseline_ocr,32,What stages did Obee Network go through from concept initiation to Uniswap launch?,,>10,0.0,0.0,0.0,0.0,0.0,358.2
crossdomain,baseline_ocr,33,What is the ISSN number for the February 2014 issue of the Journal of Environmental Protection?,,>10,0.0,0.0,0.0,0.0,0.0,319.89
crossdomain,baseline_ocr,34,What are the different shipping options and their costs for an online purchase process?,,>10,0.0,0.0,0.0,0.0,0.0,334.26
crossdomain,baseline_ocr,35,Which entities implement Samsung's sustainable cobalt supply criteria?,,>10,0.0,0.0,0.0,0.0,0.0,708.77
crossdomain,baseline_ocr,36,What is the range of mean assembly times when there are 10 different modules?,,>10,0.0,0.0,0.0,0.0,0.0,512.09
crossdomain,baseline_ocr,37,What is the motto associated with SAP for businesses?,,>10,0.0,0.0,0.0,0.0,0.0,1053.83
crossdomain,baseline_ocr,38,What are the variable interaction values for resources A and B during the reaction process?,,>10,0.0,0.0,0.0,0.0,0.0,2772.9
crossdomain,baseline_ocr,39,What is the role of the Home Support Team in the organizational structure of the logistics project?,,>10,0.0,0.0,0.0,0.0,0.0,267.32
crossdomain,baseline_ocr,40,What are the specific services used by the company to handle delivery operations?,,>10,0.0,0.0,0.0,0.0,0.0,1615.88
crossdomain,baseline_ocr,41,How are the product types distributed across different tours and locations based on compartment sizes?,,>10,0.0,0.0,0.0,0.0,0.0,2128.57
crossdomain,baseline_ocr,42,What are the features of the ice cream cart used by Artisani?,,>10,0.0,0.0,0.0,0.0,0.0,335.92
crossdomain,baseline_ocr,43,What is the configuration of tours and products as represented in the solution's structure?,,>10,0.0,0.0,0.0,0.0,0.0,754.71
crossdomain,baseline_ocr,44,What is the demand distribution for combinations of four components?,,>10,0.0,0.0,0.0,0.0,0.0,355.84
crossdomain,baseline_ocr,45,What is the process flow from a Baseline Test Suite to a Test Log in a browser testing model?,,>10,0.0,0.0,0.0,0.0,0.0,1552.51
crossdomain,baseline_ocr,46,"How did product search trends vary between different site categories in June 2012, and what role did heavy searchers play?",,>10,0.0,0.0,0.0,0.0,0.0,398.13
crossdomain,baseline_ocr,47,"What are the delivery arrival schedules at the CC for 22 Bishopsgate, and how do they differ throughout the week?",,>10,0.0,0.0,0.0,0.0,0.0,524.35
crossdomain,baseline_ocr,48,How did current taxes in Hong Kong and outside Hong Kong differ for the six months ended 30 September 2014 compared to 2013?,,>10,0.0,0.0,0.0,0.0,0.0,808.7
crossdomain,baseline_ocr,49,What are the differences in total non-current assets between 30 June 2018 and 31 December 2017 for Pak Suzuki Motor Company Limited?,,>10,0.0,0.0,0.0,0.0,0.0,270.6
crossdomain,baseline_ocr,50,How does the OSHA permissible exposure limit for Ethyl Benzene compare to that of Xylene?,,>10,0.0,0.0,0.0,0.0,0.0,359.02
crossdomain,baseline_ocr,51,How did the segment assets for wholesale change between the years 2001 and 2002?,,>10,0.0,0.0,0.0,0.0,0.0,567.24
crossdomain,baseline_ocr,52,What are the supported data rates for the V.29 fax modulation compared to V.34?,,>10,0.0,0.0,0.0,0.0,0.0,596.51
crossdomain,baseline_ocr,53,Which location has the lowest annual operating costs for a U.S. Central Warehouse site?,,>10,0.0,0.0,0.0,0.0,0.0,310.36
crossdomain,baseline_ocr,54,Identify the devices with the smallest mass per area ratio that are still feasible without a fixture.,,>10,0.0,0.0,0.0,0.0,0.0,653.07
crossdomain,baseline_ocr,55,"How did the net income before non-cash items change from March 31, 2019, to March 31, 2020, for Clarus Corporation?",,>10,0.0,0.0,0.0,0.0,0.0,697.24
crossdomain,baseline_ocr,56,How does the usage of sorting and filtering functions affect the average chosen room prices in different tasks?,,>10,0.0,0.0,0.0,0.0,0.0,577.79
crossdomain,baseline_ocr,57,"How did Clarus Corporation's adjusted EBITDA for the quarter ending March 31, 2019 compare to March 31, 2020?",,>10,0.0,0.0,0.0,0.0,0.0,493.34
crossdomain,baseline_ocr,58,"How do heavy searchers impact the product search trends across different platforms according to the statistics and figures presented in the Journal of Law, Economics and Policy?",,>10,0.0,0.0,0.0,0.0,0.0,2451.38
crossdomain,baseline_ocr,59,How does the capacity constraint of vehicles and the need for separate compartments for different product types affect the routing strategy in the MCVRP-CFCS model?,,>10,0.0,0.0,0.0,0.0,0.0,1360.64
crossdomain,baseline_ocr,60,How do the patterns of user types conducting searches on different platform categories relate to the stability of search visits at price comparison sites in 2012?,,>10,0.0,0.0,0.0,0.0,0.0,282.55
crossdomain,baseline_ocr,61,How does the delivery arrival time at the logistics center affect the delivery schedule to 22 Bishopsgate?,,>10,0.0,0.0,0.0,0.0,0.0,1967.92
crossdomain,baseline_ocr,62,In what way do intelligent rack outlets manage power consumption to prevent equipment downtime?,,>10,0.0,0.0,0.0,0.0,0.0,665.41
crossdomain,baseline_ocr,63,How does PCB design influence the measurement of RθJA and RθJC in IC packages?,,>10,0.0,0.0,0.0,0.0,0.0,397.82
crossdomain,baseline_ocr,64,What is the impact of cable characteristics on the DP83TD510's operating modes and how is it mitigated?,,>10,0.0,0.0,0.0,0.0,0.0,293.18
crossdomain,baseline_ocr,65,What impact did the special dividend declared in 2016 have on the share premium?,,>10,0.0,0.0,0.0,0.0,0.0,527.57
crossdomain,baseline_ocr,66,How does video surveillance equipment detect unauthorized access and help in root cause analysis in data centers?,,>10,0.0,0.0,0.0,0.0,0.0,259.08
crossdomain,baseline_ocr,67,How is the grinding fineness adjusted in the coffee machine?,,>10,0.0,0.0,0.0,0.0,0.0,691.49
crossdomain,baseline_ocr,68,What safety regulations does Sony adhere to for its LAN technical standards?,,>10,0.0,0.0,0.0,0.0,0.0,420.85
crossdomain,baseline_ocr,69,What is the operating temperature range for the Testboy® 26?,,>10,0.0,0.0,0.0,0.0,0.0,1678.67
crossdomain,baseline_ocr,70,What is the lashing capacity of the ratchet tie-downs provided by Tool Vault?,,>10,0.0,0.0,0.0,0.0,0.0,321.12
crossdomain,baseline_ocr,71,What is the cycle time in seconds for the stamping process in the transformation factory described in the study?,,>10,0.0,0.0,0.0,0.0,0.0,280.76
crossdomain,baseline_ocr,72,What is the annual energy consumption of the NFE3 620 X refrigerator by TEKA?,,>10,0.0,0.0,0.0,0.0,0.0,806.09
crossdomain,baseline_ocr,73,"What output voltage setting corresponds to VSEL values 1, 1, 1, 0 for the TPS62745EVM-622 used by Texas Instruments?",,>10,0.0,0.0,0.0,0.0,0.0,553.58
crossdomain,baseline_ocr,74,What parsing method achieves the highest average precision in the IEEE study on pattern analysis?,,>10,0.0,0.0,0.0,0.0,0.0,330.25
crossdomain,baseline_ocr,75,What are the features and constraints related to vehicle capacities and compartments in the MCVRP-CFCS model?,,>10,0.0,0.0,0.0,0.0,0.0,447.53
crossdomain,baseline_ocr,76,What are the specifications of the 3 Metre Ratchet Tie-Down used by Tool Vault?,,>10,0.0,0.0,0.0,0.0,0.0,301.91
crossdomain,baseline_ocr,77,Which section discusses the Analog Inputs in the EVM document?,,>10,0.0,0.0,0.0,0.0,0.0,357.75
crossdomain,baseline_ocr,78,What are the details of the payment schedule and menu options for the cafeteria concessionaire contract under ITB No. FB21-07-003BAC?,,>10,0.0,0.0,0.0,0.0,0.0,575.39
crossdomain,baseline_ocr,79,How would you summarize the overall impact of sales on the Group's segment profit margin over the six months ended 30 September 2011?,,>10,0.0,0.0,0.0,0.0,0.0,301.24
crossdomain,baseline_ocr,80,What are the operational features of the 1/100-second stopwatch?,,>10,0.0,0.0,0.0,0.0,0.0,293.3
crossdomain,baseline_ocr,81,What were the significant product updates HP made from October 2018 to March 2021?,,>10,0.0,0.0,0.0,0.0,0.0,656.84
crossdomain,baseline_ocr,82,What is the estimated annual sales range for the store operated by Walmart Mexico y Centroamerica with the most outlets?,,>10,0.0,0.0,0.0,0.0,0.0,303.02
crossdomain,baseline_ocr,83,"How did the exchange reserve change from January 1, 2016, to December 31, 2017?",,>10,0.0,0.0,0.0,0.0,0.0,557.63
crossdomain,baseline_ocr,84,What was the percent change in inventory turnover on sales for the Group from 2010 to 2011 for the period ending 30 September?,,>10,0.0,0.0,0.0,0.0,0.0,352.95
crossdomain,baseline_ocr,85,What are the maximum pressure and temperature specifications for the mobile A/C system sealant detection kit?,,>10,0.0,0.0,0.0,0.0,0.0,1293.72
crossdomain,baseline_ocr,86,What are the specifications of the terminal blocks mentioned in the mechanical components list for the PM24 circuit board?,,>10,0.0,0.0,0.0,0.0,0.0,750.18
crossdomain,baseline_ocr,87,What features are offered by Schneider Electric's intelligent rack outlets for remote server management?,,>10,0.0,0.0,0.0,0.0,0.0,1961.15
crossdomain,baseline_ocr,88,What is the standby power consumption for the TV lift mechanism model TS750?,,>10,0.0,0.0,0.0,0.0,0.0,1388.33
crossdomain,baseline_ocr,89,What are the IP protection ratings associated with various detector types for harsh environments?,,>10,0.0,0.0,0.0,0.0,0.0,2366.87
crossdomain,baseline_ocr,90,What are the lumens specifications for the LED light that Tool Vault offers?,,>10,0.0,0.0,0.0,0.0,0.0,311.96
crossdomain,baseline_ocr,91,What is the cost of a casual site for The Products at the market?,,>10,0.0,0.0,0.0,0.0,0.0,294.23
crossdomain,baseline_ocr,92,"Based on Hunt Design's quality management system, what sequence of actions is followed for processing a customer order?",,>10,0.0,0.0,0.0,0.0,0.0,1540.01
crossdomain,baseline_ocr,93,How are 'Human' and other components connected in the CRC ontology related to eco-friendly production?,,>10,0.0,0.0,0.0,0.0,0.0,1814.22
crossdomain,baseline_ocr,94,"In the organizational setup of the logistics project, what functions does the Home Support Team perform?",,>10,0.0,0.0,0.0,0.0,0.0,311.28
crossdomain,baseline_ocr,95,How large is the TPS62745EVM-622 evaluation board designed by Texas Instruments?,,>10,0.0,0.0,0.0,0.0,0.0,340.38
crossdomain,baseline_ocr,96,How were currency exchange adjustments and actuarial improvements on pension obligations recorded at the start of 2016?,,>10,0.0,0.0,0.0,0.0,0.0,2323.46
crossdomain,baseline_ocr,97,"For the first half of the year ending September 30, 2013, what expense value was recorded for the wear and tear and value reduction of fixed assets?",,>10,0.0,0.0,0.0,0.0,0.0,1301.78
crossdomain,baseline_ocr,98,"For the half-year ending on 30 September 2014, how much was the finance cost due to overdraft interest payable within five years?",,>10,0.0,0.0,0.0,0.0,0.0,479.79
crossdomain,baseline_ocr,99,In what ways do Six Sigma and TQM vary in addressing organizational output consistency and customer satisfaction?,,>10,0.0,0.0,0.0,0.0,0.0,451.15
crossdomain,baseline_ocr,100,Can you describe the features of the Hasselblad camera that were utilized in the UAV photogrammetry study detailed in the ISPRS journal?,,>10,0.0,0.0,0.0,0.0,0.0,440.73
crossdomain,baseline_ocr,101,"According to section 33.654.130, what are the comments regarding existing and future public dead-ends and walking connections for the location?",1.0,1,1.0,1.0,1.0,1.0,1.0,317.36
crossdomain,baseline_ocr,102,Between which values do the signed vertical differences lie in the overlapping section of the pre-aligned DSM from 1977 and the DTM from 2001?,,>10,0.0,0.0,0.0,0.0,0.0,733.33
crossdomain,baseline_ocr,103,"How do the actions 'Move Brick P.', 'Take Bricks', and 'Lab. Idle' proceed in the Simphony Designer simulation process?",,>10,0.0,0.0,0.0,0.0,0.0,311.38
crossdomain,baseline_ocr,104,During which years in the early 21st century does Egremni Beach face erosion surpassing 1.50 meters annually?,,>10,0.0,0.0,0.0,0.0,0.0,281.82
crossdomain,baseline_ocr,105,"For the analysis involving 544,410 equations in a multi-storey building, which technique exhibited the shortest processing duration among options like MPCG_AMIS?",,>10,0.0,0.0,0.0,0.0,0.0,1706.18
crossdomain,baseline_ocr,106,What findings emerged from the Vision Derby 2040 planning session held in September 2019?,,>10,0.0,0.0,0.0,0.0,0.0,311.44
crossdomain,baseline_ocr,107,Identify the segments outlined in the Town of Peace River's Pats Creek Storm Water Mediation Project documentation.,,>10,0.0,0.0,0.0,0.0,0.0,290.85
crossdomain,baseline_ocr,108,"What range of air content is specified for shotcrete mixtures aimed at enhancing initial strength, according to ASTM standards?",,>10,0.0,0.0,0.0,0.0,0.0,581.1
crossdomain,baseline_ocr,109,"During tests involving sinusoidal loads on 26 gauge Type B panels, what were the peak load values when tested at a frequency of 0.25 cycles per second?",,>10,0.0,0.0,0.0,0.0,0.0,322.15
crossdomain,baseline_ocr,110,What is the pollution index value for the emissions-compliant engine from Poulan?,,>10,0.0,0.0,0.0,0.0,0.0,330.8
crossdomain,baseline_ocr,111,What effects does frequent foot traffic have on the surface and look of vinyl floors in busy locations?,,>10,0.0,0.0,0.0,0.0,0.0,312.29
crossdomain,baseline_ocr,112,"Which individuals were present at the February 27, 2018 meeting with the Department of Planning and Environment about changes to the local environmental plan?",,>10,0.0,0.0,0.0,0.0,0.0,269.08
crossdomain,baseline_ocr,113,What reasons allow the planned project in the R2 area to satisfy the width criteria for individual homes?,1.0,1,1.0,1.0,1.0,1.0,1.0,510.6
crossdomain,baseline_ocr,114,"In the study on wood engineering, which uses of LVL and PSL are outlined in specific global architectural sites such as a warehouse in Victoria, a stage entrance in Washington DC, and a school library in Australia?",,>10,0.0,0.0,0.0,0.0,0.0,275.04
crossdomain,baseline_ocr,115,What changes are planned for the Colnbrook River in the development projects located south of Richings Park?,,>10,0.0,0.0,0.0,0.0,0.0,412.57
crossdomain,baseline_ocr,116,What is the variation in time taken by the Block Lanczos (MFM) technique between the two computational models for analyzing different multi-storey buildings?,,>10,0.0,0.0,0.0,0.0,0.0,331.19
crossdomain,baseline_ocr,117,How does the damped link function within the outrigger and core framework of the Two International Finance Centre's skyscraper?,,>10,0.0,0.0,0.0,0.0,0.0,289.98
crossdomain,baseline_ocr,118,"What is the quality reduction when three-quarters of pavement lifespan have passed, as indicated by the PCI?",,>10,0.0,0.0,0.0,0.0,0.0,1166.5
crossdomain,baseline_ocr,119,Which type of window featuring curved upper sections is typical within Berwick's local architectural style?,,>10,0.0,0.0,0.0,0.0,0.0,352.92
crossdomain,baseline_ocr,120,What caused the distinct seepage problems in the Peygham-Chay dam abutments based on their permeability characteristics?,,>10,0.0,0.0,0.0,0.0,0.0,314.11
crossdomain,baseline_ocr,121,How is the scale defined for Dennis' design of the landscape at the Winn Residence?,,>10,0.0,0.0,0.0,0.0,0.0,313.92
crossdomain,baseline_ocr,122,"In what ways do the flexibility and fire resistance of RC, SRC, S, and CFT structural types differ?",,>10,0.0,0.0,0.0,0.0,0.0,896.12
crossdomain,baseline_ocr,123,"During the National Night Out event related to Vision Derby's future plans, how were community members engaging with one another?",,>10,0.0,0.0,0.0,0.0,0.0,313.88
crossdomain,baseline_ocr,124,"In the context of the Constraint Bag Process Model, which loop type has the greatest 'ALTA' significance categorized under RED-RED?",,>10,0.0,0.0,0.0,0.0,0.0,548.59
crossdomain,baseline_ocr,125,"Which areas are set aside for foot traffic and public transport in the New Carrollton layout, mentioning elements like the continuing Pedestrian Bridge and MARC Platform?",,>10,0.0,0.0,0.0,0.0,0.0,1273.0
crossdomain,baseline_ocr,126,Where in the Spire Indonesia report can information on what influences the lifespan of homes in Indonesia be located?,,>10,0.0,0.0,0.0,0.0,0.0,317.84
crossdomain,baseline_ocr,127,Can you provide the size of the master sleeping area in the villa design detailed in Samaru Journal of Information Studies Vol. 7 (1) 2007?,,>10,0.0,0.0,0.0,0.0,0.0,1244.58
crossdomain,baseline_ocr,128,How many drainage hoses are included with the model CMB-P1010V-G1 as per the provided items?,,>10,0.0,0.0,0.0,0.0,0.0,372.55
crossdomain,baseline_ocr,129,What is the difference in the walkability scores between Ward 28 and Ward 21 in Khulna City?,,>10,0.0,0.0,0.0,0.0,0.0,617.01
crossdomain,baseline_ocr,130,What associations are covered by EFCA's European representation related to FIDIC?,,>10,0.0,0.0,0.0,0.0,0.0,530.51
crossdomain,baseline_ocr,131,How is the size relationship defined for the 1/4 Section 2530 map concerning land utilization in Portland?,,>10,0.0,0.0,0.0,0.0,0.0,273.15
crossdomain,baseline_ocr,132,How are IFC models linked with VIRTUOSO DYNAMIC ONTOLOGY within the BIM4EEB management framework?,,>10,0.0,0.0,0.0,0.0,0.0,447.71
crossdomain,baseline_ocr,133,Can you provide the detailed measurements for the tank shells used in the computational analysis?,,>10,0.0,0.0,0.0,0.0,0.0,372.35
crossdomain,baseline_ocr,134,Which conditions do not apply to the location at 1900 SW 4th Avenue regarding environmental and building hazards?,,>10,0.0,0.0,0.0,0.0,0.0,2673.2
crossdomain,baseline_ocr,135,How are the panels configured in a machine-made gabion as detailed in the ASTM specification?,,>10,0.0,0.0,0.0,0.0,0.0,600.06
crossdomain,baseline_ocr,136,Who is tasked with guaranteeing emergency entry under the guidelines of Title 31 within the technical specifications summary?,,>10,0.0,0.0,0.0,0.0,0.0,274.64
crossdomain,baseline_ocr,137,Identify the reference details for the sewer consultation related to Greenside Recreation Fields submitted late December 2016.,,>10,0.0,0.0,0.0,0.0,0.0,532.0
crossdomain,baseline_ocr,138,"In the comparative reference layout related to the RELUIS initiative, what are the specified characteristics of velocities, densities, and damping ratios for the distinct layers?",,>10,0.0,0.0,0.0,0.0,0.0,1399.28
crossdomain,baseline_ocr,139,How are the various slope characteristics designated from A to E in the geological survey of the ultrabasic rock region?,,>10,0.0,0.0,0.0,0.0,0.0,983.39
crossdomain,baseline_ocr,140,What goals are set for evaluating the effectiveness of the shotcrete compositions within the described project parameters?,,>10,0.0,0.0,0.0,0.0,0.0,1319.42
crossdomain,baseline_ocr,141,What methods are used to assess polyurethane adhesive performance in steel and wood joint structures as outlined in Annex A?,,>10,0.0,0.0,0.0,0.0,0.0,922.06
crossdomain,baseline_ocr,142,How do the cycle counts vary for different peak loads when testing panels secured with screws under dynamic conditions?,,>10,0.0,0.0,0.0,0.0,0.0,351.08
crossdomain,baseline_ocr,143,"In shotcrete applications, how does the early compressive strength change when using a pozzolanic rheology control agent instead of silica fume, taking into account differences in surface area and particle dimensions?",,>10,0.0,0.0,0.0,0.0,0.0,2390.33
crossdomain,baseline_ocr,144,How have the employment figures and unemployment percentages shifted from mid-2018 to mid-2025 within the scope of transport and community services statistics?,,>10,0.0,0.0,0.0,0.0,0.0,1563.04
crossdomain,baseline_ocr,145,In what way does the configuration of the overload device pulley affect safety protocols during crane usage?,,>10,0.0,0.0,0.0,0.0,0.0,700.2
crossdomain,baseline_ocr,146,"Incorporating color image and color mask streams, what configuration reaches the minimal Euclidean distance under the medium rate of learning?",,>10,0.0,0.0,0.0,0.0,0.0,286.49
crossdomain,baseline_ocr,147,"For a model with 544,410 equations on a Pentium III machine, what is the difference in computation time between the MPCG_AMIS and Block Lanczos methods?",,>10,0.0,0.0,0.0,0.0,0.0,798.74
crossdomain,baseline_ocr,148,What symbol is used to illustrate the connection of StarNet's independent flooring groups in professional analyses?,,>10,0.0,0.0,0.0,0.0,0.0,556.25
crossdomain,baseline_ocr,149,How does the rapid 1/8000s shutter speed of the Hasselblad drone camera enhance the detection of archaeological elements?,,>10,0.0,0.0,0.0,0.0,0.0,380.44
crossdomain,baseline_ocr,150,Which technique and GIS software are linked to the Constraint-Quadratic method described by Wood in 1996 for calculating slopes?,,>10,0.0,0.0,0.0,0.0,0.0,483.14
crossdomain,baseline_ocr,151,"In the 2021 study published in the ISPRS International Journal of Geo-Information, how accurate is the user’s detection of iron slag traces with SfM classification?",,>10,0.0,0.0,0.0,0.0,0.0,302.09
crossdomain,baseline_ocr,152,How does the peak load change with varying screw end distances in connections involving steel sheathings?,,>10,0.0,0.0,0.0,0.0,0.0,407.71
crossdomain,baseline_ocr,153,"In the context of the Midtown Santa Fe redevelopment, what objectives are prioritized for financial success and sustained value creation?",,>10,0.0,0.0,0.0,0.0,0.0,852.57
crossdomain,baseline_ocr,154,What criteria does the Evenness assessment algorithm use to determine the status of line segments regarding their deviation limits?,,>10,0.0,0.0,0.0,0.0,0.0,269.18
crossdomain,baseline_ocr,155,"In Portland's land evaluation process, how does the Bureau of Environmental Services contribute within the agency feedback segment?",,>10,0.0,0.0,0.0,0.0,0.0,343.71
crossdomain,baseline_ocr,156,What is the location of the proposed replacement habitat in connection to the flood defense embankments near the hydropower plant at Brežice?,,>10,0.0,0.0,0.0,0.0,0.0,1610.21
crossdomain,baseline_ocr,157,"How do the job categories such as professionals, administrators, sales, and others compare in terms of very unsatisfactory workstation satisfaction levels?",,>10,0.0,0.0,0.0,0.0,0.0,468.66
crossdomain,baseline_ocr,158,Which minerals predominantly make up the structure of granite according to the composition chart?,,>10,0.0,0.0,0.0,0.0,0.0,343.14
crossdomain,baseline_ocr,159,"In the materials by Morley Glass & Glazing, what organization is associated with the Perfect Fit® roller blind?",,>10,0.0,0.0,0.0,0.0,0.0,505.34
crossdomain,baseline_ocr,160,How does temperature variation affect the complex modulus of standard versus nano-enhanced bitumen according to the research?,,>10,0.0,0.0,0.0,0.0,0.0,366.98
crossdomain,baseline_ocr,161,"In the analysis provided, what benefit is anticipated when SHM is not utilized after three decades?",,>10,0.0,0.0,0.0,0.0,0.0,1357.15
crossdomain,baseline_ocr,162,Identify the components and amounts in the proposed shotcrete mix that includes TYTRO® RC 430 as an additive.,,>10,0.0,0.0,0.0,0.0,0.0,909.24
crossdomain,baseline_ocr,163,"What conclusions were drawn from the panel's February 27, 2018, inspection and discussions on the proposed lot division at 2 Inverary Drive, Kurmond?",,>10,0.0,0.0,0.0,0.0,0.0,289.87
crossdomain,baseline_ocr,164,What was the reason for failing to complete the submission of the 2017 Mid Term Evaluation Report to KfW?,,>10,0.0,0.0,0.0,0.0,0.0,1211.48
crossdomain,baseline_ocr,165,Which individual holds the position of Staff Engineer in the structural assessment documentation by Stork Twin City?,,>10,0.0,0.0,0.0,0.0,0.0,2463.74
crossdomain,baseline_ocr,166,Which machinery is usually employed to clear snow on River Street during December 2008 as depicted?,,>10,0.0,0.0,0.0,0.0,0.0,642.1
crossdomain,baseline_ocr,167,"How do the components vary between the reference and proposed mixtures, where the latter incorporates a pozzolanic-based rheology control element, given a 0.46 w/c ratio?",,>10,0.0,0.0,0.0,0.0,0.0,733.16
crossdomain,baseline_ocr,168,How are the rules defined in sections 33.654.130.B and 33.654.130.C concerning current and future dead-end street links?,1.0,1,1.0,1.0,1.0,1.0,1.0,280.31
crossdomain,baseline_ocr,169,Can you list the roads scheduled for repair in the village's 2021 concrete program?,,>10,0.0,0.0,0.0,0.0,0.0,302.78
crossdomain,baseline_ocr,170,What specific guidelines and documents pertain to the flood plain and Building Code Title 24 within the proposal?,,>10,0.0,0.0,0.0,0.0,0.0,885.12
crossdomain,baseline_ocr,171,"In the context of rubberised bitumen, what specifications and contaminant limits are set for crumb rubber?",,>10,0.0,0.0,0.0,0.0,0.0,1016.4
crossdomain,baseline_ocr,172,In what ways do the time history curves for nodal coordinates vary between dynamic and static conditions during the deployment of the CTS cable dome?,,>10,0.0,0.0,0.0,0.0,0.0,545.26
crossdomain,baseline_ocr,173,How many nations are recipients of IntechOpen's distributed publications?,,>10,0.0,0.0,0.0,0.0,0.0,584.32
crossdomain,baseline_ocr,174,In what manner do attendees engage with the displayed materials at the Vision Derby 2040 community event?,,>10,0.0,0.0,0.0,0.0,0.0,295.8
crossdomain,baseline_ocr,175,"Based on the RF classifier's confusion matrix, what is the count of TH construction types that were correctly identified?",,>10,0.0,0.0,0.0,0.0,0.0,1535.15
crossdomain,baseline_ocr,176,"In Fig. A1, what size is the rubber component utilized in assembling the specimen for prolonged stress evaluation?",,>10,0.0,0.0,0.0,0.0,0.0,812.06
crossdomain,baseline_ocr,177,How did the erosion and accretion trends differ in the northern and southern parts of the Gialos shoreline from 1945 to 1972 compared to 1972 to 2000?,,>10,0.0,0.0,0.0,0.0,0.0,446.74
crossdomain,baseline_ocr,178,What were the trends in employment and unemployment rates from mid-2020 to mid-2023 based on the dataset spanning from mid-2018 to mid-2025?,,>10,0.0,0.0,0.0,0.0,0.0,1650.61
crossdomain,baseline_ocr,179,For what reason was a scale of 1 inch equals 200 feet chosen for the design of Section 3825 in project LU 08-109725 LDP?,,>10,0.0,0.0,0.0,0.0,0.0,1554.23
crossdomain,baseline_ocr,180,Can you identify the criteria from the code chapters that do not apply because of the site's characteristics and proposal details?,,>10,0.0,0.0,0.0,0.0,0.0,335.55
crossdomain,baseline_ocr,181,What effect do changes in stud thickness and screw diameter have on the shear strength of screw connections as per the modeling outcomes?,,>10,0.0,0.0,0.0,0.0,0.0,1617.72
crossdomain,baseline_ocr,182,Identify the person acting as the representative for the subdivision project located at 13035 NE Oregon Street.,,>10,0.0,0.0,0.0,0.0,0.0,1690.05
crossdomain,baseline_ocr,183,"How much is the projected expense for the 2008 PG Plaza Midblock Crossing initiative, and which activities contribute to this amount?",,>10,0.0,0.0,0.0,0.0,0.0,499.17
crossdomain,baseline_ocr,184,"During the May 3, 2021 Limestone County Commission meeting, to which entity was the SMART Board with serial SBB885-M2-B002848 assigned?",,>10,0.0,0.0,0.0,0.0,0.0,309.36
crossdomain,baseline_ocr,185,Which documents comprise the applicant's declaration in the land use review from the year 2104?,,>10,0.0,0.0,0.0,0.0,0.0,411.98
crossdomain,baseline_ocr,186,"In the context of the BIM4EEB Project, how does the ontology within the BIM management system enable connections between resources and entities?",,>10,0.0,0.0,0.0,0.0,0.0,2129.24
crossdomain,baseline_ocr,187,"How do the predicted construction types compare with the reference categories in terms of misclassification rates for S-DH, TH, and MFH?",,>10,0.0,0.0,0.0,0.0,0.0,373.73
crossdomain,baseline_ocr,188,How does the activity of Montmorillonite differ from Illite in the clay samples from Glee Geunteng hill?,,>10,0.0,0.0,0.0,0.0,0.0,1531.43
crossdomain,baseline_ocr,189,Which construction techniques or materials are identified for building a gravity oil-grit separator that includes a precast iron frame?,,>10,0.0,0.0,0.0,0.0,0.0,3008.88
crossdomain,baseline_ocr,190,What were the scheduled months for the new FMC's formation and training for the 2018 IGFs as outlined in the yearly summary?,,>10,0.0,0.0,0.0,0.0,0.0,340.86
crossdomain,baseline_ocr,191,How are the components logically connected in the load structure depicted?,,>10,0.0,0.0,0.0,0.0,0.0,274.98
crossdomain,baseline_ocr,192,Which beam spread degrees are offered for different lighting fixtures as per technical details?,,>10,0.0,0.0,0.0,0.0,0.0,801.49
crossdomain,baseline_ocr,193,"How does the blending moments difference change in percentage when the pliantness parameter is 1.00, moving from point 4 to point 10?",,>10,0.0,0.0,0.0,0.0,0.0,930.61
crossdomain,baseline_ocr,194,"Which protective elements, like pedestrian barriers, are found in the New Carrollton station's layout plan?",,>10,0.0,0.0,0.0,0.0,0.0,278.93
crossdomain,baseline_ocr,195,"In the shear strength evaluation, what are the load ratio extremes and cycle counts for tests involving sinusoidal loading?",,>10,0.0,0.0,0.0,0.0,0.0,317.05
crossdomain,baseline_ocr,196,What are the differences in sensor pressure values between the configurations involving Pipe CD and Pipe DE?,,>10,0.0,0.0,0.0,0.0,0.0,586.09
crossdomain,baseline_ocr,197,What were the key points and topics discussed during the Vision Derby 2040 community meeting?,,>10,0.0,0.0,0.0,0.0,0.0,809.94
crossdomain,baseline_ocr,198,Which part in the KROLL GIANT CRANES setup is responsible for avoiding excessive load?,,>10,0.0,0.0,0.0,0.0,0.0,378.89
crossdomain,baseline_ocr,199,What checks should be performed for the chainsaw before each operation?,,>10,0.0,0.0,0.0,0.0,0.0,485.6
crossdomain,baseline_ocr,200,During which hours and at which locations can used beverage containers be left at the BOAA's collection event?,,>10,0.0,0.0,0.0,0.0,0.0,728.14
crossdomain,baseline_ocr,201,How effective is Automize's latest service portal application in terms of automation success with ServiceNow?,,>10,0.0,0.0,0.0,0.0,0.0,402.08
crossdomain,baseline_ocr,202,Which types of insurance associated with life risk are organized by Futuro?,,>10,0.0,0.0,0.0,0.0,0.0,527.65
crossdomain,baseline_ocr,203,"In the CTM system, what are the current status and deadline for the task labeled 'check availability: semifinished goods'?",,>10,0.0,0.0,0.0,0.0,0.0,283.58
crossdomain,baseline_ocr,204,"According to the quick guide, what key functionalities are highlighted for the Avaya 3720 DECT Telephone?",,>10,0.0,0.0,0.0,0.0,0.0,290.93
crossdomain,baseline_ocr,205,What prompted Citizens to seek revised pricing for First Notice of Loss and basic support calls amidst current market fluctuations?,,>10,0.0,0.0,0.0,0.0,0.0,509.68
crossdomain,baseline_ocr,206,How do spam filters' (1-ROCA)% values distribute according to the patterns observed in the 2005 TREC evaluation?,,>10,0.0,0.0,0.0,0.0,0.0,283.14
crossdomain,baseline_ocr,207,"What shifts occurred in the Canadian financial resilience index from early 2020 to early 2021, and how did this affect the emotional state of financially at-risk groups?",,>10,0.0,0.0,0.0,0.0,0.0,449.64
crossdomain,baseline_ocr,208,Which issues and error explanations are specified in the CC408 user manual by Bosch Security Systems?,,>10,0.0,0.0,0.0,0.0,0.0,398.97
crossdomain,baseline_ocr,209,"How does the COVID-19 Safety Marshal ensure the implementation of Aligned Leisure's protocols, specifically regarding the arrangement of worker groups to prevent overlap?",,>10,0.0,0.0,0.0,0.0,0.0,1094.89
crossdomain,baseline_ocr,210,On what day did Calero's analytics indicate the highest number of calls?,,>10,0.0,0.0,0.0,0.0,0.0,301.62
crossdomain,baseline_ocr,211,What are the prior requirements needed for the Animal Science and Coin Collecting badges before the sessions?,,>10,0.0,0.0,0.0,0.0,0.0,780.62
crossdomain,baseline_ocr,212,In what ways do the intended audiences of the APHIS initiative contrast with those targeted by the World Bank project?,,>10,0.0,0.0,0.0,0.0,0.0,1633.69
crossdomain,baseline_ocr,213,"In the Dependable and Secure Computing document, what is the percentage of users who refused the 'Publish to Stream' option in the Firefox add-on?",,>10,0.0,0.0,0.0,0.0,0.0,618.46
crossdomain,baseline_ocr,214,How does the highest level of concurrency vary in the BPMN process for hiring employees?,,>10,0.0,0.0,0.0,0.0,0.0,473.24
crossdomain,baseline_ocr,215,"How did households identified as 'Extremely Vulnerable' adjust their behaviors amidst the pandemic, and what was the impact on their financial resilience ratings in 2020?",,>10,0.0,0.0,0.0,0.0,0.0,774.83
crossdomain,baseline_ocr,216,Where can you find the segment that deals with resolving device issues?,,>10,0.0,0.0,0.0,0.0,0.0,283.47
crossdomain,baseline_ocr,217,How is the process of Design Thinking structured as outlined in Müller-Roterberg's guide?,,>10,0.0,0.0,0.0,0.0,0.0,597.06
crossdomain,baseline_ocr,218,"Can you detail the sequence of actions for the 'order set items' task instance initiated on February 25, 2008, with the identifier 2008-02-25_11:04:25_+01:00_md:83?",,>10,0.0,0.0,0.0,0.0,0.0,1916.39
crossdomain,baseline_ocr,219,How many upvotes did the Reddit post receive regarding the request for a girlfriend to limit her wide smile in pictures?,,>10,0.0,0.0,0.0,0.0,0.0,291.15
crossdomain,baseline_ocr,220,"In the MaxCS 9.0.1 release, how many characters are required at minimum for a password to access the lock extension?",,>10,0.0,0.0,0.0,0.0,0.0,2040.76
crossdomain,baseline_ocr,221,In what way does LA Express Park employ data from numerous smart meters to guide its parking services?,,>10,0.0,0.0,0.0,0.0,0.0,371.97
crossdomain,baseline_ocr,222,"On June 30, 2015, what directories could be retrieved using the Barracuda Cloud-to-Cloud service?",,>10,0.0,0.0,0.0,0.0,0.0,342.45
crossdomain,baseline_ocr,223,What methods are used to evaluate client requirements in advisory services for both life insurance and accident and sickness insurance?,,>10,0.0,0.0,0.0,0.0,0.0,506.87
crossdomain,baseline_ocr,224,In what ways does adopting an automation-driven modular content approach enhance supply chain efficiency and marketing strategies in healthcare?,,>10,0.0,0.0,0.0,0.0,0.0,269.04
crossdomain,baseline_ocr,225,"In the Hotmail study, what fraction of the users possessing profiles make up the candidate group?",,>10,0.0,0.0,0.0,0.0,0.0,583.23
crossdomain,baseline_ocr,226,"How did the tourism revenue growth rate in Kenya evolve between 1998 and 2011, based on data from the Kenya National Bureau of Statistics?",,>10,0.0,0.0,0.0,0.0,0.0,285.4
crossdomain,baseline_ocr,227,In what way does the connection of cognitive capabilities and machine learning elements influence the functioning of reporting interfaces in the cloud architecture discussed?,,>10,0.0,0.0,0.0,0.0,0.0,297.44
crossdomain,baseline_ocr,228,What was the alteration in overall operating expenses for GreenTree Hospitality Group Ltd. from the end of March 2019 to the end of March 2020 as detailed in their financial results?,,>10,0.0,0.0,0.0,0.0,0.0,919.75
crossdomain,baseline_ocr,229,Which state's emblem in Australia prominently includes a black swan?,,>10,0.0,0.0,0.0,0.0,0.0,1337.55
crossdomain,baseline_ocr,230,What is the difference in linguistic variety between the original and CoCo-generated test datasets based on distinct n-gram measurements?,,>10,0.0,0.0,0.0,0.0,0.0,436.67
crossdomain,baseline_ocr,231,What neural components are identified in the Change Quest™ Model as part of the transformation process?,,>10,0.0,0.0,0.0,0.0,0.0,765.02
crossdomain,baseline_ocr,232,"In the database example, how do the employee start dates for Marketing differ from those in Shipping?",,>10,0.0,0.0,0.0,0.0,0.0,1741.61
crossdomain,baseline_ocr,233,What fraction of participants expressed full satisfaction regarding adherence to the course syllabus?,,>10,0.0,0.0,0.0,0.0,0.0,561.22
crossdomain,baseline_ocr,234,What is the name of the Sentosa SG50 deal featuring both the Butterfly Park & Insect Kingdom and a one-hour Gogreen Bi-Pedal Bicycle experience?,,>10,0.0,0.0,0.0,0.0,0.0,304.84
crossdomain,baseline_ocr,235,Could you provide the current state and completion percentage for the task identified by 2008-02-25_11:04:25_+01:00_md:83 within the workflow history?,,>10,0.0,0.0,0.0,0.0,0.0,713.0
crossdomain,baseline_ocr,236,What are the suggested enhancements for guest experiences at the Wine Dine Macau event?,,>10,0.0,0.0,0.0,0.0,0.0,318.33
crossdomain,baseline_ocr,237,What connector links a computer to a LAN of the Ethernet variety?,,>10,0.0,0.0,0.0,0.0,0.0,313.3
crossdomain,baseline_ocr,238,"Which social networks are commonly utilized by charitable organizations for their digital strategy enhancements, based on 2019 trends?",,>10,0.0,0.0,0.0,0.0,0.0,319.08
crossdomain,baseline_ocr,239,What is the reason for the nursery's improved cleaning routine for its furnishings and playthings?,,>10,0.0,0.0,0.0,0.0,0.0,1066.85
crossdomain,baseline_ocr,240,What challenges might be encountered with deploying MobilePBX™ through group policy and how can these be addressed?,,>10,0.0,0.0,0.0,0.0,0.0,392.35
crossdomain,baseline_ocr,241,Can you list the step-by-step tasks outlined in version 4 of the BPMN for recruiting a new staff member?,,>10,0.0,0.0,0.0,0.0,0.0,1222.93
crossdomain,baseline_ocr,242,Identify the earliest job commencement linked to department ID=20.,,>10,0.0,0.0,0.0,0.0,0.0,349.27
crossdomain,baseline_ocr,243,"In Coombs' 2007b SCCT model, what effect does assigning 'crisis responsibility' have on the perception of an organization's reputation?",,>10,0.0,0.0,0.0,0.0,0.0,1122.31
crossdomain,baseline_ocr,244,What are the differences in latency from NYC to other areas within the DirectCLOUD infrastructure based on service metrics?,,>10,0.0,0.0,0.0,0.0,0.0,535.31
crossdomain,baseline_ocr,245,"What are the variations in calculating coverage and premiums for accident and sickness insurance versus life insurance, taking into account client requirements and suggested plans?",,>10,0.0,0.0,0.0,0.0,0.0,296.85
crossdomain,baseline_ocr,246,"How do the authoring-centered and automation-centered strategies for modular content differ in the healthcare sector, especially regarding their effects on the transformation of the content supply chain from manual to automated processes?",,>10,0.0,0.0,0.0,0.0,0.0,557.63
crossdomain,baseline_ocr,247,How much time does it take to process visa applications in the hiring workflow described using BPMN?,,>10,0.0,0.0,0.0,0.0,0.0,858.94
crossdomain,baseline_ocr,248,Which certification concerning HR practices is highlighted in the guidance created by the Local Government Association and the Improvement and Development Agency?,,>10,0.0,0.0,0.0,0.0,0.0,586.87
crossdomain,baseline_ocr,249,"During a security breach in a smart home setup with a video camera, where does the infection originate according to the Mirai botnet example?",,>10,0.0,0.0,0.0,0.0,0.0,670.7
crossdomain,baseline_ocr,250,"How does the Bosch codepad communicate through sounds, and what do these sounds signify?",,>10,0.0,0.0,0.0,0.0,0.0,452.08
crossdomain,baseline_ocr,251,How does 'P-tracking' function within the World Bank’s Social Observatory initiative in Tamil Nadu?,,>10,0.0,0.0,0.0,0.0,0.0,1072.38
crossdomain,baseline_ocr,252,"Can you detail the planned activities for the Iowa UPMA State Convention on April 23, 2021, at Mercy/Winslow?",,>10,0.0,0.0,0.0,0.0,0.0,570.5
crossdomain,baseline_ocr,253,How much of the REGIONS table is covered in the context of the Query Aware Shrink tool's data reduction?,,>10,0.0,0.0,0.0,0.0,0.0,1543.87
crossdomain,baseline_ocr,254,"What influence did changes in SQL query coverage have on the percentage decrease in the HR database, as noted in the detailed query coverage information?",,>10,0.0,0.0,0.0,0.0,0.0,605.73
crossdomain,baseline_ocr,255,"Which individuals and subjects are featured at the Iowa UPMA State Convention on the morning of April 24, 2021?",,>10,0.0,0.0,0.0,0.0,0.0,279.2
crossdomain,baseline_ocr,256,Which activities and icons are linked with the 2014 GoogleServe event's emblem?,,>10,0.0,0.0,0.0,0.0,0.0,356.06
crossdomain,baseline_ocr,257,What is the percentage of students who favor retrieving library content online in relation to other digital services offered by the college?,,>10,0.0,0.0,0.0,0.0,0.0,731.69
crossdomain,baseline_ocr,258,"According to the 2017 Global NGO Technology Report, how many email subscribers do large NGOs typically have on average?",,>10,0.0,0.0,0.0,0.0,0.0,305.98
crossdomain,baseline_ocr,259,How does the symbol with an outreaching hand and a butterfly reflect the mission of Bereaved Parents of the USA?,,>10,0.0,0.0,0.0,0.0,0.0,297.18
crossdomain,baseline_ocr,260,"What is the name of the award given to entities noted for prioritizing workforce investment, symbolized with a wreath?",,>10,0.0,0.0,0.0,0.0,0.0,485.49
crossdomain,baseline_ocr,261,"In the context of Bosch's system, what is indicated when the FAULT light blinks?",,>10,0.0,0.0,0.0,0.0,0.0,318.36
crossdomain,baseline_ocr,262,In what manner does the development of an elaborate business function model follow from the initial analysis stage?,,>10,0.0,0.0,0.0,0.0,0.0,534.73
crossdomain,baseline_ocr,263,Which educational and resource initiatives are outlined by the Minister for accessibility in Manitoba for the fiscal years 2021/22 and 2022/23?,,>10,0.0,0.0,0.0,0.0,0.0,306.9
crossdomain,baseline_ocr,264,"At the McDixon Apple Orchard, how does water flow from the area with Container Shrubs towards the water purification section?",,>10,0.0,0.0,0.0,0.0,0.0,564.91
crossdomain,baseline_ocr,265,How many Instagram followers do large non-governmental organizations typically have based on the 2017 Global NGO Technology Report?,,>10,0.0,0.0,0.0,0.0,0.0,750.4
crossdomain,baseline_ocr,266,What is the reason for disabling the METRIXUSAGE function in certain roles due to concerns about database expansion affecting system efficiency?,,>10,0.0,0.0,0.0,0.0,0.0,880.46
crossdomain,baseline_ocr,267,What are the Office 365 components that remain unbacked according to the Cloud-to-Cloud sources from Barracuda's technical overview?,,>10,0.0,0.0,0.0,0.0,0.0,279.06
crossdomain,baseline_ocr,268,Which sessions are planned for the mid-July Wednesday in the ASAT summer schedule at Chapel Haven?,2.0,2-5,0.0,0.25,0.25,0.5,0.5,369.3
crossdomain,baseline_ocr,269,"What is the number of individuals allowed to participate in the Excellence Roundtable for the second pricing level of $15,000?",,>10,0.0,0.0,0.0,0.0,0.0,603.99
crossdomain,baseline_ocr,270,In which specific settings within medical facilities is the 'yewdale Harrier' found to be appropriate?,,>10,0.0,0.0,0.0,0.0,0.0,308.44
crossdomain,baseline_ocr,271,"How are engagement levels distributed among the groups of users with profiles, queries, and candidates totaling 151 million, 32 million, and 11 million respectively?",,>10,0.0,0.0,0.0,0.0,0.0,485.28
crossdomain,baseline_ocr,272,How does the fourth stage differ from the third in the Employee Experience maturity framework described by The Josh Bersin Company?,,>10,0.0,0.0,0.0,0.0,0.0,290.61
crossdomain,baseline_ocr,273,What is the personnel-focused certification cited in the framework provided by the LGA and IDeA?,,>10,0.0,0.0,0.0,0.0,0.0,316.48
crossdomain,baseline_ocr,274,"In what ways do the Public Speaking and Animal Science merit badges contribute to skill growth in Scouts BSA, and what preparation must be done beforehand for these activities?",,>10,0.0,0.0,0.0,0.0,0.0,1473.79
crossdomain,baseline_ocr,275,"Which activities, including categories like Working and Leisure, are monitored by users in the Happimeter application?",,>10,0.0,0.0,0.0,0.0,0.0,268.26
crossdomain,baseline_ocr,276,How does incrementally updating the classifier with both spam and ham messages affect spam error rates over ten months?,,>10,0.0,0.0,0.0,0.0,0.0,1318.99
crossdomain,baseline_ocr,277,Can you list the specific times recorded for the task 'order set items' within the process shipment sequence from February to March 2008?,,>10,0.0,0.0,0.0,0.0,0.0,361.02
crossdomain,baseline_ocr,278,What impact did utilizing the filtering and sorting features have on the sensitivity to pricing and rating during booking in the used scenario within Condition 2b?,,>10,0.0,0.0,0.0,0.0,0.0,273.9
crossdomain,baseline_ocr,279,Which fabrics are advised by NSW Health for safeguarding against insects like mosquitoes and ticks?,,>10,0.0,0.0,0.0,0.0,0.0,523.37
crossdomain,baseline_ocr,280,"What reasons necessitate calling the installer for service related to wireless devices, and what is the method to add more user codes for handling the system?",,>10,0.0,0.0,0.0,0.0,0.0,859.78
crossdomain,baseline_ocr,281,"What is the efficiency of using blacklists and additional checks to decrease spam, and how do delay strategies affect the processing of legitimate and spam emails in a corporation's email infrastructure?",,>10,0.0,0.0,0.0,0.0,0.0,457.46
crossdomain,baseline_ocr,282,"From the start of the year until mid-year, what are the major initiatives for chapter growth, such as building the team and engaging with community partners?",,>10,0.0,0.0,0.0,0.0,0.0,343.47
crossdomain,baseline_ocr,283,How do the qualitative approaches of the World Bank researchers in India differ from those used by LA Express Park in California?,,>10,0.0,0.0,0.0,0.0,0.0,760.57
crossdomain,baseline_ocr,284,"How many individuals rely on online resources to locate places to stay, eat, and visit while traveling?",,>10,0.0,0.0,0.0,0.0,0.0,450.85
crossdomain,baseline_ocr,285,What trend is observed in the number of clients required for balance as Cr values change in the scenario of recurring tour cancellations?,,>10,0.0,0.0,0.0,0.0,0.0,613.84
crossdomain,baseline_ocr,286,"By what percentage did the total income drop for GreenTree Hospitality's hotels, both leased-and-operated and franchised-and-managed, between March 31, 2019, and March 31, 2020?",,>10,0.0,0.0,0.0,0.0,0.0,671.01
crossdomain,baseline_ocr,287,What features define the product setup of Yewdale Vitesse that utilizes a purple theme?,,>10,0.0,0.0,0.0,0.0,0.0,535.38
crossdomain,baseline_ocr,288,Can you provide the code and most recent evaluation date for Tetra Tech's safeguarding document?,,>10,0.0,0.0,0.0,0.0,0.0,319.88
crossdomain,baseline_ocr,289,How does the proportion of language-sharing user pairs change according to the ASP and affinity evaluations in Figure 7?,,>10,0.0,0.0,0.0,0.0,0.0,826.2
crossdomain,baseline_ocr,290,How do the unique n-gram ratio values compare for language diversity between the Ori-test and CoCo-test datasets?,,>10,0.0,0.0,0.0,0.0,0.0,440.94
crossdomain,baseline_ocr,291,"In the visuals associated with 'Yewdale Harrier,' what is the main environment portrayed?",,>10,0.0,0.0,0.0,0.0,0.0,311.17
crossdomain,baseline_ocr,292,What culinary tasks are the helpers involved in to assist the elderly group in Burin - St. Patrick’s Parish?,,>10,0.0,0.0,0.0,0.0,0.0,319.91
crossdomain,baseline_ocr,293,Which guidelines must parents adhere to when parking at the school for safety and community courtesy?,,>10,0.0,0.0,0.0,0.0,0.0,907.57
crossdomain,baseline_ocr,294,"In examining the K-Subsets results, what are the differences in top and bottom mean percentages of 1-ROCA for the dataset from SpamAssassin?",,>10,0.0,0.0,0.0,0.0,0.0,329.97
crossdomain,baseline_ocr,295,When can items be dropped off for the BOAA's recycling event?,,>10,0.0,0.0,0.0,0.0,0.0,298.77
crossdomain,baseline_ocr,296,What are the platforms configured for online backup in the Technical Marketing cloud-to-cloud section?,,>10,0.0,0.0,0.0,0.0,0.0,1145.7
crossdomain,baseline_ocr,297,"In the context of the study published in Vol. 12, No. 6 of the International Journal of Advanced Computer Science and Applications, what variations are observed in the precision, recall, and F-score metrics when comparing the Support Vector Machines and Decision Tree algorithms across STC, Mobily, and Zain?",,>10,0.0,0.0,0.0,0.0,0.0,451.8
crossdomain,baseline_ocr,298,What is the customer count for Automize's recently launched portal application?,,>10,0.0,0.0,0.0,0.0,0.0,321.64
crossdomain,baseline_ocr,299,Can you provide the job identifier and current state for the Test Workplace - Pledge Response Report created on 26th May 2021?,,>10,0.0,0.0,0.0,0.0,0.0,331.27
crossdomain,baseline_ocr,300,What distinguishes the Transformative Approach from the Additive Approach in multicultural education regarding curriculum modifications and the perspectives taught?,,>10,0.0,0.0,0.0,0.0,0.0,347.73
crossdomain,baseline_ocr,301,Identify the Unicode designation for the uppercase Greek letter eta.,,>10,0.0,0.0,0.0,0.0,0.0,374.69
crossdomain,baseline_ocr,302,"In Brad Bell’s design studios, what fundamental elements make up the repetitive systems in digital fabrication methods?",,>10,0.0,0.0,0.0,0.0,0.0,306.68
crossdomain,baseline_ocr,303,"In the study, what relationship is observed between the error compared to the practice target and the average pitch error during transfer, as shown by an R Squared of 0.476?",,>10,0.0,0.0,0.0,0.0,0.0,2882.66
crossdomain,baseline_ocr,304,What causes some to interpret religious messages in a way that emphasizes hidden meanings and aligns with hyper faith concepts?,3.0,2-5,0.0,0.3333333333333333,0.3333333333333333,0.3333333333333333,0.3333333333333333,362.44
crossdomain,baseline_ocr,305,"How does the Social Action Approach, according to Cumming-McCann, enhance multicultural education by involving students in addressing societal issues?",,>10,0.0,0.0,0.0,0.0,0.0,1070.97
crossdomain,baseline_ocr,306,How does the duration above the reward level change over neurofeedback periods based on the analysis in the Asia Pacific Journal of Neurotherapy?,,>10,0.0,0.0,0.0,0.0,0.0,436.09
crossdomain,baseline_ocr,307,Can you provide the ISSN for the Environmental Protection journal from SCIRP?,,>10,0.0,0.0,0.0,0.0,0.0,278.54
crossdomain,baseline_ocr,308,"How many confirmed cases of the virus were reported in Japan by February 6, 2020?",,>10,0.0,0.0,0.0,0.0,0.0,412.83
crossdomain,baseline_ocr,309,"In the context of the English system, which unit is used to measure kinematic viscosity as outlined in the dimensions chart?",,>10,0.0,0.0,0.0,0.0,0.0,452.36
crossdomain,baseline_ocr,310,"In the Sustainable Design & Systems Medicine Lab's resources, how is the Sustainable Process Index quantified?",,>10,0.0,0.0,0.0,0.0,0.0,483.24
crossdomain,baseline_ocr,311,"How do the probability patterns for events X1, X2, X3, and X4 appear when employing multinomial sampling, considering combinations such as p12 and p1234?",,>10,0.0,0.0,0.0,0.0,0.0,1444.17
crossdomain,baseline_ocr,312,What is the number of visual representations provided by the US Treasury Dept. in comparison to the World Health Organization based on the taxonomy?,4.0,2-5,0.0,1.0,1.0,0.25,0.25,1913.51
crossdomain,baseline_ocr,313,Which volume and issue of the 'Journal of Environmental Protection' from SCIRP corresponds to the release in February 2014?,,>10,0.0,0.0,0.0,0.0,0.0,421.83
crossdomain,baseline_ocr,314,Can you provide the average score and consistency measure for the Raven Advanced test from the statistical data?,,>10,0.0,0.0,0.0,0.0,0.0,751.89
crossdomain,baseline_ocr,315,Identify the Unicode code U+0025 and its associated name for the symbol denoting a percentage.,,>10,0.0,0.0,0.0,0.0,0.0,303.4
crossdomain,baseline_ocr,316,How are force and pressure measured in terms of dimensions and preferred units in S.I. and E.S. standards in the provided physics data?,,>10,0.0,0.0,0.0,0.0,0.0,477.98
crossdomain,baseline_ocr,317,Can you provide the teaching time for Instructor D in the adaptable classroom setup?,,>10,0.0,0.0,0.0,0.0,0.0,1107.87
crossdomain,baseline_ocr,318,"In the S.I. and E.S. systems, what are the dimensions and units used to express mass?",,>10,0.0,0.0,0.0,0.0,0.0,352.63
crossdomain,baseline_ocr,319,"In the context of Outcome Based Education, what categories of learning preferences are recognized?",,>10,0.0,0.0,0.0,0.0,0.0,306.43
crossdomain,baseline_ocr,320,How does the money collected by St. Barbara since July 1st compare to the planned figures?,,>10,0.0,0.0,0.0,0.0,0.0,889.48
crossdomain,baseline_ocr,321,Which year marks the initial publication of the earliest novel in the list of works associated with the Carnation Revolution?,,>10,0.0,0.0,0.0,0.0,0.0,328.88
crossdomain,baseline_ocr,322,How do the cavalry figures differ between the French and Prussian armies in terms of representation during the Waterloo engagement?,,>10,0.0,0.0,0.0,0.0,0.0,289.02
crossdomain,baseline_ocr,323,"How many educators completely concur that students in diverse classrooms are more receptive to new social ideas, based on research from 2021 in a sociology journal?",,>10,0.0,0.0,0.0,0.0,0.0,323.6
crossdomain,baseline_ocr,324,Who supported the 'Speed Is No Game' effort financially?,,>10,0.0,0.0,0.0,0.0,0.0,477.49
crossdomain,baseline_ocr,325,Which natural and man-made landmarks are indicated close to Encino Park on the 1985 topographic chart of a Texan city?,,>10,0.0,0.0,0.0,0.0,0.0,1173.42
crossdomain,baseline_ocr,326,"What does the research by Nabirye, de Schryver, and Verhoeven reveal about the differences between Lusoga's sound transcriptions and written forms?",,>10,0.0,0.0,0.0,0.0,0.0,1119.8
crossdomain,baseline_ocr,327,How does the Social Action Approach extend beyond the Transformative Approach in Allison Cumming-McCann's framework for multicultural teaching methods?,,>10,0.0,0.0,0.0,0.0,0.0,565.7
crossdomain,baseline_ocr,328,"In the early 1900s, what were the measurements of the Winged Box kite utilized by Mr. Barton during British contests?",,>10,0.0,0.0,0.0,0.0,0.0,510.41
crossdomain,baseline_ocr,329,Identify the character for U+002A in Unicode and describe its alternative forms as shown.,,>10,0.0,0.0,0.0,0.0,0.0,483.95
crossdomain,baseline_ocr,330,How are the z-scores distributed for 'Can obtain beverages at school' across the different models of obesity risk classes?,,>10,0.0,0.0,0.0,0.0,0.0,864.28
crossdomain,baseline_ocr,331,What causes the variation in PSC response between tactile and auditory stimuli in blind individuals in the first experiment?,,>10,0.0,0.0,0.0,0.0,0.0,335.19
crossdomain,baseline_ocr,332,What are the differences in years of experience between those who can and cannot perform the L-sit Cross position on the Spanish national gymnastics team?,,>10,0.0,0.0,0.0,0.0,0.0,301.34
crossdomain,baseline_ocr,333,What are the typical teacher responses when students struggle to answer in English language assessments?,,>10,0.0,0.0,0.0,0.0,0.0,735.95
crossdomain,baseline_ocr,334,How can learners connect new knowledge to what they already know in an adult education setting?,,>10,0.0,0.0,0.0,0.0,0.0,510.49
crossdomain,baseline_ocr,335,Who is the educator assigned to the 12:20 time slot in the traditional setting?,,>10,0.0,0.0,0.0,0.0,0.0,782.73
crossdomain,baseline_ocr,336,"In what ways can a lack of comprehension of the historical cultural context, like in Matt 19:24 or Rev 3:8, lead to incorrect interpretations of the Bible?",3.0,2-5,0.0,0.3333333333333333,0.3333333333333333,0.3333333333333333,0.3333333333333333,481.3
crossdomain,baseline_ocr,337,"Between maintaining a stable position and executing techniques while balanced, which action is more frequently used by Thai fighters than UK fighters based on the model?",,>10,0.0,0.0,0.0,0.0,0.0,451.72
crossdomain,baseline_ocr,338,"From which group did the highest quantity of visual content originate, focusing on academic sources?",4.0,2-5,0.0,1.0,1.0,0.25,0.25,1169.99
crossdomain,baseline_ocr,339,"Who are the writers whose publications from the 1980s appear in the collection of stories about the Carnation Revolution noted in the Journal of Social Science Education, Spring 2015?",,>10,0.0,0.0,0.0,0.0,0.0,335.05
crossdomain,baseline_ocr,340,"Based on the IOJET 2021 study, which methods for assessing homework are employed by over five educators?",,>10,0.0,0.0,0.0,0.0,0.0,704.49
crossdomain,baseline_ocr,341,"What is the duration in days between when COVID-19 was identified and February 14, 2020, based on the data provided?",,>10,0.0,0.0,0.0,0.0,0.0,1800.16
crossdomain,baseline_ocr,342,"Among Year 10 students uncertain about their school work being marked constructively, what is the percentage who have tried cannabis?",,>10,0.0,0.0,0.0,0.0,0.0,450.04
crossdomain,baseline_ocr,343,In what way do different organizations like government bodies and news media distribute their visualization sources?,4.0,2-5,0.0,1.0,1.0,0.25,0.25,292.96
crossdomain,baseline_ocr,344,"How do different statistical measures recommend the best model for obesity risk classes, considering criteria like the Bayesian Information Criterion?",,>10,0.0,0.0,0.0,0.0,0.0,835.99
crossdomain,baseline_ocr,345,Which items did Léopold-Lévy employ while painting landscapes outside in the Provence region?,,>10,0.0,0.0,0.0,0.0,0.0,307.36
crossdomain,baseline_ocr,346,"What is the reason for bar charts having the highest prevalence, at 25.4%, in governmental and international organization datasets compared to other sources?",,>10,0.0,0.0,0.0,0.0,0.0,330.42
crossdomain,baseline_ocr,347,"How do the reliability figures for measures like OSpan, SymSpan, and others compare?",,>10,0.0,0.0,0.0,0.0,0.0,397.74
crossdomain,baseline_ocr,348,Which wintertime outdoor tasks are highlighted in the PCA Elementary curriculum aimed at holistic growth?,,>10,0.0,0.0,0.0,0.0,0.0,1041.02
crossdomain,baseline_ocr,349,What distinguishes the Contributions method from the Transformative method in terms of incorporating perspectives in multicultural education?,,>10,0.0,0.0,0.0,0.0,0.0,575.55
crossdomain,baseline_ocr,350,"Which individual is credited with writing 'A Farmer’s Primer on Growing Rice,' linked to research by Dr. Vergara?",,>10,0.0,0.0,0.0,0.0,0.0,787.61
crossdomain,baseline_ocr,351,How does the normalized weight difference change across epochs for layers in the PFC and Hidden model?,,>10,0.0,0.0,0.0,0.0,0.0,333.7
crossdomain,baseline_ocr,352,Which design elements linked to buildings are included in Escher's reimagined Prentententoonstelling studies?,,>10,0.0,0.0,0.0,0.0,0.0,578.87
crossdomain,baseline_ocr,353,What was the amount received via postal envelopes in the collection for the May 8th and 9th weekend at the church?,,>10,0.0,0.0,0.0,0.0,0.0,572.72
crossdomain,baseline_ocr,354,What role does engaging with new information play in enhancing recall within training frameworks for adults?,,>10,0.0,0.0,0.0,0.0,0.0,291.21
crossdomain,baseline_ocr,355,"In the second experiment, what confirmation rating is observed between the translator and publishing entities?",,>10,0.0,0.0,0.0,0.0,0.0,651.47
crossdomain,baseline_ocr,356,"How does the distribution of factor scores vary by age in the density analysis utilizing MAMBAC, MAXCOV, and L-Mode methods?",,>10,0.0,0.0,0.0,0.0,0.0,429.72
crossdomain,baseline_ocr,357,"For Experiment 2, what values are given for probability and confirmation when 'beer' is paired with 'publishing'?",,>10,0.0,0.0,0.0,0.0,0.0,320.76
crossdomain,baseline_ocr,358,"According to the 2017 SNAAP report, what portion of recent graduates firmly believe they would have gained from financial management skills?",,>10,0.0,0.0,0.0,0.0,0.0,3572.6
crossdomain,baseline_ocr,359,"Based on the SNAAP Special Report 2017, how many alumni reported a strong agreement with their exposure to a wide-ranging network of creatives and leaders during their educational development?",,>10,0.0,0.0,0.0,0.0,0.0,1576.44
crossdomain,baseline_ocr,360,"What causes the variation in TERE values between traditional soy products and non-dairy soy alternatives, particularly concerning estradiol levels?",,>10,0.0,0.0,0.0,0.0,0.0,339.34
crossdomain,baseline_ocr,361,In what ways are the approaches to inclusivity in classroom settings distinguished based on the stages outlined by the diversity inclusivity framework by Hanover Research from February 2018?,,>10,0.0,0.0,0.0,0.0,0.0,417.96
crossdomain,baseline_ocr,362,"Considering BIC and BLRT metrics along with simplicity, which class model is best suited for evaluating obesity risk related to home and school?",,>10,0.0,0.0,0.0,0.0,0.0,270.7
crossdomain,baseline_ocr,363,"Can you provide the skewness figures for the measures OspanS, SymspanS, and RspanS in tasks assessing working memory storage?",,>10,0.0,0.0,0.0,0.0,0.0,1105.97
crossdomain,baseline_ocr,364,How does gender affect behavioral learning based on the statistical analysis results?,,>10,0.0,0.0,0.0,0.0,0.0,252.54
crossdomain,baseline_ocr,365,"How is 'malaria' expressed in Lusoga, and what is its translation along with the phonetic representation?",,>10,0.0,0.0,0.0,0.0,0.0,332.04
crossdomain,baseline_ocr,366,"To what extent did attendees perceive the diversity training as receptive to others' opinions, rated on a 1 to 5 scale?",,>10,0.0,0.0,0.0,0.0,0.0,943.65
crossdomain,baseline_ocr,367,"In Study 3B's AMP, what chance is there for a positive response when experimental primes are used in the error classification?",,>10,0.0,0.0,0.0,0.0,0.0,318.89
crossdomain,baseline_ocr,368,"In Lusoga phonetic transcription, how is the act of producing a hissing noise represented?",,>10,0.0,0.0,0.0,0.0,0.0,314.17
crossdomain,baseline_ocr,369,"In the multinomial sampling model, how are the relationships between X1, X2, X3, and X4 defined using probabilities like p12, p13, and p123?",,>10,0.0,0.0,0.0,0.0,0.0,1033.15
crossdomain,baseline_ocr,370,"During educational sessions dedicated to arts and music, which particular tasks are students engaged in?",,>10,0.0,0.0,0.0,0.0,0.0,380.24
crossdomain,baseline_ocr,371,"In the investigation conducted by Pfizer and Rowan, what are the input rates for IPA and water in the waste stream of the celecoxib production?",,>10,0.0,0.0,0.0,0.0,0.0,1277.64
crossdomain,baseline_ocr,372,"According to Hanover Research's 2018 Diversity Inclusivity Continuum, how should course content evolve to better incorporate multicultural elements?",,>10,0.0,0.0,0.0,0.0,0.0,634.23
crossdomain,baseline_ocr,373,"How do persuasion outcomes vary between individuals with high and low levels of knowledge in immediate and delayed assessments, based on the elaboration-likelihood model study?",,>10,0.0,0.0,0.0,0.0,0.0,267.04
crossdomain,baseline_ocr,374,"In the Leabra algorithm-based study, how does the ability to generalize vary between different PFC network setups when they are trained on the complete set of tasks?",,>10,0.0,0.0,0.0,0.0,0.0,624.21
crossdomain,baseline_ocr,375,"In the 2021 study published in the Borno Medical Journal, what fraction of participants expressed indecision regarding the preventative extraction of wisdom teeth?",,>10,0.0,0.0,0.0,0.0,0.0,315.05
crossdomain,baseline_ocr,376,"On another world, what option best signifies the clothing donned by the monarch the Little Prince met?",,>10,0.0,0.0,0.0,0.0,0.0,403.95
crossdomain,baseline_ocr,377,"In group NE, what is the variation in /i/ response proportions across spectral steps from /ɪ/ to /i/ during time T4?",,>10,0.0,0.0,0.0,0.0,0.0,602.44
crossdomain,baseline_ocr,378,"What is the comparative binding affinity of genistein to estrogen receptors in newer soy food versions versus traditional ones, based on the provided data?",,>10,0.0,0.0,0.0,0.0,0.0,328.03
crossdomain,baseline_ocr,379,How do the success rates change over quartiles during a paired memory task controlled by specific software?,,>10,0.0,0.0,0.0,0.0,0.0,286.28
crossdomain,baseline_ocr,380,Which holiday precedes the SCC Teams gathering on the evening of April 13th?,,>10,0.0,0.0,0.0,0.0,0.0,569.43
crossdomain,baseline_ocr,381,"By five years old, what communication skills should children have, such as extended conversational turns, and what steps can be taken if there are concerns about these abilities?",,>10,0.0,0.0,0.0,0.0,0.0,581.94
crossdomain,baseline_ocr,382,How does arranging new concepts in line with what is already known help decrease confusion while studying?,,>10,0.0,0.0,0.0,0.0,0.0,344.7
crossdomain,baseline_ocr,383,"What are the artillery numbers for the French, Anglo-Allied, and Prussian forces during Waterloo as per the 2025 figures?",,>10,0.0,0.0,0.0,0.0,0.0,304.56
crossdomain,baseline_ocr,384,Which methods are outlined in Lukas Einkemmer's thesis from the University of Innsbruck's math department for addressing non-linear differential equations?,,>10,0.0,0.0,0.0,0.0,0.0,611.43
crossdomain,baseline_ocr,385,In what way does the breakdown of isospin for pN → NNπ processes correspond to the isospin conditions of nucleon pairs such as those represented by σ10(d) or σ10(np) + σ11?,,>10,0.0,0.0,0.0,0.0,0.0,844.52
crossdomain,baseline_ocr,386,Can you provide the linear regression coefficients for specific instructors involved in the behavioral learning study?,,>10,0.0,0.0,0.0,0.0,0.0,945.16
crossdomain,baseline_ocr,387,"Which elements constitute the unified data exchange in the realm of big data, featuring both internal systems and Hadoop clusters?",,>10,0.0,0.0,0.0,0.0,0.0,1410.08
crossdomain,baseline_ocr,388,How do the free parameters (k) for Noncompliance compare between GMM and LCGA at six classes?,,>10,0.0,0.0,0.0,0.0,0.0,681.6
crossdomain,baseline_ocr,389,"At an angle of 142.5, how do the Value and Chroma differ between conditions 1-3 and 4-6 in the Munsell color system?",,>10,0.0,0.0,0.0,0.0,0.0,277.69
crossdomain,baseline_ocr,390,How does the weighting pattern of /i/-related cues change from the first to the fifth duration step for group KA?,,>10,0.0,0.0,0.0,0.0,0.0,311.85
crossdomain,baseline_ocr,391,"How do the Contributions, Additive, Transformative, and Social Action methods impact content integration challenges in multicultural education?",,>10,0.0,0.0,0.0,0.0,0.0,510.22
crossdomain,baseline_ocr,392,How does average spine density change through developmental stages for ace-1(p1000);ace-2(g72) versus unc-17(e113) in studies involving C. elegans neural circuits?,,>10,0.0,0.0,0.0,0.0,0.0,318.96
crossdomain,baseline_ocr,393,"Between dense flint and crown glasses, which exhibits a larger disparity in refractive indices at the wavelengths 656.3 nm and 404.7 nm?",,>10,0.0,0.0,0.0,0.0,0.0,307.21
crossdomain,baseline_ocr,394,How do the ace-1(p1000);ace-2(g72) and unc-17(e113) genetic alterations affect dendritic spine density during different growth stages in C. elegans?,,>10,0.0,0.0,0.0,0.0,0.0,654.64
crossdomain,baseline_ocr,395,"At what levels, including micro, meso, and macro, does Health Policy and Systems Research (HPSR) operate?",,>10,0.0,0.0,0.0,0.0,0.0,2006.58
crossdomain,baseline_ocr,396,"How many visual representations originate from scientific journals, particularly Nature, and what count of these stand alone?",4.0,2-5,0.0,1.0,1.0,0.25,0.25,550.6
crossdomain,baseline_ocr,397,"In Study 3B, what is the comparison of standardized mean evaluations for groups based on accuracy in explicit assessments?",,>10,0.0,0.0,0.0,0.0,0.0,1370.22
crossdomain,baseline_ocr,398,"Which reading items are part of the 24-hour reading activities organized by Lizzie Williams, as seen in the OU RfP site?",,>10,0.0,0.0,0.0,0.0,0.0,272.78
crossdomain,baseline_ocr,399,What is the arrangement of data flow in merged systems for analytics that includes processes like extraction and the use of data marts?,,>10,0.0,0.0,0.0,0.0,0.0,936.69
crossdomain,baseline_ocr,400,How does the electrical potential vary between starting and ending states when charging at a higher temperature and discharging at a lower temperature in this experiment?,,>10,0.0,0.0,0.0,0.0,0.0,321.72
crossdomain,baseline_ocr,401,"In an alkaline environment with oxygen reduction at potentials ranging from 0.4 to 0.8 V versus RHE, what differences are observed in the efficiency of H2O2 generation between graphite electrodes modified with anthraquinone and those without modification?",,>10,0.0,0.0,0.0,0.0,0.0,782.42
crossdomain,baseline_ocr,402,Which procedures were employed for enzymatic conversion and fermentation after treating rice straw with a mixture of sodium carbonate and sodium sulfite at elevated temperature?,,>10,0.0,0.0,0.0,0.0,0.0,279.68
crossdomain,baseline_ocr,403,"Between 2010 and 2015 in the Western Canada Sedimentary Basin, what is the difference in the share of high-magnitude seismic occurrences linked to wells used for fluid disposal compared to those utilized for hydraulic fracturing?",,>10,0.0,0.0,0.0,0.0,0.0,467.61
crossdomain,baseline_ocr,404,What was the shift in accumulated profits for EQTEC plc over the period from mid-2015 to the end of 2016?,,>10,0.0,0.0,0.0,0.0,0.0,291.35
crossdomain,baseline_ocr,405,"In the Chabahar solar still investigation conducted on July 6, how did shifting the surrounding air temperature from 20 degrees Celsius to 40 degrees Celsius influence the overall volume of distilled water collected per unit area?",,>10,0.0,0.0,0.0,0.0,0.0,470.83
crossdomain,baseline_ocr,406,Which entity is acknowledged as the central technology institution in the Q2 2021 overview addressing regulatory changes in net metering and distributed solar generation initiatives within The 50 States of Solar analysis?,,>10,0.0,0.0,0.0,0.0,0.0,339.63
crossdomain,baseline_ocr,407,"When the methane input is held constant at 9 NL min⁻¹ during the gas-solid equilibrium tests, what impact does varying the ratio of oxidant to reformer stream have on process conditions?",,>10,0.0,0.0,0.0,0.0,0.0,298.86
crossdomain,baseline_ocr,408,How does the average fluid output per second of the solar-based sprayer compare when run exclusively from solar energy versus when using either the 1SMF or MF9-B backup batteries throughout daylight hours?,,>10,0.0,0.0,0.0,0.0,0.0,532.5
crossdomain,baseline_ocr,409,"For applicants seeking funding through the REF Brownfield initiative who are incorporating energy storage, what are the detailed stipulations for the signed agreement covering the storage aspect?",,>10,0.0,0.0,0.0,0.0,0.0,349.83
crossdomain,baseline_ocr,410,How does the electron transfer count during the oxygen reduction process differ between a graphite electrode modified with anthraquinone and an unmodified graphite rod when examined across 0.4 to 0.8 volts versus the reversible hydrogen electrode?,,>10,0.0,0.0,0.0,0.0,0.0,432.05
crossdomain,baseline_ocr,411,By how much did the gap between the US and UK natural gas benchmarks increase from one day to the next on 20 and 21 July 2021?,,>10,0.0,0.0,0.0,0.0,0.0,303.15
crossdomain,baseline_ocr,412,"During the interval from 1972 to 2013 in the Raton Basin area, when did the most powerful seismic event with a magnitude of 5.3 occur?",,>10,0.0,0.0,0.0,0.0,0.0,323.06
crossdomain,baseline_ocr,413,How thick is the a-MoSx film produced by the cyclic voltammetry-based deposition onto the Ti/p-InP structure according to the reported experimental procedure?,,>10,0.0,0.0,0.0,0.0,0.0,281.47
crossdomain,baseline_ocr,414,What were the significant shifts and turning points in the monthly average petroleum cost (in USD) between the spring of 2008 and the end of winter 2012 as tracked by the Department of Commerce?,,>10,0.0,0.0,0.0,0.0,0.0,255.0
crossdomain,baseline_ocr,415,How do the high and statistically notable estimates for specific parameters in the B matrix of the asymmetric BEKK model clarify the ongoing influence of prior fluctuations on subsequent volatility in EUA returns throughout the second stage of the EU Emissions Trading System?,,>10,0.0,0.0,0.0,0.0,0.0,1913.82
crossdomain,baseline_ocr,416,"Which steps concerning advance planning, authority notifications, environmental assessments, crew briefings, and securing the vessel must be followed before and during mooring according to the listed requirements?",,>10,0.0,0.0,0.0,0.0,0.0,285.72
crossdomain,baseline_ocr,417,"For the NEK region, what proportions of passenger vehicles are expected to operate on electric power in 2025, 2035, and 2050 based on anticipated shifts away from internal combustion engines?",,>10,0.0,0.0,0.0,0.0,0.0,299.12
crossdomain,baseline_ocr,418,"What trend is observed in the percentage of light reflected as a function of light wavelength for indium phosphide nanostructures with different measured depths of 4.3, 9.2, 16.9, and 24.5 micrometers under laboratory testing?",,>10,0.0,0.0,0.0,0.0,0.0,648.1
crossdomain,baseline_ocr,419,"During the period from 1990 to 2015, what differences are evident in how petroleum use evolved in the Asia Pacific region compared to North America?",,>10,0.0,0.0,0.0,0.0,0.0,374.49
crossdomain,baseline_ocr,420,"How are expenses distributed among key areas such as equipment, chemical usage, labor, and management in algae-based biofuel manufacturing using either alkali or enzyme-driven approaches?",,>10,0.0,0.0,0.0,0.0,0.0,393.29
crossdomain,baseline_ocr,421,"Within the computational scenarios outlined for various parameter settings, what range was assigned to the vertical placement of the chimney connection?",,>10,0.0,0.0,0.0,0.0,0.0,1631.3
crossdomain,baseline_ocr,422,Which path is anticipated for the specialized transport carrying decommissioned Navy reactor material between the Ballston Spa Rail Spur and the Kesselring facility?,,>10,0.0,0.0,0.0,0.0,0.0,950.88
crossdomain,baseline_ocr,423,List the principal actions and their associated timestamps during the B5.1 experimental protocol for nuclear system evaluation.,,>10,0.0,0.0,0.0,0.0,0.0,1545.16
crossdomain,baseline_ocr,424,"During the 2008-2012 period of the EU Emissions Trading System, what does the statistically significant value of the parameter reflecting the transfer of fluctuations from the carbon permits market to Brent crude oil suggest according to the asymmetric BEKK approach?",,>10,0.0,0.0,0.0,0.0,0.0,308.23
crossdomain,baseline_ocr,425,"How much backing do people give to ending the use of gasoline and diesel vehicles, based on the research by Adrian Rinscheid and colleagues?",,>10,0.0,0.0,0.0,0.0,0.0,316.61
crossdomain,baseline_ocr,426,"Across the six weeks, how much did stored energy values fluctuate among the twenty participants applying the quartet of control approaches in Australia?",,>10,0.0,0.0,0.0,0.0,0.0,293.16
crossdomain,baseline_ocr,427,In what way does the depiction of a vivid sunset reflect environmental concerns addressed during the 2020 Australian Bushfire summit?,,>10,0.0,0.0,0.0,0.0,0.0,398.42
crossdomain,baseline_ocr,428,How do the estimated values of propagation rate and starting load reduction compare across the three examined system loading conditions in the IEEE 300 bus cascading failure simulations?,,>10,0.0,0.0,0.0,0.0,0.0,670.49
crossdomain,baseline_ocr,429,Which prominent urban centers can be found close to the land-water-land area dividing Sweden and Denmark known for its coastal environment studies?,,>10,0.0,0.0,0.0,0.0,0.0,876.71
crossdomain,baseline_ocr,430,"Which values were set for agitation speed, electrical current, experiment length, and counter material in the additive evaluation process using a Hull-cell for plating lead?",,>10,0.0,0.0,0.0,0.0,0.0,298.53
crossdomain,baseline_ocr,431,What were the variations in year-over-year shifts in auction outcomes across each LDA between the 2020/2021 and 2021/2022 delivery periods within the PJM market?,,>10,0.0,0.0,0.0,0.0,0.0,468.54
crossdomain,baseline_ocr,432,"For the 5500XL, which problems could lead to the unit failing to achieve sufficient heat to engage the circulation fan, as described under trouble code three?",,>10,0.0,0.0,0.0,0.0,0.0,1528.48
crossdomain,baseline_ocr,433,What trends are observed in global primary energy use between 1990 and 2060 when considering major scenario projections developed by various international organizations and companies?,,>10,0.0,0.0,0.0,0.0,0.0,1261.74
crossdomain,baseline_ocr,434,"Within the stage focused on direct field evaluations in the chemical analysis protocol, what are the subsections included?",,>10,0.0,0.0,0.0,0.0,0.0,361.32
crossdomain,baseline_ocr,435,"What process does the FINIX software use to alternate between temperature-related and structural calculations for fuel rods, including the sequence of steps and criteria for repeating thermal or mechanical evaluations?",,>10,0.0,0.0,0.0,0.0,0.0,577.61
crossdomain,baseline_ocr,436,"By how much did the UK natural gas benchmark value denominated in US dollars per MMBtu differ from July 20 to July 21, 2021?",,>10,0.0,0.0,0.0,0.0,0.0,450.05
crossdomain,baseline_ocr,437,What are the differences in calculated life expectancy at 80°C and 100°C for NYCWY 0.6/1 kV 4x10/10 mm2 power cable samples following 11-hour and 15-hour high-temperature treatments at either 125°C or 140°C?,,>10,0.0,0.0,0.0,0.0,0.0,340.26
crossdomain,baseline_ocr,438,In what way does the light reflection behavior differ between flat indium phosphide and nanostructured indium phosphide films with a range of pore extensions when measured across various wavelengths?,,>10,0.0,0.0,0.0,0.0,0.0,316.24
crossdomain,baseline_ocr,439,"How do the roles of residents in running and managing solar energy systems vary across the segmented, shared, and both types of direct sale models in apartment complexes?",5.0,2-5,0.0,0.3333333333333333,0.3333333333333333,0.2,0.2,500.71
crossdomain,baseline_ocr,440,"How did the main US and Asia LNG benchmark contracts for the prompt delivery month shift in value in dollars per MMBtu from July 20 to July 21, 2021?",,>10,0.0,0.0,0.0,0.0,0.0,882.35
crossdomain,baseline_ocr,441,"In simulations of liberalized power sector markets using autonomous decision-making entities, what icons are used to indicate major world monetary units such as the US, European, and British currencies?",,>10,0.0,0.0,0.0,0.0,0.0,1798.9
crossdomain,baseline_ocr,442,"At the Sapphire Wind Farm Community Consultative Committee gathering, who has ongoing responsibility for communicating updates on talks related to lighting for aircraft?",,>10,0.0,0.0,0.0,0.0,0.0,349.88
crossdomain,baseline_ocr,443,"In the Nepal-TRNSCGE framework, how are the different segments of household travel demand organized into individually-owned and externally-provided options, and what are the subsequent breakdowns based on mode of vehicle and types of propulsion systems?",,>10,0.0,0.0,0.0,0.0,0.0,488.63
crossdomain,baseline_ocr,444,"To what extent do emissions differ from the 1990 benchmark across the four modeled pathways for the electricity, natural gas, and transportation categories?",,>10,0.0,0.0,0.0,0.0,0.0,1226.74
crossdomain,baseline_ocr,445,What variation is observed in the computed flapwise and chordwise cyclic bending moments for wind turbine blades when applying Spera's formulas across different standard deviation indices from zero to three?,,>10,0.0,0.0,0.0,0.0,0.0,527.7
crossdomain,baseline_ocr,446,"According to Part L of the Building Regulations 2002, how does the permitted thermal transmittance for wall structures compare between newly constructed properties and those undergoing significant changes?",,>10,0.0,0.0,0.0,0.0,0.0,415.92
crossdomain,baseline_ocr,447,"How does the amount of immediate energy received by a crystalline module, according to the SQ Flex Sizing WinCAPS calculations, vary throughout daylight hours?",,>10,0.0,0.0,0.0,0.0,0.0,1475.63
crossdomain,baseline_ocr,448,"How did the value of Algerian hydrocarbon shipments to Europe evolve from 2017 through 2020 as reported by Eurostat, and what was the scale of the drop following the highest point?",,>10,0.0,0.0,0.0,0.0,0.0,611.91
crossdomain,baseline_ocr,449,"Between April and June 2021, what differences were observed in the spot market trajectories for 37kt shipments from the UK Continent to the US Atlantic Coast and 30kt movements from Singapore to Australia?",,>10,0.0,0.0,0.0,0.0,0.0,313.92
crossdomain,baseline_ocr,450,"Can you provide the specific values of overall heat transfer and correction factors applied to the heat exchangers, namely the heater processing flue gas to CO2, the recuperator exchanging CO2 with itself, and the cooler transferring heat from CO2 to water, as determined in the sCO2 cycle cost assessment by Matteo Marchionni and colleagues in 2017?",,>10,0.0,0.0,0.0,0.0,0.0,293.41
crossdomain,baseline_ocr,451,"For a detached residential building featuring a slab-on-grade foundation located in the 6A climate region, how much did building expenses change when moving from the 2012 to the 2015 International Energy Conservation Code?",,>10,0.0,0.0,0.0,0.0,0.0,296.29
crossdomain,baseline_ocr,452,"Identify the entry among the geospatial datasets that offers height measurements in a collection of spatial points, specifying its file format and the organization responsible for supplying it.",,>10,0.0,0.0,0.0,0.0,0.0,538.42
crossdomain,baseline_ocr,453,"In a floating wind turbine system, which structural section is designed to house more than one type of ballast, and how are these ballast types positioned relative to one another within that section?",,>10,0.0,0.0,0.0,0.0,0.0,523.19
crossdomain,baseline_ocr,454,"In what manner do meteorological inputs and half-hourly operational checks influence the proposal, validation, and execution of electricity sales and delivery within a virtual power plant arrangement?",,>10,0.0,0.0,0.0,0.0,0.0,816.6
crossdomain,baseline_ocr,455,"During the 2016 efforts by California's regulatory authorities following the SoCalGas Aliso Canyon incident, which measure accounted for the greatest decrease in the use of natural gas, based on therm equivalents?",,>10,0.0,0.0,0.0,0.0,0.0,473.56
crossdomain,baseline_ocr,456,"What are the differences in the percentage allocation of operating expenses such as electricity, wages, asset write-off, and miscellaneous costs between the hydroponic cultivation approach using traditional lighting and the intended OZEPf configuration?",,>10,0.0,0.0,0.0,0.0,0.0,721.6
crossdomain,baseline_ocr,457,"When utilizing pineapple residues for glucose utilization in the SSCF procedure, what numerical value is obtained for the parameter γ in the Logistic-based modified Luedeking-Piret kinetic modeling?",,>10,0.0,0.0,0.0,0.0,0.0,323.88
crossdomain,baseline_ocr,458,"In harmonic phase angle studies, what impact does varying the direction of incoming flow have on the spatial distributions observed for Ur at values of 6 and 8?",,>10,0.0,0.0,0.0,0.0,0.0,286.47
crossdomain,baseline_ocr,459,"What arrangement and modes of engagement were evident among those discussing energy priorities and governmental involvement in the Yukon, particularly in relation to collaborative brainstorming tools?",,>10,0.0,0.0,0.0,0.0,0.0,1014.95
crossdomain,baseline_ocr,460,"What hardware elements and their interconnections, such as those that manage electrical storage, regulation, and monitoring, can be found in the Helios 2 solar setup?",,>10,0.0,0.0,0.0,0.0,0.0,341.18
crossdomain,baseline_ocr,461,"During the 2009 ZESCO performance review covering January through September, what was the cumulative weighted result attributed to System Losses?",,>10,0.0,0.0,0.0,0.0,0.0,412.18
crossdomain,baseline_ocr,462,What was the impact on cumulative purified water output per unit area when air movement increased from still conditions to 10 meters per second during the July 6 Chabahar solar distillation test?,,>10,0.0,0.0,0.0,0.0,0.0,749.62
crossdomain,baseline_ocr,463,"For the IEEE 300 bus network, what value does the mean cascading parameter reach when the system operates at 1.1 times its typical demand?",,>10,0.0,0.0,0.0,0.0,0.0,777.65
crossdomain,baseline_ocr,464,"For the best-performing silicon photovoltaic device featuring nanostructures and an area factor of 2.30, independently evaluated by TÜV Corporation using AM 1.5G light, what are the reported metrics for maximum open-circuit voltage, short-circuit current, fill factor, and conversion efficiency?",,>10,0.0,0.0,0.0,0.0,0.0,354.04
crossdomain,baseline_ocr,465,"Which labeled repositories within the organization, specifically identified as S1 to S3, contribute information that undergoes preparation before being included in the CRM system?",,>10,0.0,0.0,0.0,0.0,0.0,745.43
crossdomain,baseline_ocr,466,What was the combined aerodynamic resistance value for all main structural elements of the experimental setup when using the rotor area as the basis for calculation?,,>10,0.0,0.0,0.0,0.0,0.0,426.27
crossdomain,baseline_ocr,467,"How is a phasor-based evaluation of harmonics systematically performed in an ISM-based distribution network, beginning with the starting condition and specifying the procedure for deciding when to halt the iterative assessment?",,>10,0.0,0.0,0.0,0.0,0.0,640.66
crossdomain,baseline_ocr,468,"How do the values of generated electricity per unit of water for fish farming operations compare among the main Spanish river basins such as Duero, Ebro, Jucar, and Tajo?",,>10,0.0,0.0,0.0,0.0,0.0,297.39
crossdomain,baseline_ocr,469,Over what decade following the adoption of robust state measures targeting non-renewable energy usage is the most significant decrease in fossil energy use achieved?,,>10,0.0,0.0,0.0,0.0,0.0,1638.8
crossdomain,baseline_ocr,470,Which parts of New York City are powered by electrical energy originating from both fossil-based gaseous and liquid fuels?,,>10,0.0,0.0,0.0,0.0,0.0,689.76
crossdomain,baseline_ocr,471,"Between 2016 and 2020, what shift occurred in the share of API-based offerings for the electricity market platform operated by Nord Pool?",,>10,0.0,0.0,0.0,0.0,0.0,674.63
crossdomain,baseline_ocr,472,What trends and major year-to-year variations were observed in the proportion of NEM Forward Market activity relative to physical volume between the financial years 1999/00 and 2018/19?,,>10,0.0,0.0,0.0,0.0,0.0,543.79
crossdomain,baseline_ocr,473,"How does the use of fuel supplied to local power plants like Astoria, Arthur Kill, and Ravenswood contrast with electricity brought in from outside regions when serving New York City’s energy demands?",,>10,0.0,0.0,0.0,0.0,0.0,917.48
crossdomain,baseline_ocr,474,"For individuals renting in apartment complexes, which of the four listed solar energy arrangements minimizes paperwork and organizational tasks for residents?",5.0,2-5,0.0,0.3333333333333333,0.3333333333333333,0.2,0.2,689.35
crossdomain,baseline_ocr,475,"In the scenario of an inter-turn winding issue within a large-capacity oil-immersed distribution transformer, what trend is observed in the phase A leakage inductance as the proportion of damaged winding turns increases?",,>10,0.0,0.0,0.0,0.0,0.0,291.39
crossdomain,baseline_ocr,476,"Over the years 2006 to 2031, what was the impact of mechanisms aimed at emissions reduction on the balance of power output between advanced and conventional natural gas combined cycle technologies?",,>10,0.0,0.0,0.0,0.0,0.0,1189.05
crossdomain,baseline_ocr,477,Which designated initiative focuses on long-term scenario exploration and challenging assumptions about energy futures in Europe for the year 2050?,,>10,0.0,0.0,0.0,0.0,0.0,306.12
crossdomain,baseline_ocr,478,"How do the upfront investment requirements per kilowatt for wind and solar power installations evolve from the start of the period in 2020 to the end in 2050, based on figures provided in the 2021 Energy Systems Research conference?",,>10,0.0,0.0,0.0,0.0,0.0,1458.7
crossdomain,baseline_ocr,479,"Which measures related to aircraft warning lights were listed as follow-up tasks at the April 30, 2019 gathering of the consultative group for the Sapphire Wind Farm in Inverell?",,>10,0.0,0.0,0.0,0.0,0.0,422.41
crossdomain,baseline_ocr,480,What was the effect on the precision of peripheral assembly power estimates when comparing two different TCP0 scattering treatments during benchmark simulations of a one-dimensional reactor model proposed by a South Korean institution?,,>10,0.0,0.0,0.0,0.0,0.0,319.71
crossdomain,baseline_ocr,481,"In the context of vessel loading or unloading, what are the specified practices for maintaining crew communications throughout the transfer, such as the use of specific radio equipment and channels?",,>10,0.0,0.0,0.0,0.0,0.0,764.03
crossdomain,baseline_ocr,482,What secondary heading appears under the main title for the summary report concerning the 8.8-megawatt wind energy development at Parzeczew in Poland?,,>10,0.0,0.0,0.0,0.0,0.0,525.4
crossdomain,baseline_ocr,483,"How did TDO's ownership percentages in the VIC/P57 and VIC/L31 sites within the Gippsland Basin, Victoria alter from the end of June 2014 to the end of December 2014?",,>10,0.0,0.0,0.0,0.0,0.0,769.11
crossdomain,baseline_ocr,484,"For the Enhanced Affiliate Actual Cost Transparency initiative involving PSEG Long Island and LIPA, which people handled modifications to each project draft, and when and why were these updates carried out?",,>10,0.0,0.0,0.0,0.0,0.0,836.21
crossdomain,baseline_ocr,485,"Which values correspond to the building heating load factors for each of the eight time intervals described in the 2013 optimization analysis featured in Volume 1, Issue 4 of the Journal of Sustainable Development of Energy, Water and Environment Systems?",,>10,0.0,0.0,0.0,0.0,0.0,487.93
crossdomain,baseline_ocr,486,What was the difference in the operating activity cash outflows for EQTEC plc comparing the end of 2015 to the same date in 2016?,,>10,0.0,0.0,0.0,0.0,0.0,816.53
crossdomain,baseline_ocr,487,Which web address corresponds to the organisation providing assistance to at-risk residents in Clackmannanshire through the energy-focused LEAP initiative?,,>10,0.0,0.0,0.0,0.0,0.0,440.23
crossdomain,baseline_ocr,488,"How did the front-month settlement for Henry Hub, measured in US dollars per MMBtu, change from July 20 to July 21, 2021?",,>10,0.0,0.0,0.0,0.0,0.0,481.13
crossdomain,baseline_ocr,489,"What shifts occurred in atomic power usage patterns among major world areas, particularly growth in Asia Pacific and changes in North America, over the period 1990 to 2015?",,>10,0.0,0.0,0.0,0.0,0.0,1894.05
crossdomain,baseline_ocr,490,Which short-form denotes the method of transforming gaseous substances into liquid products using the X-to-Liquids approach in the energy sector?,,>10,0.0,0.0,0.0,0.0,0.0,1410.15
crossdomain,baseline_ocr,491,"Within the boundaries of Vic/P57, how are the various leads distributed between those associated with the higher and lower stratigraphic sections of the Latrobe Group?",,>10,0.0,0.0,0.0,0.0,0.0,1261.84
crossdomain,baseline_ocr,492,"Over the colder months spanning from late autumn to early spring, which device out of the heater, computer, dishwasher, and toaster reaches the most pronounced spikes in power usage, and how does its maximum consumption differ from the others during these months?",,>10,0.0,0.0,0.0,0.0,0.0,1544.4
crossdomain,baseline_ocr,493,"How do the measured quantities of conventional fuel used per kilowatt-hour of electricity differ among the Exergetic, ORGRES, SFU, and Physical calculation approaches when both electric and thermal outputs are generated together?",,>10,0.0,0.0,0.0,0.0,0.0,349.07
crossdomain,baseline_ocr,494,"Between the two sodium-based electrolyte formulations, which one demonstrates the highest heat-releasing event upon heating, and near what temperature does this event take place?",,>10,0.0,0.0,0.0,0.0,0.0,284.0
crossdomain,baseline_ocr,495,"In community-focused initiatives aimed at expanding sustainable power solutions, how is small-batch biofuel fabrication carried out to support local economic activity when implemented by groups skilled in advancing access for underserved populations?",,>10,0.0,0.0,0.0,0.0,0.0,777.91
crossdomain,baseline_ocr,496,How does the total capacity for onshore wind installations evolve between 2020 and 2050 in the study conducted by Michael Child and colleagues published in Energy Procedia 135 (2017)?,,>10,0.0,0.0,0.0,0.0,0.0,1457.97
crossdomain,baseline_ocr,497,"Which quantitative feed composition values and molar ratios were set for methane, carbon dioxide, water, and O/R during experiments with the fixed-bed system for chemical looping?",,>10,0.0,0.0,0.0,0.0,0.0,839.55
crossdomain,baseline_ocr,498,"Which high, medium, and lower voltage dataset categories are managed by the intelligent remote control unit within the advanced substation framework?",,>10,0.0,0.0,0.0,0.0,0.0,437.32
crossdomain,baseline_ocr,499,"Which aspects related to ecological value, such as habitat surroundings, legally designated areas, avian and bat species, and other organisms of concern, are highlighted in the summary of the wind energy development?",,>10,0.0,0.0,0.0,0.0,0.0,798.83
crossdomain,baseline_ocr,500,"In the context of WAM Active's financials, how does the NTA before tax differ between June 2021 and the previous month, May 2021?",,>10,0.0,0.0,0.0,0.0,0.0,574.55
crossdomain,baseline_ocr,501,"In the World Political Economy blog, which economic concern is tied to the concept of 'Regulatory Expansion' as it pertains to global political and economic discussions?",,>10,0.0,0.0,0.0,0.0,0.0,375.31
crossdomain,baseline_ocr,502,What impact do alterations in mating patterns and distribution shifts have on the Gini index and Lorenz curves for income disparity in the years 1960 and 2005?,,>10,0.0,0.0,0.0,0.0,0.0,317.51
crossdomain,baseline_ocr,503,What was the variation in the net book value for right-of-use assets reported in property and equipment categories from early April to the end of September 2019 with the application of HKFRS 16?,,>10,0.0,0.0,0.0,0.0,0.0,759.43
crossdomain,baseline_ocr,504,Was funding allocated for the call center services outsourcing in the 2020 budget plan?,,>10,0.0,0.0,0.0,0.0,0.0,498.57
crossdomain,baseline_ocr,505,"How has the RIT Capital discount or premium rate changed in the years before May 2021, as noted by BSE Limited?",,>10,0.0,0.0,0.0,0.0,0.0,803.14
crossdomain,baseline_ocr,506,What approaches were emphasized at the APEC 2017 gathering to improve food security and support sustainable farming amidst climate challenges?,,>10,0.0,0.0,0.0,0.0,0.0,321.96
crossdomain,baseline_ocr,507,What is the relationship between the £3.90 million forecast variance and the allocation of £2 million from the Covid reserve in the 2021/22 budget?,,>10,0.0,0.0,0.0,0.0,0.0,461.65
crossdomain,baseline_ocr,508,"Within the financial groups mentioned, which one is associated with managing European funds and assets?",,>10,0.0,0.0,0.0,0.0,0.0,3473.28
crossdomain,baseline_ocr,509,What were the notable fluctuations and highest points in the quota percentage of fund arrangements from 2000 to 2007 according to the GRA Credit Outstanding data?,,>10,0.0,0.0,0.0,0.0,0.0,1632.53
crossdomain,baseline_ocr,510,What are the variations in GDP impact for the PRC due to Covid-19 under several potential cases as discussed in the 2020 publication of the International Journal of Advanced Science and Technology?,,>10,0.0,0.0,0.0,0.0,0.0,1286.41
crossdomain,baseline_ocr,511,"According to the EXPRESSCREDIT SIA financial statements, how did the value of 1 EUR change between the end of 2017 and the end of 2018?",,>10,0.0,0.0,0.0,0.0,0.0,320.66
crossdomain,baseline_ocr,512,How are the dependent and independent variables connected within the neural network's experimental framework?,,>10,0.0,0.0,0.0,0.0,0.0,935.79
crossdomain,baseline_ocr,513,How does the financial data detail the yearly access assumptions for specific arrangements such as SBA/PRGF/SAF and SRF?,,>10,0.0,0.0,0.0,0.0,0.0,1175.79
crossdomain,baseline_ocr,514,"Which factors are considered important for investment decisions concerning BA’s role, the quality of the product or service, and market appeal, according to the hierarchical structure?",,>10,0.0,0.0,0.0,0.0,0.0,2385.91
crossdomain,baseline_ocr,515,Which forms and certificates are required for overseas investors to benefit from the treaty-adjusted tax rate?,,>10,0.0,0.0,0.0,0.0,0.0,796.65
crossdomain,baseline_ocr,516,"What variation occurred in the Bureau de Change (BDC) segment's average exchange rate in Nigeria between the first quarter of 2012 and the last quarter of 2013, as detailed in the FY-2013 Economic Report and 2014 Outlook?",,>10,0.0,0.0,0.0,0.0,0.0,286.12
crossdomain,baseline_ocr,517,"How much funding has been designated for the utility expenditures and bulk buying in the town's financial ledger, specifically under the code 1089200?",,>10,0.0,0.0,0.0,0.0,0.0,329.11
crossdomain,baseline_ocr,518,"Which investment considerations, such as involvement from business angels and the appeal of products and markets, are emphasized for making decisions?",,>10,0.0,0.0,0.0,0.0,0.0,697.84
crossdomain,baseline_ocr,519,How has the insider trading ratio of sales to purchases changed in the latest data provided by Washington Service and Bloomberg?,,>10,0.0,0.0,0.0,0.0,0.0,289.86
crossdomain,baseline_ocr,520,What is the relationship between NLP-based policy indicators and the actual policy balance throughout the years in the context of Federal Reserve reviews?,,>10,0.0,0.0,0.0,0.0,0.0,376.86
crossdomain,baseline_ocr,521,"By the end of April 2021, how did the components of the BDC loan under the Highly Affected Sectors Credit Availability Program adjust?",,>10,0.0,0.0,0.0,0.0,0.0,608.17
crossdomain,baseline_ocr,522,"How many contracts must be controlled in Corporate Tax Futures to meet the accountability level of more than 50,000 contracts?",,>10,0.0,0.0,0.0,0.0,0.0,1836.07
crossdomain,baseline_ocr,523,How has the South African Rand's value changed relative to the US Dollar over the last five decades in terms of its purchasing power alignment?,,>10,0.0,0.0,0.0,0.0,0.0,2467.66
crossdomain,baseline_ocr,524,How does VOL_DER relate to SP500 based on the quantitative findings for the US financial market?,,>10,0.0,0.0,0.0,0.0,0.0,647.93
crossdomain,baseline_ocr,525,"According to the 2003 Executive Opinion Survey, how were countries ranked by the quality of their education systems?",,>10,0.0,0.0,0.0,0.0,0.0,366.47
crossdomain,baseline_ocr,526,What is the comparison between the current trade receivables and those overdue by more than a year as of mid-2010 for Filinvest Development Corporation?,,>10,0.0,0.0,0.0,0.0,0.0,598.15
crossdomain,baseline_ocr,527,How did currency fluctuations affect the valuation of mine plant and equipment in ZCI Limited's financials for the fiscal year ending 2014?,,>10,0.0,0.0,0.0,0.0,0.0,310.49
crossdomain,baseline_ocr,528,"Can you detail the breakdown of the company's 2016 income tax, covering Hong Kong and international taxes as well as deferred tax?",,>10,0.0,0.0,0.0,0.0,0.0,760.21
crossdomain,baseline_ocr,529,What is the difference between the MSCI World Index's cumulative price and total returns over the period from 1988 to mid-2021?,,>10,0.0,0.0,0.0,0.0,0.0,302.76
crossdomain,baseline_ocr,530,"According to the Nahmani Grunder forecast as of April 2021, what were the anticipated percentage shifts for the S&P 500, Europe Stoxx 600, and MSCI EM indices in the year 2020?",,>10,0.0,0.0,0.0,0.0,0.0,666.36
crossdomain,baseline_ocr,531,"What explains the connection between owning a tax haven subsidiary and reduced effective tax rates, according to the statistical analyses involving GETR and Naively-Averaged ExTR?",,>10,0.0,0.0,0.0,0.0,0.0,854.98
crossdomain,baseline_ocr,532,What was the comparison between the COVID-19 basket inflation's annual rate change and the official inflation rate from early 2020 to March 2021?,,>10,0.0,0.0,0.0,0.0,0.0,628.45
crossdomain,baseline_ocr,533,"In comparing the various parameters like ω2 and β2, what are their respective η2 measurements?",,>10,0.0,0.0,0.0,0.0,0.0,415.88
crossdomain,baseline_ocr,534,"Based on Lea's 2010 analysis, which nations prioritize variable rate mortgages over other mortgage types?",,>10,0.0,0.0,0.0,0.0,0.0,784.32
crossdomain,baseline_ocr,535,"Based on the statistics from 1994 to 2011, how many children do women in Denmark and Sweden have on average a decade after their first childbirth?",,>10,0.0,0.0,0.0,0.0,0.0,996.24
crossdomain,baseline_ocr,536,"For the fiscal year 2018, what was the quantity of entitlements given to Mr. Brayan within the framework of the Special plan?",,>10,0.0,0.0,0.0,0.0,0.0,744.61
crossdomain,baseline_ocr,537,How did output per worker change between 2010 and 2018 in certain emerging markets like Indonesia and Mexico?,,>10,0.0,0.0,0.0,0.0,0.0,278.37
crossdomain,baseline_ocr,538,"At South University, how do the financial reduction goals of the Provost and the President contrast?",,>10,0.0,0.0,0.0,0.0,0.0,270.38
crossdomain,baseline_ocr,539,"In the timeframe from April 2016 to March 2019, what is the difference in volatility of ETH's CG – CC spreads when comparing Q3-18 to Q1-19?",,>10,0.0,0.0,0.0,0.0,0.0,605.8
crossdomain,baseline_ocr,540,"How are the allowances for outdated and sluggish items allocated for raw materials and trading inventories as of mid-2018, covering both the start and during the period?",,>10,0.0,0.0,0.0,0.0,0.0,321.09
crossdomain,baseline_ocr,541,How can premature redemption of a financial instrument lead to losses for a client?,,>10,0.0,0.0,0.0,0.0,0.0,1325.11
crossdomain,baseline_ocr,542,What were the differences between temporary-layoff and jobless unemployment rates regarding their trend from early 2020 to mid-2021?,,>10,0.0,0.0,0.0,0.0,0.0,1078.11
crossdomain,baseline_ocr,543,How much equity is allocated to the Company's shareholders in 2012 under HKFRS?,,>10,0.0,0.0,0.0,0.0,0.0,1541.05
crossdomain,baseline_ocr,544,"Within the Webcon BPS workflow for registering sales opportunities, what happens if the negotiation phase ends without a positive outcome?",6.0,6-10,0.0,0.0,1.0,0.16666666666666666,0.16666666666666666,1413.19
crossdomain,baseline_ocr,545,Can you identify the GWAC percentages for home loans from the years 2009 and 2010 based on the given information?,,>10,0.0,0.0,0.0,0.0,0.0,566.14
crossdomain,baseline_ocr,546,"Identify the unique statistical measures ω2, γ2, θ2, β2, η2, ξ2, p22, and UV2 along with their intervals used in the evaluation of complex models.",,>10,0.0,0.0,0.0,0.0,0.0,970.72
crossdomain,baseline_ocr,547,What changes occurred in the 30-Year Fixed Mortgage rate between the second quarter of 2015 and the third quarter of 2018 in the scenario outlined by PNC during their 2016 Mid-Cycle Stress Test?,,>10,0.0,0.0,0.0,0.0,0.0,677.92
crossdomain,baseline_ocr,548,In which time frame were initial child births recorded in Austria based on the labor statistics?,,>10,0.0,0.0,0.0,0.0,0.0,348.75
crossdomain,baseline_ocr,549,"In the potential new EMU group, which nations exhibit the highest average disparity in interest rates?",,>10,0.0,0.0,0.0,0.0,0.0,320.78
crossdomain,baseline_ocr,550,"How did the number of COVID-19 cases progress in France during the first half of 2021, culminating in a total exceeding 6 million?",,>10,0.0,0.0,0.0,0.0,0.0,968.87
crossdomain,baseline_ocr,551,"In what way do the 1997-2019 trends in policy signals and balance, based on NLP methods, exhibit changes as per the AXA IM Research findings?",,>10,0.0,0.0,0.0,0.0,0.0,2277.81
crossdomain,baseline_ocr,552,What was the shift in the CG – CC price difference for Bitcoin from Q3 2017 to Q1 2018?,,>10,0.0,0.0,0.0,0.0,0.0,354.73
crossdomain,baseline_ocr,553,How did the financial results of Filinvest Development Corporation's aggregated activities in 2010 differ from those in 2009?,,>10,0.0,0.0,0.0,0.0,0.0,571.0
crossdomain,baseline_ocr,554,"In the May 2021 financial model by the KIUC Board, what are the proportions of equity and liabilities?",,>10,0.0,0.0,0.0,0.0,0.0,488.77
crossdomain,baseline_ocr,555,"By the conclusion of June 2021, which portfolio showed the greatest unfavorable deviation in the 2021/22 fiscal year?",,>10,0.0,0.0,0.0,0.0,0.0,1242.27
crossdomain,baseline_ocr,556,How did U.S. energy-related petroleum import values change from the start of 2012 to early 2015 based on Commerce Department data?,,>10,0.0,0.0,0.0,0.0,0.0,992.78
crossdomain,baseline_ocr,557,How did the Real GDP index of Peru evolve between 1970 and 2010 based on data from the Banco Central de Reserva del Perú?,,>10,0.0,0.0,0.0,0.0,0.0,996.28
crossdomain,baseline_ocr,558,How much is allocated under miscellaneous costs for the police department in the town's fiscal records?,,>10,0.0,0.0,0.0,0.0,0.0,343.45
crossdomain,baseline_ocr,559,How long was the average duration of commercial paper held by TexPool Prime during the year 2020?,,>10,0.0,0.0,0.0,0.0,0.0,780.0
crossdomain,baseline_ocr,560,"Which economic topics are emphasized in the 'World Political Economy' blog concerning global politics, with an emphasis on increasing regulations?",,>10,0.0,0.0,0.0,0.0,0.0,286.12
crossdomain,baseline_ocr,561,"What were the variations in adjusted net savings as a percentage of GNI across different 2005 regions, focusing on low versus middle income groups?",,>10,0.0,0.0,0.0,0.0,0.0,807.19
crossdomain,baseline_ocr,562,"How much was credited for the 2020 ordinance concerning CR 519 Sidewalks in the fiscal overview from July 27, 2020?",,>10,0.0,0.0,0.0,0.0,0.0,471.16
crossdomain,baseline_ocr,563,"From 2000 to 2014, which nation within the ASEAN bloc saw the greatest increase in foreign direct investment, based on the ASEAN Economic Community analysis?",,>10,0.0,0.0,0.0,0.0,0.0,308.78
crossdomain,baseline_ocr,564,Where are the new crossing points located in the Falcon Zone that trends northwest-southeast at Hemi?,,>10,0.0,0.0,0.0,0.0,0.0,1765.68
crossdomain,baseline_ocr,565,"What was the pattern in the Non-Profitable Tech Stock Index over the years 2014 to 2020, with emphasis on the change from 2019 to 2020?",,>10,0.0,0.0,0.0,0.0,0.0,319.47
crossdomain,baseline_ocr,566,"During the fiscal year 2021-22, which act saw the least number of audits of financial statements performed?",,>10,0.0,0.0,0.0,0.0,0.0,757.46
crossdomain,baseline_ocr,567,What is the method for determining the ending settlement value of Corporate Tax Futures using the top marginal US Corporate Tax Rate at settlement time?,,>10,0.0,0.0,0.0,0.0,0.0,561.03
crossdomain,baseline_ocr,568,What were the economic impacts of minimizing physical contact on worldwide industries such as aviation and travel amid COVID-19?,,>10,0.0,0.0,0.0,0.0,0.0,3665.89
crossdomain,baseline_ocr,569,"According to the analysis by Research Affiliates, which asset class shows the highest percentage variance in exposure levels?",,>10,0.0,0.0,0.0,0.0,0.0,347.04
crossdomain,baseline_ocr,570,What were the trends in the shares of API versus Non-API services in Nord Pool from 2016 to 2020 based on the 2020 Annual Review?,,>10,0.0,0.0,0.0,0.0,0.0,381.98
crossdomain,baseline_ocr,571,"As of June 30, 2018, what amounts are recorded for trade deposits and for prepayments linked to customs and letters of credit?",,>10,0.0,0.0,0.0,0.0,0.0,543.76
crossdomain,baseline_ocr,572,"How does the duration of approved arrangements fluctuate from 2000 to 2007, highlighting changes in both precautionary and non-precautionary categories?",,>10,0.0,0.0,0.0,0.0,0.0,887.67
crossdomain,baseline_ocr,573,"In PNC's adverse scenario covering Q3 2017 through Q3 2019, what is the estimated loss percentage for Commercial Real Estate?",,>10,0.0,0.0,0.0,0.0,0.0,426.67
crossdomain,baseline_ocr,574,What are the relative performance percentages of various investment categories as analyzed by Research Affiliates?,,>10,0.0,0.0,0.0,0.0,0.0,845.6
crossdomain,baseline_ocr,575,What are the variations between the median and mean outcomes following a technological disturbance as depicted in the fifth figure?,,>10,0.0,0.0,0.0,0.0,0.0,377.5
crossdomain,baseline_ocr,576,"During the years 2000 to 2007, how did the typical duration of fund arrangements change, and in which year was this duration the greatest?",,>10,0.0,0.0,0.0,0.0,0.0,757.16
crossdomain,baseline_ocr,577,"What phrase is associated with the auditing company Keefe McCullough for HANDY, Inc.?",,>10,0.0,0.0,0.0,0.0,0.0,1083.95
crossdomain,baseline_ocr,578,What is the difference in non-current asset values between 2013 and 2012 in the provided financial figures in HKD?,,>10,0.0,0.0,0.0,0.0,0.0,360.68
crossdomain,baseline_ocr,579,"In the analysis of the US market, what is the calculated covariance for VOL_DER and CPI_US?",,>10,0.0,0.0,0.0,0.0,0.0,1199.1
crossdomain,baseline_ocr,580,How do different trade scenario models affect the economic output of Northern Asia?,,>10,0.0,0.0,0.0,0.0,0.0,245.58
crossdomain,baseline_ocr,581,"What were the significant patterns in the fluctuations of oil prices from 2008 to 2012, based on the Department of Commerce figures?",,>10,0.0,0.0,0.0,0.0,0.0,1938.91
crossdomain,baseline_ocr,582,What was the variation in the after-tax NTA from May to June 2021 based on the available data?,,>10,0.0,0.0,0.0,0.0,0.0,1079.22
crossdomain,baseline_ocr,583,"For the year 2016, what are the reported amounts for taxes related to Hong Kong Profits and those outside Hong Kong, including deferred taxes?",,>10,0.0,0.0,0.0,0.0,0.0,263.52
crossdomain,baseline_ocr,584,What are the reasons that employing credit leverage can elevate a client's financial commitments?,,>10,0.0,0.0,0.0,0.0,0.0,278.66
crossdomain,baseline_ocr,585,What were the reasons that led economic analysts to expect different global GDP reductions between -0.089% and -0.404% during the Covid-19 outbreak?,,>10,0.0,0.0,0.0,0.0,0.0,908.26
crossdomain,baseline_ocr,586,"In the January 2020 assembly at South University, what were the main conclusions regarding the strategy to lower costs and the $2.4M objective?",,>10,0.0,0.0,0.0,0.0,0.0,752.75
crossdomain,baseline_ocr,587,How much are Finders Resources Limited's current liabilities listed for mid-2012?,,>10,0.0,0.0,0.0,0.0,0.0,289.11
crossdomain,baseline_ocr,588,What are the main financial insights from inventory and bank balances for the six months ending June 2018?,,>10,0.0,0.0,0.0,0.0,0.0,284.06
crossdomain,baseline_ocr,589,What is the GDP effect on various regions when considering the Asia-wide Free Trade Area according to the 2004 APEC Economic Outlook?,,>10,0.0,0.0,0.0,0.0,0.0,859.54
crossdomain,baseline_ocr,590,Can you provide the main points of the changes to the BPO call center service contracts that were covered during the June 2020 committee and board meetings?,,>10,0.0,0.0,0.0,0.0,0.0,380.93
crossdomain,baseline_ocr,591,"How much was earned from external customer sales in Hong Kong, SAR, during the years 2001 and 2002 according to the segment revenue?",,>10,0.0,0.0,0.0,0.0,0.0,832.03
crossdomain,baseline_ocr,592,"How did the U.S. Home Price Index, tracked by S&P/Case-Shiller, change from mid-2015 to late 2018 under the PNC stress test conditions?",,>10,0.0,0.0,0.0,0.0,0.0,1454.59
crossdomain,baseline_ocr,593,"How do active management strategies, including asset allocation and security selection, affect the performance and risk of pension plans relative to their policy benchmarks?",,>10,0.0,0.0,0.0,0.0,0.0,1845.25
crossdomain,baseline_ocr,594,How do the estimates for Pareto's Alpha change from 95 to 70 across various implicate scenarios?,,>10,0.0,0.0,0.0,0.0,0.0,1015.11
crossdomain,baseline_ocr,595,In what way do the impacts of having a tax haven subsidiary on effective tax rates vary when comparing naively-averaged and revenue-weighted ExTR measures?,,>10,0.0,0.0,0.0,0.0,0.0,1477.45
crossdomain,baseline_ocr,596,"In the primary scenario of the HFCS research, what is the threshold set for the original dataset regarding household net wealth?",,>10,0.0,0.0,0.0,0.0,0.0,522.03
crossdomain,baseline_ocr,597,"According to the 2003 Executive Opinion Survey, how did different nations rank in terms of limiting foreign ownership?",,>10,0.0,0.0,0.0,0.0,0.0,583.33
crossdomain,baseline_ocr,598,"In 2005, how did the adjusted net saving percentages of GNI compare among the low, middle, and high-income classifications?",,>10,0.0,0.0,0.0,0.0,0.0,1489.15
crossdomain,baseline_ocr,599,What trend is observed in unemployment rates over the years from 1995 to 2020 based on Figure 12?,,>10,0.0,0.0,0.0,0.0,0.0,260.88
crossdomain,baseline_ocr,600,What is the scientific meaning of the abbreviation 'L-NAME' as it relates to Nω-L-nitro arginine methyl ester?,,>10,0.0,0.0,0.0,0.0,0.0,1195.54
crossdomain,baseline_ocr,601,"In the glucocorticoid research, which reason was predominantly cited for patient exclusion involving 679 cases?",,>10,0.0,0.0,0.0,0.0,0.0,444.18
crossdomain,baseline_ocr,602,How long should one wait to vaccinate after completing IVIG treatment for conditions other than COVID-19 to prevent possible side effects?,,>10,0.0,0.0,0.0,0.0,0.0,474.42
crossdomain,baseline_ocr,603,"In a cardiac rehab interval workout, what are the different stages and how long does each last?",,>10,0.0,0.0,0.0,0.0,0.0,272.5
crossdomain,baseline_ocr,604,"According to Meng et al. (2020), how does ACEI or ARB treatment impact those with hypertension and COVID-19?",,>10,0.0,0.0,0.0,0.0,0.0,445.78
crossdomain,baseline_ocr,605,"For individuals experiencing amnesia with a history of encephalitis examined in the 1990s, what was identified as the cause?",,>10,0.0,0.0,0.0,0.0,0.0,1124.58
crossdomain,baseline_ocr,606,In what way did the damage to the superficial femoral artery impact the surgical strategy for a high-level leg amputation?,,>10,0.0,0.0,0.0,0.0,0.0,1550.6
crossdomain,baseline_ocr,607,"Identify the reasons and initial years for memory loss in individuals A.B., L.J., E.P., and G.T. with varying spans.",,>10,0.0,0.0,0.0,0.0,0.0,335.53
crossdomain,baseline_ocr,608,Could you provide the ISSN and edition details for the February 2014 issue of the Journal of Environmental Protection?,,>10,0.0,0.0,0.0,0.0,0.0,698.23
crossdomain,baseline_ocr,609,How is unstructured database information transformed into a final dataset for studying breast cancer using Python?,,>10,0.0,0.0,0.0,0.0,0.0,522.55
crossdomain,baseline_ocr,610,"In the analysis of obesity risk elements related to home and school, what are the z-scores for the group categorized as the third class for aspects such as 'TV in Room' and 'Can buy Salty Snacks at School'?",,>10,0.0,0.0,0.0,0.0,0.0,586.34
crossdomain,baseline_ocr,611,How does A172R-exo treatment affect the spheroid size in U87 and A172 cell cultures?,,>10,0.0,0.0,0.0,0.0,0.0,1404.92
crossdomain,baseline_ocr,612,How much of the demographic distribution covers nations reached by the top recognized scientists with IntechOpen?,,>10,0.0,0.0,0.0,0.0,0.0,378.1
crossdomain,baseline_ocr,613,"In the examination of A561V HERG transport, how does CRT mRNA expression in CRT-overexpressed cells compare to that in the vector control?",,>10,0.0,0.0,0.0,0.0,0.0,602.74
crossdomain,baseline_ocr,614,"How did the tube filtration assessments turn out across the distinct diagnostic locations including G1, G2, M1, M2, P1, and P2?",,>10,0.0,0.0,0.0,0.0,0.0,1182.31
crossdomain,baseline_ocr,615,"What differences were observed in severe disease occurrence and blood markers between those on ACEI or ARB treatment and patients using alternative blood pressure medications during COVID-19, according to Meng et al. (2020)?",,>10,0.0,0.0,0.0,0.0,0.0,891.62
crossdomain,baseline_ocr,616,"What is the impact on Cyc D* levels as ks_egr3 changes, according to the 2017 study in BMC Systems Biology?",,>10,0.0,0.0,0.0,0.0,0.0,329.98
crossdomain,baseline_ocr,617,What impact does the expression of Egr3 have on the concentrations of Cyc D* and Cyc E* with rising ks_egr3 values?,,>10,0.0,0.0,0.0,0.0,0.0,592.61
crossdomain,baseline_ocr,618,"In what ways does the growth of Bifidobacterium fluctuate across varied FS treatments, including FS-Pla and FS-Syn, over a timeline?",8.0,6-10,0.0,0.0,1.0,0.125,0.125,337.34
crossdomain,baseline_ocr,619,Which symptoms are recorded for patients on the medical history page of Klinik Citra Bunda?,,>10,0.0,0.0,0.0,0.0,0.0,684.56
crossdomain,baseline_ocr,620,How does the expression of miR-25-3p differ between A172R-exo and A172-exo within TMZ-resistant GBM cells?,,>10,0.0,0.0,0.0,0.0,0.0,2616.25
crossdomain,baseline_ocr,621,"Among the psychiatric patient demographics at Ibn Baja Taza Hospital, which age bracket shows the greatest male majority?",,>10,0.0,0.0,0.0,0.0,0.0,308.7
crossdomain,baseline_ocr,622,How many nuclei are typically found in AX2 and AT-Kneg cells as they grow?,,>10,0.0,0.0,0.0,0.0,0.0,287.3
crossdomain,baseline_ocr,623,"In the research on preventing cholesteatoma in rats with intratympanic Mesna, what differences are observed in tympanic bulla mucosal thickness between the experimental and control groups?",7.0,6-10,0.0,0.0,0.5,0.14285714285714285,0.14285714285714285,780.31
crossdomain,baseline_ocr,624,Can you provide the ITS4 and ITS5 primer sequences applied in the genetic study of A. flavus?,,>10,0.0,0.0,0.0,0.0,0.0,284.11
crossdomain,baseline_ocr,625,"How do the RMSEA values differ among the models assessing WM storage, and what does this indicate about their fit?",,>10,0.0,0.0,0.0,0.0,0.0,595.39
crossdomain,baseline_ocr,626,How does Egr3 influence the proportion of cells remaining in the G0 phase as described in the BMC Systems Biology 2017 study?,,>10,0.0,0.0,0.0,0.0,0.0,469.51
crossdomain,baseline_ocr,627,How does CARBENOXOLONE interact with NAAA and HSD11B1 based on CRISPR screening results?,,>10,0.0,0.0,0.0,0.0,0.0,353.26
crossdomain,baseline_ocr,628,"For the GS1 DataMatrix, how is the serial number characterized in terms of type and allowable length, specifically using Application Identifier 21?",,>10,0.0,0.0,0.0,0.0,0.0,1220.21
crossdomain,baseline_ocr,629,How does introducing Egr3 influence the growth rate of cells relative to a non-transduced control?,,>10,0.0,0.0,0.0,0.0,0.0,306.17
crossdomain,baseline_ocr,630,Which individual is listed as the chief editor in the document detailing the historical perspective on vitamin D?,,>10,0.0,0.0,0.0,0.0,0.0,1732.58
crossdomain,baseline_ocr,631,What is the difference in average monitoring duration for chronic hepatitis C patients who developed cirrhosis compared to those who did not after successful treatment?,,>10,0.0,0.0,0.0,0.0,0.0,646.94
crossdomain,baseline_ocr,632,What effect do optimal spacing choices within text have on its ease of reading?,,>10,0.0,0.0,0.0,0.0,0.0,387.81
crossdomain,baseline_ocr,633,"In the PEACE analysis using Kaplan-Meier estimates, what interval is noted for the coverage probability?",,>10,0.0,0.0,0.0,0.0,0.0,713.32
crossdomain,baseline_ocr,634,What are the initial QUICKI measurements for diabetic and nondiabetic participants in the LCD intervention?,,>10,0.0,0.0,0.0,0.0,0.0,846.2
crossdomain,baseline_ocr,635,"In the process of viral DNA packaging, how is the variation in free energy linked to the different stages along the reaction path?",,>10,0.0,0.0,0.0,0.0,0.0,510.74
crossdomain,baseline_ocr,636,"What was the focus of the study conducted by Dr. Nadia Shafique and Prof. Nasim Chaudhry, which received approval on the 23rd of July, 2020, with the NBC code NBC-517?",,>10,0.0,0.0,0.0,0.0,0.0,463.48
crossdomain,baseline_ocr,637,"What are the differences in the years of retrograde memory loss for A.B., L.J., E.P., and G.T.?",,>10,0.0,0.0,0.0,0.0,0.0,3395.91
crossdomain,baseline_ocr,638,"In the LCD intervention trial, how do the initial plasma total testosterone levels differ between diabetic participants and the control group?",,>10,0.0,0.0,0.0,0.0,0.0,883.49
crossdomain,baseline_ocr,639,"Among the WM storage models, which one exhibits the smallest RMSEA?",,>10,0.0,0.0,0.0,0.0,0.0,1211.52
crossdomain,baseline_ocr,640,How are the incompressibility parameters adjusted in the iLogDemons setup when tracking heart movement?,,>10,0.0,0.0,0.0,0.0,0.0,281.95
crossdomain,baseline_ocr,641,"How do the CAT activity levels compare in HeLa cells when transfected with the plasmids pBLCAT3, E1bTATACAT, and 4EBECAT?",,>10,0.0,0.0,0.0,0.0,0.0,418.02
crossdomain,baseline_ocr,642,Which procedure was used to stabilize the injury from a rapid impact resulting in an open pelvic fracture?,,>10,0.0,0.0,0.0,0.0,0.0,831.84
crossdomain,baseline_ocr,643,How were severe fractures in the left leg addressed following a transfemoral amputation?,,>10,0.0,0.0,0.0,0.0,0.0,482.58
crossdomain,baseline_ocr,644,What effect does administering corticosterone have on the duration of exploration for both younger and older test subjects in the study?,,>10,0.0,0.0,0.0,0.0,0.0,494.99
crossdomain,baseline_ocr,645,"In the case of TTC Osteotomy -001, what are the highest and lowest von-Mises stress values recorded for talus cartilage?",,>10,0.0,0.0,0.0,0.0,0.0,554.41
crossdomain,baseline_ocr,646,What is the difference in the onset age of symptoms between approved and rejected applications in the UDN dataset?,,>10,0.0,0.0,0.0,0.0,0.0,317.51
crossdomain,baseline_ocr,647,"According to Table 5, what are the mean platelet levels for individuals with both positive and negative IgG anti-cardiolipin antibodies?",,>10,0.0,0.0,0.0,0.0,0.0,815.36
crossdomain,baseline_ocr,648,"In scientific literature, what substances are noted as inhibitors for the gene HSD11B1, where their inhibitory action is validated by the gene effect?",,>10,0.0,0.0,0.0,0.0,0.0,588.85
crossdomain,baseline_ocr,649,How are the iLogDemons parameters configured for tracking cardiac motion in the dataset from the STACOM 2011 challenge?,,>10,0.0,0.0,0.0,0.0,0.0,723.78
crossdomain,baseline_ocr,650,How are ages distributed among those who faced issues after circumcision?,,>10,0.0,0.0,0.0,0.0,0.0,868.31
crossdomain,baseline_ocr,651,"What is the effect on application processing time when altering the count of applications reviewed in each 7-day session using FIFO, Best-classifier, and Accept-first approaches?",,>10,0.0,0.0,0.0,0.0,0.0,345.43
crossdomain,baseline_ocr,652,"In the chart depicting pooling metrics, which of the combinations CFS, CMS, CFU, or CMU exhibits the minimum sensitivity level?",,>10,0.0,0.0,0.0,0.0,0.0,464.1
crossdomain,baseline_ocr,653,Which approach attained the top F1-score in the WeiboNER knowledge transfer experiment as indicated in the results?,,>10,0.0,0.0,0.0,0.0,0.0,1651.99
crossdomain,baseline_ocr,654,"In the 2020 Cancer Cytopathology study, how was the accuracy of circulating tumor cells as a marker for lung cancer diagnosis different between the discovery, validation, and overall groups?",,>10,0.0,0.0,0.0,0.0,0.0,610.22
crossdomain,baseline_ocr,655,How did the staining patterns of p-H2AX and Ki 67 change at 24 hours post-radiation exposure of 5 Gy compared to untreated samples?,,>10,0.0,0.0,0.0,0.0,0.0,315.72
crossdomain,baseline_ocr,656,What is the alteration in Lgr5 expression 24 hours following exposure to a 5 Gy radiation dose in comparison to no treatment?,,>10,0.0,0.0,0.0,0.0,0.0,1510.03
crossdomain,baseline_ocr,657,How do fundamental color pairings influence the capacity to distinguish colors?,,>10,0.0,0.0,0.0,0.0,0.0,755.63
crossdomain,baseline_ocr,658,How do varying levels of homocysteine impact the rates of amputation and mortality in peripheral artery surgeries as per the study's findings?,,>10,0.0,0.0,0.0,0.0,0.0,1769.07
crossdomain,baseline_ocr,659,"In studies examining the subtraction of single digits from letter strings, what are the coordinate ranges for activation in the three dimensions?",,>10,0.0,0.0,0.0,0.0,0.0,916.7
crossdomain,baseline_ocr,660,"In the French study on cardiac rehabilitation for CHD patients, what was the number of individuals assigned to the intervention group following randomisation?",,>10,0.0,0.0,0.0,0.0,0.0,282.95
crossdomain,baseline_ocr,661,How do different microbial groups like DPANN and Patescibacteria cluster when examining their distribution along principal component axes?,,>10,0.0,0.0,0.0,0.0,0.0,290.2
crossdomain,baseline_ocr,662,How does the expansion of intraretinal fluid by 0.1 mm3 influence best-corrected visual acuity within the central millimeter for individuals with neovascular AMD?,,>10,0.0,0.0,0.0,0.0,0.0,1237.44
crossdomain,baseline_ocr,663,"In the UDN research, which symptoms had a notably different frequency between those whose applications were accepted and those who were not, after adjusting for multiple comparisons?",,>10,0.0,0.0,0.0,0.0,0.0,691.21
crossdomain,baseline_ocr,664,How does the I2S percentage in Batch11 differ from that in Enoxaparin based on their saccharide compositions?,,>10,0.0,0.0,0.0,0.0,0.0,400.08
crossdomain,baseline_ocr,665,"In the 2013 research on externalizing behavior disorders, how do Theory of Mind emotions relate to various developmental and self-regulatory variables in children?",,>10,0.0,0.0,0.0,0.0,0.0,1374.15
crossdomain,baseline_ocr,666,"For Measurement Model 5, which considers separate AC, capacity, and SM factors, what are the NNFI and CFI results related to WM storage?",,>10,0.0,0.0,0.0,0.0,0.0,428.91
crossdomain,baseline_ocr,667,How does Factor IXa's residual inhibition activity change with different levels of inhibitor in the research on S. broughtonii's anticoagulant properties?,,>10,0.0,0.0,0.0,0.0,0.0,324.92
crossdomain,baseline_ocr,668,Which digits are used for encoding the National Trade Item Number in pharmaceutical GS1 standards?,,>10,0.0,0.0,0.0,0.0,0.0,311.53
crossdomain,baseline_ocr,669,"In the ENRICH research, what alteration is seen in the MDASI-CML Specific Symptom Score from the first to the twelfth EOC for individuals with CML?",,>10,0.0,0.0,0.0,0.0,0.0,854.8
crossdomain,baseline_ocr,670,What impact did the administration of αCD25 and αCD4 have on the secretion levels of IFN-γ in B6 WT compared to langDTR mice in the context of DC subset analysis?,,>10,0.0,0.0,0.0,0.0,0.0,317.58
crossdomain,baseline_ocr,671,In what way do SeVhAng-1 engineered MSCs impact the density of capillaries in ischemic heart regions of rats?,,>10,0.0,0.0,0.0,0.0,0.0,4420.41
crossdomain,baseline_ocr,672,What methods are utilized in developing concepts for integrated care technology acceptance as per Harst and colleagues' study?,,>10,0.0,0.0,0.0,0.0,0.0,843.52
crossdomain,baseline_ocr,673,Which sequences are categorized within the MR exam guidelines?,,>10,0.0,0.0,0.0,0.0,0.0,279.23
crossdomain,baseline_ocr,674,"In the study focusing on auricular acupuncture, which randomized group showed the most significant decrease in waist size from the beginning to the end of the study?",,>10,0.0,0.0,0.0,0.0,0.0,1126.81
crossdomain,baseline_ocr,675,Why were individuals not included in the ω-3 fatty acid supplementation research with EPA and DHA capsules?,,>10,0.0,0.0,0.0,0.0,0.0,297.61
crossdomain,baseline_ocr,676,"In the 8-week study with LCD intervention, how did baseline QUICKI values compare across the diabetic, nondiabetic, and control participants?",,>10,0.0,0.0,0.0,0.0,0.0,337.56
crossdomain,baseline_ocr,677,Can you provide the activation peak Talairach coordinates for subjects 1 through 5 when comparing letter strings to digit strings?,,>10,0.0,0.0,0.0,0.0,0.0,1232.9
crossdomain,baseline_ocr,678,How was the open pelvic ring fracture managed following the high-speed injury?,,>10,0.0,0.0,0.0,0.0,0.0,1399.64
crossdomain,baseline_ocr,679,"What are the recognition and error rates for each grouping of body parts like wrist, upper arm, pelvis, thigh, and ankle in the research?",,>10,0.0,0.0,0.0,0.0,0.0,432.61
crossdomain,baseline_ocr,680,"After concluding treatment with cyclosporine/ATG for aplastic anemia, when should vaccinations be considered?",,>10,0.0,0.0,0.0,0.0,0.0,279.31
crossdomain,baseline_ocr,681,"Following evaluation in the clinical study, what conditions led to participant exclusion, including duration of psychosis, treatment history, and cognitive assessment?",,>10,0.0,0.0,0.0,0.0,0.0,643.78
crossdomain,baseline_ocr,682,"What are the initial IIEF score differences between the control, nondiabetic LCD, and diabetic LCD groups?",,>10,0.0,0.0,0.0,0.0,0.0,1113.06
crossdomain,baseline_ocr,683,How do SVR rates compare between chronic hepatitis C patients who did and did not develop cirrhosis?,,>10,0.0,0.0,0.0,0.0,0.0,353.64
crossdomain,baseline_ocr,684,How are gene families formed in Staphylococcus aureus using techniques like CDS re-annotation and homolog filtering?,,>10,0.0,0.0,0.0,0.0,0.0,790.96
crossdomain,baseline_ocr,685,"In the rat study concerning intratympanic Mesna use, what is the range of tympanic membrane thicknesses observed in the experimental cohort?",7.0,6-10,0.0,0.0,0.5,0.14285714285714285,0.14285714285714285,562.92
crossdomain,baseline_ocr,686,"During the study on hot towel application times, which duration led to the highest frequency of being perceived as very warm: 10s, 15s, or 20s?",,>10,0.0,0.0,0.0,0.0,0.0,673.66
crossdomain,baseline_ocr,687,"In the transfer task for WeiboNER, how does the performance of La-DTL in terms of F1-score stand against other approaches?",,>10,0.0,0.0,0.0,0.0,0.0,283.68
crossdomain,baseline_ocr,688,"In what way did A.B.'s memory for public occurrences change over the years relative to control participants, focusing on the period leading up to his amnesia?",,>10,0.0,0.0,0.0,0.0,0.0,314.38
crossdomain,baseline_ocr,689,"In the experiment using QT6 cells with Myb, C/EBP, and PU.1 vectors, how do the luciferase activity levels of fl-Enh and min-Enh compare?",,>10,0.0,0.0,0.0,0.0,0.0,430.77
crossdomain,baseline_ocr,690,"In the research at Ibn Baja Taza Hospital, what was the psychiatric condition with the second greatest occurrence?",,>10,0.0,0.0,0.0,0.0,0.0,599.16
crossdomain,baseline_ocr,691,"What changes occur in axial force with increasing depth in phantom models, particularly at the interface of healthy and cancerous tissues?",,>10,0.0,0.0,0.0,0.0,0.0,317.67
crossdomain,baseline_ocr,692,"In the publication by IntechOpen on Open Access titles, what proportion of nations received inputs from top-cited researchers?",,>10,0.0,0.0,0.0,0.0,0.0,1017.48
crossdomain,baseline_ocr,693,"In the study of kidney treatments, how does the relative optical density of HO-1 vary with different hypothermia protocols?",,>10,0.0,0.0,0.0,0.0,0.0,402.89
crossdomain,baseline_ocr,694,"How do initial plasma glucose levels, insulin, and insulin sensitivity compare between control subjects and those on low-carbohydrate diets, with and without diabetes?",,>10,0.0,0.0,0.0,0.0,0.0,709.87
crossdomain,baseline_ocr,695,How did the proportion of F4/80+CD11b+ cells in ImmTOR-Cy5 treated mice compare to those in untreated mice on the first day?,,>10,0.0,0.0,0.0,0.0,0.0,493.6
crossdomain,baseline_ocr,696,"How should the timing of COVID-19 vaccination be managed for patients undergoing autologous HSCT, both prior to and following the procedure?",,>10,0.0,0.0,0.0,0.0,0.0,360.02
crossdomain,baseline_ocr,697,What experimental evidence is linked to the function of contrast sensitivity in the context of age-related visual changes?,,>10,0.0,0.0,0.0,0.0,0.0,471.93
crossdomain,baseline_ocr,698,"How did HO-1 levels change in kidney tissues across the sham, normothermia, and various hypothermia groups?",,>10,0.0,0.0,0.0,0.0,0.0,402.19
crossdomain,baseline_ocr,699,How did the initial weight percentages alter for mice given isotype control compared to those treated with aHVEM after starting the treatment over 15 days?,,>10,0.0,0.0,0.0,0.0,0.0,458.25
crossdomain,baseline_ocr,700,"In 2020, how much did the Maine Insurance Guaranty Association collect from each recovery category?",,>10,0.0,0.0,0.0,0.0,0.0,506.32
crossdomain,baseline_ocr,701,"In the 2020 MIGA Annual Report, how much assessment ability was estimated for 'Other' categories using 2% of the 2019 net direct written premiums?",,>10,0.0,0.0,0.0,0.0,0.0,575.77
crossdomain,baseline_ocr,702,"In the data compiled for 2010, which locations are reported to have over 40% of their correctional facilities under private management?",,>10,0.0,0.0,0.0,0.0,0.0,1231.2
crossdomain,baseline_ocr,703,"In the context of the BIIAB's educational program, which substances are identified as frequently connected to unlawful acts on licensed locations?",,>10,0.0,0.0,0.0,0.0,0.0,331.98
crossdomain,baseline_ocr,704,For what reason is the Ombudsperson initiative by SOS Children’s Villages being established worldwide to aid individuals affected by abuse?,,>10,0.0,0.0,0.0,0.0,0.0,399.56
crossdomain,baseline_ocr,705,"In the 2020 authority request disclosure document, where is the discussion on Telenor Pakistan found?",,>10,0.0,0.0,0.0,0.0,0.0,320.53
crossdomain,baseline_ocr,706,"During the period from 2006 to 2016, when did the most courts establish an online presence?",,>10,0.0,0.0,0.0,0.0,0.0,373.08
crossdomain,baseline_ocr,707,When does the agreement between Mastar Florida Corp. and InforSense.com end according to the overview of contracts dashboard?,,>10,0.0,0.0,0.0,0.0,0.0,286.34
crossdomain,baseline_ocr,708,On what date did the Active Non-Disclosure Agreement titled 'Mutual Confidentiality Agreement' between Mastar Barcelona S.A. and Access Limited become effective?,,>10,0.0,0.0,0.0,0.0,0.0,332.88
crossdomain,baseline_ocr,709,"If an urgent legal document requires alt text and consent is given for later inclusion, what should the drafter do?",,>10,0.0,0.0,0.0,0.0,0.0,460.89
crossdomain,baseline_ocr,710,"In the contract signed by Mr. Washburn, what date is found within the termination provision?",,>10,0.0,0.0,0.0,0.0,0.0,336.29
crossdomain,baseline_ocr,711,"According to the Australian Institute of Criminology, what elements increase the risk of repeat sexual offenses by child sex offenders as time progresses?",,>10,0.0,0.0,0.0,0.0,0.0,703.13
crossdomain,baseline_ocr,712,How do the feature sets and subscription models of LegiNation's BillTrack50 compare to those of TrackBill for tracking legislative activities?,,>10,0.0,0.0,0.0,0.0,0.0,373.48
crossdomain,baseline_ocr,713,Can you provide the start and end dates for the active agreements listed in the Contracts - Purchase contracts dashboard related to NDAs?,,>10,0.0,0.0,0.0,0.0,0.0,736.88
crossdomain,baseline_ocr,714,How is a significant transaction defined when it involves an Issuer borrowing or lending amounts exceeding 10% of its market value?,,>10,0.0,0.0,0.0,0.0,0.0,394.97
crossdomain,baseline_ocr,715,In how many instances involving claims of domestic mistreatment is unrestricted interaction with the child determined?,,>10,0.0,0.0,0.0,0.0,0.0,1342.8
crossdomain,baseline_ocr,716,How might the use of digital trading systems introduce potential hazards according to the banking risk assessment?,,>10,0.0,0.0,0.0,0.0,0.0,297.72
crossdomain,baseline_ocr,717,"In Arizona's right of way, what infrastructure, associated with the Small Cell Act of 2018, is utilized for telecommunication purposes?",,>10,0.0,0.0,0.0,0.0,0.0,863.02
crossdomain,baseline_ocr,718,"Which conditions must a business meet in terms of revenue reduction and workforce size to qualify for the Ontario Small Business Support Grant starting December 26, 2020?",,>10,0.0,0.0,0.0,0.0,0.0,376.68
crossdomain,baseline_ocr,719,In what way does the Risk Assessment report illustrate the compliance conditions of different file categories?,,>10,0.0,0.0,0.0,0.0,0.0,403.2
crossdomain,baseline_ocr,720,What was the trend in serious road injuries in Durham from 2016 through 2020?,,>10,0.0,0.0,0.0,0.0,0.0,375.77
crossdomain,baseline_ocr,721,"In the context of the Half-way House program, how do rearrest, reconviction, and re-imprisonment rates differ between those who completed the program successfully and those who did not?",,>10,0.0,0.0,0.0,0.0,0.0,861.12
crossdomain,baseline_ocr,722,"In the recidivism analysis, how do the re-arrest percentages for those who did not complete their programs differ between the half-way house and day reporting?",,>10,0.0,0.0,0.0,0.0,0.0,342.77
crossdomain,baseline_ocr,723,"Where does 3M possess a trio of operations: sales, manufacturing, and technical expertise?",,>10,0.0,0.0,0.0,0.0,0.0,295.03
crossdomain,baseline_ocr,724,"How many people follow the Yuba County Sheriff's profiles on Facebook, Twitter, and Instagram?",,>10,0.0,0.0,0.0,0.0,0.0,883.25
crossdomain,baseline_ocr,725,What is the difference in the proportion of insured people between the age groups 45 to 54 and 55 to 64 based on the 2020 data from the U.S. Census Bureau?,,>10,0.0,0.0,0.0,0.0,0.0,1199.23
crossdomain,baseline_ocr,726,"In the context of federally funded initiatives, which activities are considered suitable for direct cost allocation, including research data management and extensive administrative effort?",,>10,0.0,0.0,0.0,0.0,0.0,522.06
crossdomain,baseline_ocr,727,"Which subjects are covered in the Amnesty International document discussing changes to Poland's judicial system, addressing issues like the Supreme Court?",,>10,0.0,0.0,0.0,0.0,0.0,350.88
crossdomain,baseline_ocr,728,Who are the law enforcement officers at the trial of Richard Daschbach in Oecusse?,,>10,0.0,0.0,0.0,0.0,0.0,280.39
crossdomain,baseline_ocr,729,"How old, on average, are the individuals involved in the report from the Specialized Dockets Section of Ohio's Supreme Court?",,>10,0.0,0.0,0.0,0.0,0.0,310.52
crossdomain,baseline_ocr,730,When do the agreements involving Master International and Wolters Kluwer Belgium start and end?,,>10,0.0,0.0,0.0,0.0,0.0,610.56
crossdomain,baseline_ocr,731,Which accolade did Entain receive in 2020 for its commitment to responsible gambling at the EGR event?,,>10,0.0,0.0,0.0,0.0,0.0,682.14
crossdomain,baseline_ocr,732,"In the context of Rueda and Emmenegger's findings, how does one's employment condition impact their propensity to support major right-wing parties?",10.0,6-10,0.0,0.0,1.0,0.1,0.1,1682.14
crossdomain,baseline_ocr,733,How does European Directive 2014/59/EU describe the dangers linked to investing in unsecured credit institution instruments?,,>10,0.0,0.0,0.0,0.0,0.0,346.51
crossdomain,baseline_ocr,734,When does the contract named 'BUSINESS AGREEMENT' between Mastar Florida Corp. and InforSense.com terminate according to the contract overview?,,>10,0.0,0.0,0.0,0.0,0.0,1166.93
crossdomain,baseline_ocr,735,"In the 2020 report on authority requests, which pages cover Telenor's activities in both Bangladesh and Norway?",,>10,0.0,0.0,0.0,0.0,0.0,688.24
crossdomain,baseline_ocr,736,"When is the shareholder assembly for the Natural Gas Services Group, Inc. set to occur, including its specific time?",,>10,0.0,0.0,0.0,0.0,0.0,560.67
crossdomain,baseline_ocr,737,"What led to the court's decision to overturn and return the case involving Maimouna Barry against US Airways Group, Inc.?",,>10,0.0,0.0,0.0,0.0,0.0,1509.66
crossdomain,baseline_ocr,738,"In the 'Collaborating for Freedom' analysis, which funding type decreased from 2017 to 2019?",,>10,0.0,0.0,0.0,0.0,0.0,1272.02
crossdomain,baseline_ocr,739,"Until what date could businesses apply for the Ontario grant supporting small enterprises impacted by the shutdown starting on December 26, 2020?",,>10,0.0,0.0,0.0,0.0,0.0,259.17
crossdomain,baseline_ocr,740,Who is listed as the approver for the CCTV Policy's implementation at the Tower Learning Centre in the review details?,,>10,0.0,0.0,0.0,0.0,0.0,429.12
crossdomain,baseline_ocr,741,Which organization is connected to the Sprout Anarchist group located in Grand Rapids?,,>10,0.0,0.0,0.0,0.0,0.0,1418.19
crossdomain,baseline_ocr,742,"For the NFA group modeled with a Mixture Exponential distribution, how does the chance of arrest in the upcoming year, given it hasn't happened yet, change over the first eight years?",,>10,0.0,0.0,0.0,0.0,0.0,1400.3
crossdomain,baseline_ocr,743,"Among U.S. adolescents, what is the proportion that favors Snapchat over other platforms like YouTube?",,>10,0.0,0.0,0.0,0.0,0.0,771.62
crossdomain,baseline_ocr,744,At what stage is alt text required for images in a principal or amending Bill according to the Federal Register procedures?,,>10,0.0,0.0,0.0,0.0,0.0,498.37
crossdomain,baseline_ocr,745,"As of March 31, 2021, what is the cumulative balance for the Chamber of Tax Consultants accounting for all specified memberships and designated funds?",,>10,0.0,0.0,0.0,0.0,0.0,648.52
crossdomain,baseline_ocr,746,How were the mobile devices affected following their seizure by Croatian authorities using aerial assistance?,,>10,0.0,0.0,0.0,0.0,0.0,338.54
crossdomain,baseline_ocr,747,How does understanding of coercive control vary among different age groups?,,>10,0.0,0.0,0.0,0.0,0.0,713.9
crossdomain,baseline_ocr,748,"At what time and through what method will the Governance Committee of Sullivan County Infrastructure LDC convene on December 23, 2020?",,>10,0.0,0.0,0.0,0.0,0.0,408.78
crossdomain,baseline_ocr,749,How do the initial costs and ongoing fees compare between Retirement Village and Sterling New Life for elderly accommodation options?,,>10,0.0,0.0,0.0,0.0,0.0,1079.5
crossdomain,baseline_ocr,750,"What is mentioned concerning gender terminology in the Council's policy reapproved in May 2021, based on a September 2018 directive?",,>10,0.0,0.0,0.0,0.0,0.0,287.11
crossdomain,baseline_ocr,751,When does the corporate software license agreement between Master International Holding B.V. and Wolters Kluwer Belgium conclude?,,>10,0.0,0.0,0.0,0.0,0.0,431.01
crossdomain,baseline_ocr,752,How many people are employed worldwide by 3M in the current year?,,>10,0.0,0.0,0.0,0.0,0.0,289.72
crossdomain,baseline_ocr,753,"According to the 2020 data from the American Community Survey, what is the insured percentage for those aged 65 and above?",,>10,0.0,0.0,0.0,0.0,0.0,308.65
crossdomain,baseline_ocr,754,What inquiry is made to the electorate concerning the possible merger of the Mesa Water District with the Costa Mesa Sanitary District in the advisory ballot?,,>10,0.0,0.0,0.0,0.0,0.0,697.14
crossdomain,baseline_ocr,755,What were the reasons for partially upholding and partially overturning the ruling in the Wal-Mart vs. Sweasy case labeled 2008-CA-001571-WC?,,>10,0.0,0.0,0.0,0.0,0.0,300.96
crossdomain,baseline_ocr,756,"What key approaches are utilized by SOS Children’s Villages to aid young individuals affected by mistreatment, such as the safeguarding and empowerment initiatives?",,>10,0.0,0.0,0.0,0.0,0.0,453.05
crossdomain,baseline_ocr,757,"In the disciplinary procedure, what is the function of the Headteacher alongside the Chair of Governors at the Written Warning Meeting stage?",,>10,0.0,0.0,0.0,0.0,0.0,492.18
crossdomain,baseline_ocr,758,What was the total amount assigned to the legal referral initiative by the Law Foundation of Newfoundland and Labrador over the years 1980 to 2014?,,>10,0.0,0.0,0.0,0.0,0.0,1228.31
crossdomain,baseline_ocr,759,What is the date when the preliminary inquiry was submitted in Case C-20/21 against a Polish airline company?,,>10,0.0,0.0,0.0,0.0,0.0,611.57
crossdomain,baseline_ocr,760,"In business risk evaluations, what weaknesses are connected to the absence of fire detection mechanisms?",,>10,0.0,0.0,0.0,0.0,0.0,887.08
crossdomain,baseline_ocr,761,"What was the transformation in Peru's economic output from 1970, set as the baseline, to 2010?",,>10,0.0,0.0,0.0,0.0,0.0,1892.54
crossdomain,baseline_ocr,762,What differences are observed in the detection of amphetamine when comparing 'high spiked' and 'low spiked' marks in fingermark analysis at m/z 368.4?,,>10,0.0,0.0,0.0,0.0,0.0,246.98
crossdomain,baseline_ocr,763,"How did the availability of N95 masks change for healthcare staff in Ontario on October 8, 2020, amid the pandemic?",,>10,0.0,0.0,0.0,0.0,0.0,328.76
crossdomain,baseline_ocr,764,Which principal topics are highlighted in the second section of the Ninth Programme of Law Reform by the Scottish Law Commission?,,>10,0.0,0.0,0.0,0.0,0.0,525.72
crossdomain,baseline_ocr,765,"Based on the July 2021 report from the Australian Institute of Criminology, what factors and periods are linked to sexual reoffending in child sex offenders?",,>10,0.0,0.0,0.0,0.0,0.0,3789.92
crossdomain,baseline_ocr,766,"What were the conclusions or decisions in the dispute between Mark Steven Thomas and Rita Rose Thomas, case number 2008-CA-001036-ME, regarding the opinion result?",,>10,0.0,0.0,0.0,0.0,0.0,894.28
crossdomain,baseline_ocr,767,How does the whistleblowing policy document describe the guiding principle of Slindon College?,,>10,0.0,0.0,0.0,0.0,0.0,490.6
crossdomain,baseline_ocr,768,Which standards connected to the Wise Giving Alliance are referenced in the Legal Review by the Native American Rights Fund?,,>10,0.0,0.0,0.0,0.0,0.0,348.25
crossdomain,baseline_ocr,769,"How are CSOs involved in initiatives such as FSC, FLEGT, EITI, and the Kimberley Process concerning resource governance?",,>10,0.0,0.0,0.0,0.0,0.0,555.52
crossdomain,baseline_ocr,770,"What was the outcome determined by the Kentucky appellate court regarding the legal matter involving James Wesley Heady, identified as case number 2008-CA-001976-MR?",,>10,0.0,0.0,0.0,0.0,0.0,390.86
crossdomain,baseline_ocr,771,What details are specified on the tags of standard DuraPro connectors for toilet tanks featuring plastic coupling nuts?,,>10,0.0,0.0,0.0,0.0,0.0,443.97
crossdomain,baseline_ocr,772,"What responsibilities are outlined in the proxy voting procedure for choosing directors and deciding on executive pay at Natural Gas Services Group, Inc.'s 2021 meeting?",,>10,0.0,0.0,0.0,0.0,0.0,275.81
crossdomain,baseline_ocr,773,"According to the evaluation chart, what risk classification corresponds to a score of 80.7% on social media performance?",,>10,0.0,0.0,0.0,0.0,0.0,324.59
crossdomain,baseline_ocr,774,"What shifts occurred in the participation of various entities in anti-slavery collaborations from 2017 to 2019, focusing on the contributions of non-governmental organizations, local government bodies, and law enforcement?",,>10,0.0,0.0,0.0,0.0,0.0,306.08
crossdomain,baseline_ocr,775,How did 3M allocate its supplier spending globally from 2016 to 2020?,,>10,0.0,0.0,0.0,0.0,0.0,719.23
crossdomain,baseline_ocr,776,How does the prescription rate of psychotropic drugs differ between male and female youths in Virginia's juvenile detention facilities?,,>10,0.0,0.0,0.0,0.0,0.0,364.14
crossdomain,baseline_ocr,777,"In instances involving claims of domestic abuse, how often was no contact directive issued?",,>10,0.0,0.0,0.0,0.0,0.0,609.45
crossdomain,baseline_ocr,778,What impact did the events from the T Day Ordinance through Takeshima Days between 2005 and 2015 have on material conflicts between Japan and South Korea?,,>10,0.0,0.0,0.0,0.0,0.0,270.7
crossdomain,baseline_ocr,779,How does the Sterling New Life plan financially benefit seniors as opposed to conventional retirement communities?,,>10,0.0,0.0,0.0,0.0,0.0,959.99
crossdomain,baseline_ocr,780,When did the contractual agreement with ABC Inc. regarding Corporate software start?,,>10,0.0,0.0,0.0,0.0,0.0,1558.78
crossdomain,baseline_ocr,781,What is the difference in total hours between disciplinary and other cases as specified in Provision 7's subdivisions (d)(1) through (d)(4)?,,>10,0.0,0.0,0.0,0.0,0.0,1950.16
crossdomain,baseline_ocr,782,What are the key objectives outlined for groups focused on freeing occupied regions and dismantling adversary nations?,,>10,0.0,0.0,0.0,0.0,0.0,307.45
crossdomain,baseline_ocr,783,What causes unsecured bond investors to face drawbacks versus depositors under the EU directive related to financial institution recovery?,,>10,0.0,0.0,0.0,0.0,0.0,287.82
crossdomain,baseline_ocr,784,"Which parties are appealing in the cases identified by the numbers 20027685 and 20027841, associated with Costco and BRE RC Maui Kapalua LLC?",9.0,6-10,0.0,0.0,1.0,0.1111111111111111,0.1111111111111111,1088.63
crossdomain,baseline_ocr,785,What ruling was made in the case numbered 2008-CA-001571-WC related to Wal-Mart Stores and a workers' compensation dispute?,,>10,0.0,0.0,0.0,0.0,0.0,383.91
crossdomain,baseline_ocr,786,Identify the appellant company linked to TMK 3-8-079-022-0000 in the case number 20027685.,9.0,6-10,0.0,0.0,1.0,0.1111111111111111,0.1111111111111111,267.68
crossdomain,baseline_ocr,787,"How does Ontario's Main Street Relief Grant assist enterprises affected by the public health restrictions declared on October 9, 2020?",,>10,0.0,0.0,0.0,0.0,0.0,1120.99
crossdomain,baseline_ocr,788,"According to the risk evaluation dated August 4, 2025, what percentage represents the candidate's LinkedIn social risk level?",,>10,0.0,0.0,0.0,0.0,0.0,373.45
crossdomain,baseline_ocr,789,"What amount was collected over the year as Life Membership Fees based on the financial report of the Chamber of Tax Consultants ending March 31, 2021?",,>10,0.0,0.0,0.0,0.0,0.0,292.59
crossdomain,baseline_ocr,790,"How long, on average, was the abuse committed by priests in relation to the count of victims affected?",,>10,0.0,0.0,0.0,0.0,0.0,773.17
crossdomain,baseline_ocr,791,What is the signing date of the contract between Mr. Washburn and the City of Osage Beach?,,>10,0.0,0.0,0.0,0.0,0.0,1129.0
crossdomain,baseline_ocr,792,Which parts are listed under the coaching segment for intramural matches in the 2013 Fall guide of the Valley Stream Soccer Club for parents and coaches?,,>10,0.0,0.0,0.0,0.0,0.0,833.17
crossdomain,baseline_ocr,793,"Between 2017 and 2019, which funding source for partnerships saw the biggest decline, specifically in terms of government contributions?",,>10,0.0,0.0,0.0,0.0,0.0,333.64
crossdomain,baseline_ocr,794,Identify the chapter titles and numbers listed in the first section of ISO/IEC 17021–1:2015.,,>10,0.0,0.0,0.0,0.0,0.0,280.95
crossdomain,baseline_ocr,795,"When does the business contract between Mastar Denmark AB and its associated party conclude, according to the Contracts dashboard details?",,>10,0.0,0.0,0.0,0.0,0.0,546.36
crossdomain,baseline_ocr,796,How does the insurance rate differ between those aged 26 to 34 and those from 35 to 44 based on census data?,,>10,0.0,0.0,0.0,0.0,0.0,292.75
crossdomain,baseline_ocr,797,"According to Baltic International Bank's financial instruments details, what potential losses arise from conducting trades beyond standard session times?",,>10,0.0,0.0,0.0,0.0,0.0,800.84
crossdomain,baseline_ocr,798,What are the comparative statistics for racial groups between the general U.S. demographics and those incarcerated?,,>10,0.0,0.0,0.0,0.0,0.0,298.67
crossdomain,baseline_ocr,799,What was the total number of service calls managed by the YCSO in 2018 based on their records?,,>10,0.0,0.0,0.0,0.0,0.0,1654.94
crossdomain,proposed,0,What are the steps involved in the corrective action process in Hunt Design's QMS?,1.0,1,1.0,1.0,1.0,1.0,1.0,1459.37
crossdomain,proposed,1,What products are advertised by A. Borsig in the Nichi-Doku-Kōgyō-Kōkoku from 1897?,1.0,1,1.0,1.0,1.0,1.0,1.0,318.28
crossdomain,proposed,2,What is the approximate circuit area of the TPS62745 Buck Converter Evaluation Module as specified by Texas Instruments?,3.0,2-5,0.0,1.0,1.0,0.3333333333333333,0.41666666666666663,300.75
crossdomain,proposed,3,"What are the primary flows of money, parts, and services in the automotive industry channel model?",1.0,1,1.0,1.0,1.0,1.0,1.0,704.66
crossdomain,proposed,4,What is the process flow for handling a customer purchase order in Hunt Design's QMS?,1.0,1,1.0,1.0,1.0,1.0,1.0,316.12
crossdomain,proposed,5,What are the possible transitions between states in the finite state machine of an embedded device?,1.0,1,1.0,1.0,1.0,1.0,1.0,300.41
crossdomain,proposed,6,What is the sequence of steps in the CRM model implementation process for Saba Corporation?,1.0,1,1.0,1.0,1.0,1.0,1.0,343.57
crossdomain,proposed,7,How is the process of handling orders implemented to increase profit per sale?,2.0,2-5,0.0,1.0,1.0,0.5,0.5,272.88
crossdomain,proposed,8,What are the start and end times for the production schedule labeled 'Making Schedule 2' in the plant model?,2.0,2-5,0.0,1.0,1.0,0.5,0.5,314.42
crossdomain,proposed,9,What is the firmware version of the MEASURpoint instrument DT887x-48?,1.0,1,1.0,1.0,1.0,1.0,1.0,379.65
crossdomain,proposed,10,What are the compartment sizes for product types on Tour 1 in the genetic algorithm solution?,1.0,1,1.0,1.0,1.0,1.0,1.0,297.85
crossdomain,proposed,11,What is the firmware revision and IP address of the DT887x-48 instrument model provided by Data Translation Inc.?,1.0,1,1.0,1.0,1.0,1.0,1.0,266.78
crossdomain,proposed,12,How does the process flow of the browser statechart testing model progress from test case generation to logging?,1.0,1,1.0,1.0,1.0,1.0,1.0,560.16
crossdomain,proposed,13,What milestones occurred in the development of Obee Network from 2018 to 2020?,1.0,1,1.0,1.0,1.0,1.0,1.0,364.34
crossdomain,proposed,14,What strategies are suggested for building customer relationships on Mini Akiba?,1.0,1,1.0,1.0,1.0,1.0,1.0,267.2
crossdomain,proposed,15,What is the general trend of the loss function value during the training iterations?,1.0,1,1.0,1.0,1.0,1.0,1.0,365.85
crossdomain,proposed,16,How does the Packet Error Rate (PER) change for BLE events with varying connection intervals in the test setup?,1.0,1,1.0,1.0,1.0,1.0,1.0,397.63
crossdomain,proposed,17,How has the regional distribution of 3M supplier spending changed between 2016 and 2020?,1.0,1,1.0,1.0,1.0,1.0,1.0,286.63
crossdomain,proposed,18,How did new car registrations in Spain compare to those in Germany over the years from 2007 to 2017?,1.0,1,1.0,1.0,1.0,1.0,1.0,800.73
crossdomain,proposed,19,What was the revenue change for Newmont-Ahafo from 2013 to 2014 according to the mining industry report?,2.0,2-5,0.0,1.0,1.0,0.5,0.5,343.45
crossdomain,proposed,20,How did the trend of internal and external sales for VAA change from 2006 to 2017?,1.0,1,1.0,1.0,1.0,1.0,1.0,339.35
crossdomain,proposed,21,"What are the differences in e-commerce fees per item sold between major platforms like Ebay, Amazon, AliExpress, and UNIVERZ?",1.0,1,1.0,1.0,1.0,1.0,1.0,359.48
crossdomain,proposed,22,How did the total units of Edge AI compare to Movable AI in 2021?,1.0,1,1.0,1.0,1.0,1.0,1.0,1841.02
crossdomain,proposed,23,What was the percentage change in all-in production costs for Australia from 2013 to 2014?,1.0,1,1.0,1.0,1.0,1.0,1.0,337.31
crossdomain,proposed,24,"How did the monthly message volume trends for SMS, EMS, and MMS differ from 2001 to 2006?",1.0,1,1.0,1.0,1.0,1.0,1.0,466.47
crossdomain,proposed,25,What percentage of 3M's supplier spend was allocated to the Asia Pacific region in 2020?,1.0,1,1.0,1.0,1.0,1.0,1.0,280.24
crossdomain,proposed,26,What are the specific product allocations for locations on Tour 2 in the genetic algorithm solution?,1.0,1,1.0,1.0,1.0,1.0,1.0,364.27
crossdomain,proposed,27,What global employee count does 3M maintain?,1.0,1,1.0,1.0,1.0,1.0,1.0,289.19
crossdomain,proposed,28,What is the trend of Zigbee PER as the BLE connection interval increases?,1.0,1,1.0,1.0,1.0,1.0,1.0,299.22
crossdomain,proposed,29,What are the design specifications of the glassware patented by D. Bennett in 1878?,1.0,1,1.0,1.0,1.0,1.0,1.0,558.43
crossdomain,proposed,30,What slogans or phrases are prominently displayed during SKF trade union meetings related to precarious work?,1.0,1,1.0,1.0,1.0,1.0,1.0,321.23
crossdomain,proposed,31,What is the expected weekly production volume for MALS A/Cs in the assembly process model?,3.0,2-5,0.0,1.0,1.0,0.3333333333333333,0.3333333333333333,1410.3
crossdomain,proposed,32,What stages did Obee Network go through from concept initiation to Uniswap launch?,1.0,1,1.0,1.0,1.0,1.0,1.0,322.66
crossdomain,proposed,33,What is the ISSN number for the February 2014 issue of the Journal of Environmental Protection?,1.0,1,1.0,1.0,1.0,1.0,1.0,315.37
crossdomain,proposed,34,What are the different shipping options and their costs for an online purchase process?,1.0,1,1.0,1.0,1.0,1.0,1.0,636.37
crossdomain,proposed,35,Which entities implement Samsung's sustainable cobalt supply criteria?,1.0,1,1.0,1.0,1.0,1.0,1.0,327.08
crossdomain,proposed,36,What is the range of mean assembly times when there are 10 different modules?,1.0,1,1.0,1.0,1.0,1.0,1.0,297.31
crossdomain,proposed,37,What is the motto associated with SAP for businesses?,1.0,1,1.0,1.0,1.0,1.0,1.0,949.61
crossdomain,proposed,38,What are the variable interaction values for resources A and B during the reaction process?,1.0,1,1.0,1.0,1.0,1.0,1.0,289.25
crossdomain,proposed,39,What is the role of the Home Support Team in the organizational structure of the logistics project?,1.0,1,1.0,1.0,1.0,1.0,1.0,345.17
crossdomain,proposed,40,What are the specific services used by the company to handle delivery operations?,,>10,0.0,0.0,0.0,0.0,0.0,274.12
crossdomain,proposed,41,How are the product types distributed across different tours and locations based on compartment sizes?,2.0,2-5,0.0,1.0,1.0,0.5,0.5,605.89
crossdomain,proposed,42,What are the features of the ice cream cart used by Artisani?,1.0,1,1.0,1.0,1.0,1.0,1.0,310.84
crossdomain,proposed,43,What is the configuration of tours and products as represented in the solution's structure?,2.0,2-5,0.0,1.0,1.0,0.5,0.5,308.38
crossdomain,proposed,44,What is the demand distribution for combinations of four components?,1.0,1,1.0,1.0,1.0,1.0,1.0,1478.44
crossdomain,proposed,45,What is the process flow from a Baseline Test Suite to a Test Log in a browser testing model?,1.0,1,1.0,1.0,1.0,1.0,1.0,329.66
crossdomain,proposed,46,"How did product search trends vary between different site categories in June 2012, and what role did heavy searchers play?",1.0,1,0.16666666666666666,0.8333333333333334,1.0,1.0,1.0,425.63
crossdomain,proposed,47,"What are the delivery arrival schedules at the CC for 22 Bishopsgate, and how do they differ throughout the week?",1.0,1,0.16666666666666666,0.8333333333333334,1.0,1.0,1.0,316.22
crossdomain,proposed,48,How did current taxes in Hong Kong and outside Hong Kong differ for the six months ended 30 September 2014 compared to 2013?,1.0,1,0.5,0.5,0.5,1.0,1.0,484.37
crossdomain,proposed,49,What are the differences in total non-current assets between 30 June 2018 and 31 December 2017 for Pak Suzuki Motor Company Limited?,1.0,1,0.5,1.0,1.0,1.0,0.8333333333333333,356.35
crossdomain,proposed,50,How does the OSHA permissible exposure limit for Ethyl Benzene compare to that of Xylene?,1.0,1,1.0,1.0,1.0,1.0,1.0,304.85
crossdomain,proposed,51,How did the segment assets for wholesale change between the years 2001 and 2002?,1.0,1,0.5,1.0,1.0,1.0,1.0,359.82
crossdomain,proposed,52,What are the supported data rates for the V.29 fax modulation compared to V.34?,1.0,1,0.3333333333333333,1.0,1.0,1.0,1.0,309.6
crossdomain,proposed,53,Which location has the lowest annual operating costs for a U.S. Central Warehouse site?,1.0,1,1.0,1.0,1.0,1.0,1.0,310.16
crossdomain,proposed,54,Identify the devices with the smallest mass per area ratio that are still feasible without a fixture.,1.0,1,0.5,1.0,1.0,1.0,1.0,323.15
crossdomain,proposed,55,"How did the net income before non-cash items change from March 31, 2019, to March 31, 2020, for Clarus Corporation?",1.0,1,0.5,1.0,1.0,1.0,1.0,388.99
crossdomain,proposed,56,How does the usage of sorting and filtering functions affect the average chosen room prices in different tasks?,2.0,2-5,0.0,1.0,1.0,0.5,0.45,518.59
crossdomain,proposed,57,"How did Clarus Corporation's adjusted EBITDA for the quarter ending March 31, 2019 compare to March 31, 2020?",1.0,1,1.0,1.0,1.0,1.0,1.0,1182.96
crossdomain,proposed,58,"How do heavy searchers impact the product search trends across different platforms according to the statistics and figures presented in the Journal of Law, Economics and Policy?",1.0,1,0.16666666666666666,0.8333333333333334,1.0,1.0,0.9761904761904762,853.95
crossdomain,proposed,59,How does the capacity constraint of vehicles and the need for separate compartments for different product types affect the routing strategy in the MCVRP-CFCS model?,1.0,1,0.3333333333333333,1.0,1.0,1.0,0.9166666666666666,301.07
crossdomain,proposed,60,How do the patterns of user types conducting searches on different platform categories relate to the stability of search visits at price comparison sites in 2012?,1.0,1,0.16666666666666666,0.8333333333333334,1.0,1.0,1.0,303.49
crossdomain,proposed,61,How does the delivery arrival time at the logistics center affect the delivery schedule to 22 Bishopsgate?,1.0,1,0.16666666666666666,0.8333333333333334,1.0,1.0,1.0,310.6
crossdomain,proposed,62,In what way do intelligent rack outlets manage power consumption to prevent equipment downtime?,1.0,1,0.5,1.0,1.0,1.0,1.0,852.82
crossdomain,proposed,63,How does PCB design influence the measurement of RθJA and RθJC in IC packages?,1.0,1,0.3333333333333333,1.0,1.0,1.0,1.0,1039.21
crossdomain,proposed,64,What is the impact of cable characteristics on the DP83TD510's operating modes and how is it mitigated?,1.0,1,0.3333333333333333,1.0,1.0,1.0,1.0,367.04
crossdomain,proposed,65,What impact did the special dividend declared in 2016 have on the share premium?,2.0,2-5,0.0,1.0,1.0,0.5,0.5,306.36
crossdomain,proposed,66,How does video surveillance equipment detect unauthorized access and help in root cause analysis in data centers?,1.0,1,0.5,1.0,1.0,1.0,1.0,290.38
crossdomain,proposed,67,How is the grinding fineness adjusted in the coffee machine?,1.0,1,0.3333333333333333,1.0,1.0,1.0,1.0,343.55
crossdomain,proposed,68,What safety regulations does Sony adhere to for its LAN technical standards?,1.0,1,0.16666666666666666,0.8333333333333334,1.0,1.0,1.0,505.08
crossdomain,proposed,69,What is the operating temperature range for the Testboy® 26?,1.0,1,0.16666666666666666,0.3333333333333333,0.3333333333333333,1.0,1.0,300.18
crossdomain,proposed,70,What is the lashing capacity of the ratchet tie-downs provided by Tool Vault?,1.0,1,0.5,1.0,1.0,1.0,1.0,292.82
crossdomain,proposed,71,What is the cycle time in seconds for the stamping process in the transformation factory described in the study?,1.0,1,1.0,1.0,1.0,1.0,1.0,351.56
crossdomain,proposed,72,What is the annual energy consumption of the NFE3 620 X refrigerator by TEKA?,1.0,1,0.25,1.0,1.0,1.0,1.0,429.54
crossdomain,proposed,73,"What output voltage setting corresponds to VSEL values 1, 1, 1, 0 for the TPS62745EVM-622 used by Texas Instruments?",1.0,1,0.5,1.0,1.0,1.0,1.0,1217.61
crossdomain,proposed,74,What parsing method achieves the highest average precision in the IEEE study on pattern analysis?,1.0,1,0.5,1.0,1.0,1.0,1.0,444.28
crossdomain,proposed,75,What are the features and constraints related to vehicle capacities and compartments in the MCVRP-CFCS model?,1.0,1,0.3333333333333333,1.0,1.0,1.0,0.9166666666666666,1101.23
crossdomain,proposed,76,What are the specifications of the 3 Metre Ratchet Tie-Down used by Tool Vault?,1.0,1,0.5,1.0,1.0,1.0,1.0,1544.93
crossdomain,proposed,77,Which section discusses the Analog Inputs in the EVM document?,2.0,2-5,0.0,1.0,1.0,0.5,0.5,362.08
crossdomain,proposed,78,What are the details of the payment schedule and menu options for the cafeteria concessionaire contract under ITB No. FB21-07-003BAC?,1.0,1,0.5,1.0,1.0,1.0,1.0,639.83
crossdomain,proposed,79,How would you summarize the overall impact of sales on the Group's segment profit margin over the six months ended 30 September 2011?,1.0,1,0.5,1.0,1.0,1.0,0.7,466.63
crossdomain,proposed,80,What are the operational features of the 1/100-second stopwatch?,1.0,1,0.5,1.0,1.0,1.0,1.0,1053.15
crossdomain,proposed,81,What were the significant product updates HP made from October 2018 to March 2021?,1.0,1,0.5,1.0,1.0,1.0,1.0,358.78
crossdomain,proposed,82,What is the estimated annual sales range for the store operated by Walmart Mexico y Centroamerica with the most outlets?,1.0,1,0.5,1.0,1.0,1.0,1.0,999.77
crossdomain,proposed,83,"How did the exchange reserve change from January 1, 2016, to December 31, 2017?",1.0,1,1.0,1.0,1.0,1.0,1.0,294.72
crossdomain,proposed,84,What was the percent change in inventory turnover on sales for the Group from 2010 to 2011 for the period ending 30 September?,1.0,1,0.5,1.0,1.0,1.0,1.0,311.04
crossdomain,proposed,85,What are the maximum pressure and temperature specifications for the mobile A/C system sealant detection kit?,1.0,1,0.3333333333333333,0.6666666666666666,0.6666666666666666,1.0,1.0,315.21
crossdomain,proposed,86,What are the specifications of the terminal blocks mentioned in the mechanical components list for the PM24 circuit board?,1.0,1,0.5,1.0,1.0,1.0,1.0,294.85
crossdomain,proposed,87,What features are offered by Schneider Electric's intelligent rack outlets for remote server management?,1.0,1,0.5,1.0,1.0,1.0,1.0,749.94
crossdomain,proposed,88,What is the standby power consumption for the TV lift mechanism model TS750?,1.0,1,0.3333333333333333,1.0,1.0,1.0,1.0,268.71
crossdomain,proposed,89,What are the IP protection ratings associated with various detector types for harsh environments?,1.0,1,1.0,1.0,1.0,1.0,1.0,950.34
crossdomain,proposed,90,What are the lumens specifications for the LED light that Tool Vault offers?,1.0,1,0.5,1.0,1.0,1.0,1.0,611.5
crossdomain,proposed,91,What is the cost of a casual site for The Products at the market?,1.0,1,0.25,1.0,1.0,1.0,1.0,660.43
crossdomain,proposed,92,"Based on Hunt Design's quality management system, what sequence of actions is followed for processing a customer order?",1.0,1,1.0,1.0,1.0,1.0,1.0,339.66
crossdomain,proposed,93,How are 'Human' and other components connected in the CRC ontology related to eco-friendly production?,1.0,1,1.0,1.0,1.0,1.0,1.0,784.83
crossdomain,proposed,94,"In the organizational setup of the logistics project, what functions does the Home Support Team perform?",1.0,1,1.0,1.0,1.0,1.0,1.0,1207.39
crossdomain,proposed,95,How large is the TPS62745EVM-622 evaluation board designed by Texas Instruments?,1.0,1,1.0,1.0,1.0,1.0,1.0,339.55
crossdomain,proposed,96,How were currency exchange adjustments and actuarial improvements on pension obligations recorded at the start of 2016?,1.0,1,1.0,1.0,1.0,1.0,1.0,2676.18
crossdomain,proposed,97,"For the first half of the year ending September 30, 2013, what expense value was recorded for the wear and tear and value reduction of fixed assets?",5.0,2-5,0.0,0.5,0.5,0.2,0.2,405.53
crossdomain,proposed,98,"For the half-year ending on 30 September 2014, how much was the finance cost due to overdraft interest payable within five years?",4.0,2-5,0.0,0.5,1.0,0.25,0.2361111111111111,310.49
crossdomain,proposed,99,In what ways do Six Sigma and TQM vary in addressing organizational output consistency and customer satisfaction?,1.0,1,0.25,1.0,1.0,1.0,1.0,351.26
crossdomain,proposed,100,Can you describe the features of the Hasselblad camera that were utilized in the UAV photogrammetry study detailed in the ISPRS journal?,1.0,1,0.5,1.0,1.0,1.0,0.7,745.03
crossdomain,proposed,101,"According to section 33.654.130, what are the comments regarding existing and future public dead-ends and walking connections for the location?",5.0,2-5,0.0,1.0,1.0,0.2,0.2,291.0
crossdomain,proposed,102,Between which values do the signed vertical differences lie in the overlapping section of the pre-aligned DSM from 1977 and the DTM from 2001?,1.0,1,1.0,1.0,1.0,1.0,1.0,1269.94
crossdomain,proposed,103,"How do the actions 'Move Brick P.', 'Take Bricks', and 'Lab. Idle' proceed in the Simphony Designer simulation process?",1.0,1,1.0,1.0,1.0,1.0,1.0,1030.59
crossdomain,proposed,104,During which years in the early 21st century does Egremni Beach face erosion surpassing 1.50 meters annually?,2.0,2-5,0.0,1.0,1.0,0.5,0.5,1922.95
crossdomain,proposed,105,"For the analysis involving 544,410 equations in a multi-storey building, which technique exhibited the shortest processing duration among options like MPCG_AMIS?",1.0,1,0.5,1.0,1.0,1.0,1.0,292.39
crossdomain,proposed,106,What findings emerged from the Vision Derby 2040 planning session held in September 2019?,1.0,1,1.0,1.0,1.0,1.0,1.0,304.67
crossdomain,proposed,107,Identify the segments outlined in the Town of Peace River's Pats Creek Storm Water Mediation Project documentation.,1.0,1,0.25,1.0,1.0,1.0,1.0,381.75
crossdomain,proposed,108,"What range of air content is specified for shotcrete mixtures aimed at enhancing initial strength, according to ASTM standards?",1.0,1,0.5,1.0,1.0,1.0,0.7,323.5
crossdomain,proposed,109,"During tests involving sinusoidal loads on 26 gauge Type B panels, what were the peak load values when tested at a frequency of 0.25 cycles per second?",1.0,1,0.5,1.0,1.0,1.0,1.0,320.73
crossdomain,proposed,110,What is the pollution index value for the emissions-compliant engine from Poulan?,1.0,1,1.0,1.0,1.0,1.0,1.0,320.79
crossdomain,proposed,111,What effects does frequent foot traffic have on the surface and look of vinyl floors in busy locations?,2.0,2-5,0.0,1.0,1.0,0.5,0.5,311.18
crossdomain,proposed,112,"Which individuals were present at the February 27, 2018 meeting with the Department of Planning and Environment about changes to the local environmental plan?",1.0,1,0.3333333333333333,0.6666666666666666,1.0,1.0,0.6805555555555555,325.99
crossdomain,proposed,113,What reasons allow the planned project in the R2 area to satisfy the width criteria for individual homes?,1.0,1,1.0,1.0,1.0,1.0,1.0,455.06
crossdomain,proposed,114,"In the study on wood engineering, which uses of LVL and PSL are outlined in specific global architectural sites such as a warehouse in Victoria, a stage entrance in Washington DC, and a school library in Australia?",1.0,1,0.3333333333333333,1.0,1.0,1.0,1.0,1211.21
crossdomain,proposed,115,What changes are planned for the Colnbrook River in the development projects located south of Richings Park?,1.0,1,1.0,1.0,1.0,1.0,1.0,300.49
crossdomain,proposed,116,What is the variation in time taken by the Block Lanczos (MFM) technique between the two computational models for analyzing different multi-storey buildings?,1.0,1,0.5,1.0,1.0,1.0,1.0,303.61
crossdomain,proposed,117,How does the damped link function within the outrigger and core framework of the Two International Finance Centre's skyscraper?,1.0,1,1.0,1.0,1.0,1.0,1.0,1078.31
crossdomain,proposed,118,"What is the quality reduction when three-quarters of pavement lifespan have passed, as indicated by the PCI?",1.0,1,1.0,1.0,1.0,1.0,1.0,352.33
crossdomain,proposed,119,Which type of window featuring curved upper sections is typical within Berwick's local architectural style?,1.0,1,0.5,1.0,1.0,1.0,1.0,296.29
crossdomain,proposed,120,What caused the distinct seepage problems in the Peygham-Chay dam abutments based on their permeability characteristics?,1.0,1,0.25,1.0,1.0,1.0,1.0,281.26
crossdomain,proposed,121,How is the scale defined for Dennis' design of the landscape at the Winn Residence?,1.0,1,0.5,0.5,1.0,1.0,0.6666666666666666,891.35
crossdomain,proposed,122,"In what ways do the flexibility and fire resistance of RC, SRC, S, and CFT structural types differ?",1.0,1,1.0,1.0,1.0,1.0,1.0,340.66
crossdomain,proposed,123,"During the National Night Out event related to Vision Derby's future plans, how were community members engaging with one another?",1.0,1,1.0,1.0,1.0,1.0,1.0,334.57
crossdomain,proposed,124,"In the context of the Constraint Bag Process Model, which loop type has the greatest 'ALTA' significance categorized under RED-RED?",1.0,1,1.0,1.0,1.0,1.0,1.0,338.18
crossdomain,proposed,125,"Which areas are set aside for foot traffic and public transport in the New Carrollton layout, mentioning elements like the continuing Pedestrian Bridge and MARC Platform?",1.0,1,1.0,1.0,1.0,1.0,1.0,940.5
crossdomain,proposed,126,Where in the Spire Indonesia report can information on what influences the lifespan of homes in Indonesia be located?,1.0,1,0.3333333333333333,0.6666666666666666,0.6666666666666666,1.0,1.0,586.61
crossdomain,proposed,127,Can you provide the size of the master sleeping area in the villa design detailed in Samaru Journal of Information Studies Vol. 7 (1) 2007?,1.0,1,1.0,1.0,1.0,1.0,1.0,351.5
crossdomain,proposed,128,How many drainage hoses are included with the model CMB-P1010V-G1 as per the provided items?,1.0,1,1.0,1.0,1.0,1.0,1.0,507.89
crossdomain,proposed,129,What is the difference in the walkability scores between Ward 28 and Ward 21 in Khulna City?,1.0,1,0.3333333333333333,1.0,1.0,1.0,1.0,306.1
crossdomain,proposed,130,What associations are covered by EFCA's European representation related to FIDIC?,1.0,1,1.0,1.0,1.0,1.0,1.0,304.34
crossdomain,proposed,131,How is the size relationship defined for the 1/4 Section 2530 map concerning land utilization in Portland?,5.0,2-5,0.0,0.5,1.0,0.2,0.2,904.32
crossdomain,proposed,132,How are IFC models linked with VIRTUOSO DYNAMIC ONTOLOGY within the BIM4EEB management framework?,1.0,1,1.0,1.0,1.0,1.0,1.0,411.96
crossdomain,proposed,133,Can you provide the detailed measurements for the tank shells used in the computational analysis?,1.0,1,0.5,1.0,1.0,1.0,1.0,312.89
crossdomain,proposed,134,Which conditions do not apply to the location at 1900 SW 4th Avenue regarding environmental and building hazards?,1.0,1,0.5,1.0,1.0,1.0,1.0,352.06
crossdomain,proposed,135,How are the panels configured in a machine-made gabion as detailed in the ASTM specification?,1.0,1,1.0,1.0,1.0,1.0,1.0,353.61
crossdomain,proposed,136,Who is tasked with guaranteeing emergency entry under the guidelines of Title 31 within the technical specifications summary?,,>10,0.0,0.0,0.0,0.0,0.0,335.26
crossdomain,proposed,137,Identify the reference details for the sewer consultation related to Greenside Recreation Fields submitted late December 2016.,1.0,1,0.5,1.0,1.0,1.0,1.0,296.66
crossdomain,proposed,138,"In the comparative reference layout related to the RELUIS initiative, what are the specified characteristics of velocities, densities, and damping ratios for the distinct layers?",1.0,1,1.0,1.0,1.0,1.0,1.0,300.79
crossdomain,proposed,139,How are the various slope characteristics designated from A to E in the geological survey of the ultrabasic rock region?,1.0,1,1.0,1.0,1.0,1.0,1.0,408.5
crossdomain,proposed,140,What goals are set for evaluating the effectiveness of the shotcrete compositions within the described project parameters?,1.0,1,0.5,1.0,1.0,1.0,0.75,433.82
crossdomain,proposed,141,What methods are used to assess polyurethane adhesive performance in steel and wood joint structures as outlined in Annex A?,2.0,2-5,0.0,1.0,1.0,0.5,0.5,298.1
crossdomain,proposed,142,How do the cycle counts vary for different peak loads when testing panels secured with screws under dynamic conditions?,1.0,1,0.5,1.0,1.0,1.0,1.0,303.96
crossdomain,proposed,143,"In shotcrete applications, how does the early compressive strength change when using a pozzolanic rheology control agent instead of silica fume, taking into account differences in surface area and particle dimensions?",1.0,1,0.25,1.0,1.0,1.0,0.8875,323.39
crossdomain,proposed,144,How have the employment figures and unemployment percentages shifted from mid-2018 to mid-2025 within the scope of transport and community services statistics?,,>10,0.0,0.0,0.0,0.0,0.0,2728.9
crossdomain,proposed,145,In what way does the configuration of the overload device pulley affect safety protocols during crane usage?,1.0,1,1.0,1.0,1.0,1.0,1.0,370.62
crossdomain,proposed,146,"Incorporating color image and color mask streams, what configuration reaches the minimal Euclidean distance under the medium rate of learning?",1.0,1,0.25,1.0,1.0,1.0,1.0,590.49
crossdomain,proposed,147,"For a model with 544,410 equations on a Pentium III machine, what is the difference in computation time between the MPCG_AMIS and Block Lanczos methods?",1.0,1,1.0,1.0,1.0,1.0,1.0,372.03
crossdomain,proposed,148,What symbol is used to illustrate the connection of StarNet's independent flooring groups in professional analyses?,1.0,1,1.0,1.0,1.0,1.0,1.0,506.8
crossdomain,proposed,149,How does the rapid 1/8000s shutter speed of the Hasselblad drone camera enhance the detection of archaeological elements?,1.0,1,0.5,1.0,1.0,1.0,0.8333333333333333,325.41
crossdomain,proposed,150,Which technique and GIS software are linked to the Constraint-Quadratic method described by Wood in 1996 for calculating slopes?,1.0,1,0.5,1.0,1.0,1.0,1.0,731.2
crossdomain,proposed,151,"In the 2021 study published in the ISPRS International Journal of Geo-Information, how accurate is the user’s detection of iron slag traces with SfM classification?",1.0,1,1.0,1.0,1.0,1.0,1.0,274.53
crossdomain,proposed,152,How does the peak load change with varying screw end distances in connections involving steel sheathings?,2.0,2-5,0.0,1.0,1.0,0.5,0.5,352.02
crossdomain,proposed,153,"In the context of the Midtown Santa Fe redevelopment, what objectives are prioritized for financial success and sustained value creation?",1.0,1,0.1111111111111111,0.5555555555555556,0.5555555555555556,1.0,1.0,342.94
crossdomain,proposed,154,What criteria does the Evenness assessment algorithm use to determine the status of line segments regarding their deviation limits?,1.0,1,1.0,1.0,1.0,1.0,1.0,273.08
crossdomain,proposed,155,"In Portland's land evaluation process, how does the Bureau of Environmental Services contribute within the agency feedback segment?",2.0,2-5,0.0,0.5,0.5,0.5,0.5,316.99
crossdomain,proposed,156,What is the location of the proposed replacement habitat in connection to the flood defense embankments near the hydropower plant at Brežice?,1.0,1,1.0,1.0,1.0,1.0,1.0,277.6
crossdomain,proposed,157,"How do the job categories such as professionals, administrators, sales, and others compare in terms of very unsatisfactory workstation satisfaction levels?",1.0,1,1.0,1.0,1.0,1.0,1.0,322.09
crossdomain,proposed,158,Which minerals predominantly make up the structure of granite according to the composition chart?,1.0,1,1.0,1.0,1.0,1.0,1.0,418.27
crossdomain,proposed,159,"In the materials by Morley Glass & Glazing, what organization is associated with the Perfect Fit® roller blind?",1.0,1,1.0,1.0,1.0,1.0,1.0,365.08
crossdomain,proposed,160,How does temperature variation affect the complex modulus of standard versus nano-enhanced bitumen according to the research?,1.0,1,1.0,1.0,1.0,1.0,1.0,298.62
crossdomain,proposed,161,"In the analysis provided, what benefit is anticipated when SHM is not utilized after three decades?",1.0,1,1.0,1.0,1.0,1.0,1.0,296.63
crossdomain,proposed,162,Identify the components and amounts in the proposed shotcrete mix that includes TYTRO® RC 430 as an additive.,1.0,1,0.5,1.0,1.0,1.0,0.75,324.7
crossdomain,proposed,163,"What conclusions were drawn from the panel's February 27, 2018, inspection and discussions on the proposed lot division at 2 Inverary Drive, Kurmond?",1.0,1,0.3333333333333333,0.6666666666666666,0.6666666666666666,1.0,1.0,320.49
crossdomain,proposed,164,What was the reason for failing to complete the submission of the 2017 Mid Term Evaluation Report to KfW?,1.0,1,1.0,1.0,1.0,1.0,1.0,378.51
crossdomain,proposed,165,Which individual holds the position of Staff Engineer in the structural assessment documentation by Stork Twin City?,1.0,1,1.0,1.0,1.0,1.0,1.0,316.56
crossdomain,proposed,166,Which machinery is usually employed to clear snow on River Street during December 2008 as depicted?,1.0,1,1.0,1.0,1.0,1.0,1.0,576.38
crossdomain,proposed,167,"How do the components vary between the reference and proposed mixtures, where the latter incorporates a pozzolanic-based rheology control element, given a 0.46 w/c ratio?",2.0,2-5,0.0,0.5,1.0,0.5,0.375,310.38
crossdomain,proposed,168,How are the rules defined in sections 33.654.130.B and 33.654.130.C concerning current and future dead-end street links?,2.0,2-5,0.0,1.0,1.0,0.5,0.5,316.06
crossdomain,proposed,169,Can you list the roads scheduled for repair in the village's 2021 concrete program?,1.0,1,1.0,1.0,1.0,1.0,1.0,340.11
crossdomain,proposed,170,What specific guidelines and documents pertain to the flood plain and Building Code Title 24 within the proposal?,6.0,6-10,0.0,0.0,1.0,0.16666666666666666,0.19444444444444442,348.21
crossdomain,proposed,171,"In the context of rubberised bitumen, what specifications and contaminant limits are set for crumb rubber?",1.0,1,1.0,1.0,1.0,1.0,1.0,302.8
crossdomain,proposed,172,In what ways do the time history curves for nodal coordinates vary between dynamic and static conditions during the deployment of the CTS cable dome?,,>10,0.0,0.0,0.0,0.0,0.0,277.14
crossdomain,proposed,173,How many nations are recipients of IntechOpen's distributed publications?,1.0,1,1.0,1.0,1.0,1.0,1.0,803.6
crossdomain,proposed,174,In what manner do attendees engage with the displayed materials at the Vision Derby 2040 community event?,1.0,1,1.0,1.0,1.0,1.0,1.0,591.21
crossdomain,proposed,175,"Based on the RF classifier's confusion matrix, what is the count of TH construction types that were correctly identified?",1.0,1,0.3333333333333333,0.6666666666666666,0.6666666666666666,1.0,0.8333333333333333,282.92
crossdomain,proposed,176,"In Fig. A1, what size is the rubber component utilized in assembling the specimen for prolonged stress evaluation?",1.0,1,1.0,1.0,1.0,1.0,1.0,313.92
crossdomain,proposed,177,How did the erosion and accretion trends differ in the northern and southern parts of the Gialos shoreline from 1945 to 1972 compared to 1972 to 2000?,1.0,1,1.0,1.0,1.0,1.0,1.0,326.88
crossdomain,proposed,178,What were the trends in employment and unemployment rates from mid-2020 to mid-2023 based on the dataset spanning from mid-2018 to mid-2025?,,>10,0.0,0.0,0.0,0.0,0.0,301.06
crossdomain,proposed,179,For what reason was a scale of 1 inch equals 200 feet chosen for the design of Section 3825 in project LU 08-109725 LDP?,2.0,2-5,0.0,0.2,0.4,0.5,0.41666666666666663,297.84
crossdomain,proposed,180,Can you identify the criteria from the code chapters that do not apply because of the site's characteristics and proposal details?,,>10,0.0,0.0,0.0,0.0,0.0,325.26
crossdomain,proposed,181,What effect do changes in stud thickness and screw diameter have on the shear strength of screw connections as per the modeling outcomes?,1.0,1,0.2,0.8,1.0,1.0,0.9428571428571428,323.19
crossdomain,proposed,182,Identify the person acting as the representative for the subdivision project located at 13035 NE Oregon Street.,1.0,1,1.0,1.0,1.0,1.0,1.0,297.97
crossdomain,proposed,183,"How much is the projected expense for the 2008 PG Plaza Midblock Crossing initiative, and which activities contribute to this amount?",1.0,1,0.25,0.75,0.75,1.0,0.9166666666666666,328.94
crossdomain,proposed,184,"During the May 3, 2021 Limestone County Commission meeting, to which entity was the SMART Board with serial SBB885-M2-B002848 assigned?",1.0,1,1.0,1.0,1.0,1.0,1.0,345.09
crossdomain,proposed,185,Which documents comprise the applicant's declaration in the land use review from the year 2104?,5.0,2-5,0.0,0.5,0.5,0.2,0.2,311.9
crossdomain,proposed,186,"In the context of the BIM4EEB Project, how does the ontology within the BIM management system enable connections between resources and entities?",1.0,1,1.0,1.0,1.0,1.0,1.0,908.03
crossdomain,proposed,187,"How do the predicted construction types compare with the reference categories in terms of misclassification rates for S-DH, TH, and MFH?",1.0,1,0.3333333333333333,0.6666666666666666,0.6666666666666666,1.0,1.0,324.82
crossdomain,proposed,188,How does the activity of Montmorillonite differ from Illite in the clay samples from Glee Geunteng hill?,1.0,1,0.5,1.0,1.0,1.0,1.0,334.47
crossdomain,proposed,189,Which construction techniques or materials are identified for building a gravity oil-grit separator that includes a precast iron frame?,1.0,1,1.0,1.0,1.0,1.0,1.0,496.39
crossdomain,proposed,190,What were the scheduled months for the new FMC's formation and training for the 2018 IGFs as outlined in the yearly summary?,1.0,1,1.0,1.0,1.0,1.0,1.0,315.26
crossdomain,proposed,191,How are the components logically connected in the load structure depicted?,1.0,1,1.0,1.0,1.0,1.0,1.0,467.85
crossdomain,proposed,192,Which beam spread degrees are offered for different lighting fixtures as per technical details?,1.0,1,1.0,1.0,1.0,1.0,1.0,586.46
crossdomain,proposed,193,"How does the blending moments difference change in percentage when the pliantness parameter is 1.00, moving from point 4 to point 10?",2.0,2-5,0.0,1.0,1.0,0.5,0.5,305.22
crossdomain,proposed,194,"Which protective elements, like pedestrian barriers, are found in the New Carrollton station's layout plan?",2.0,2-5,0.0,1.0,1.0,0.5,0.5,573.97
crossdomain,proposed,195,"In the shear strength evaluation, what are the load ratio extremes and cycle counts for tests involving sinusoidal loading?",1.0,1,0.5,1.0,1.0,1.0,1.0,910.03
crossdomain,proposed,196,What are the differences in sensor pressure values between the configurations involving Pipe CD and Pipe DE?,1.0,1,1.0,1.0,1.0,1.0,1.0,336.54
crossdomain,proposed,197,What were the key points and topics discussed during the Vision Derby 2040 community meeting?,1.0,1,1.0,1.0,1.0,1.0,1.0,701.77
crossdomain,proposed,198,Which part in the KROLL GIANT CRANES setup is responsible for avoiding excessive load?,1.0,1,1.0,1.0,1.0,1.0,1.0,471.76
crossdomain,proposed,199,What checks should be performed for the chainsaw before each operation?,1.0,1,0.5,1.0,1.0,1.0,1.0,286.0
crossdomain,proposed,200,During which hours and at which locations can used beverage containers be left at the BOAA's collection event?,1.0,1,1.0,1.0,1.0,1.0,1.0,318.48
crossdomain,proposed,201,How effective is Automize's latest service portal application in terms of automation success with ServiceNow?,1.0,1,1.0,1.0,1.0,1.0,1.0,348.88
crossdomain,proposed,202,Which types of insurance associated with life risk are organized by Futuro?,1.0,1,1.0,1.0,1.0,1.0,1.0,629.96
crossdomain,proposed,203,"In the CTM system, what are the current status and deadline for the task labeled 'check availability: semifinished goods'?",1.0,1,1.0,1.0,1.0,1.0,1.0,1204.95
crossdomain,proposed,204,"According to the quick guide, what key functionalities are highlighted for the Avaya 3720 DECT Telephone?",1.0,1,0.14285714285714285,0.7142857142857143,1.0,1.0,1.0,323.73
crossdomain,proposed,205,What prompted Citizens to seek revised pricing for First Notice of Loss and basic support calls amidst current market fluctuations?,1.0,1,0.3333333333333333,1.0,1.0,1.0,0.8055555555555555,283.06
crossdomain,proposed,206,How do spam filters' (1-ROCA)% values distribute according to the patterns observed in the 2005 TREC evaluation?,1.0,1,1.0,1.0,1.0,1.0,1.0,319.43
crossdomain,proposed,207,"What shifts occurred in the Canadian financial resilience index from early 2020 to early 2021, and how did this affect the emotional state of financially at-risk groups?",1.0,1,0.25,1.0,1.0,1.0,1.0,285.46
crossdomain,proposed,208,Which issues and error explanations are specified in the CC408 user manual by Bosch Security Systems?,1.0,1,0.25,0.75,1.0,1.0,0.8541666666666666,268.82
crossdomain,proposed,209,"How does the COVID-19 Safety Marshal ensure the implementation of Aligned Leisure's protocols, specifically regarding the arrangement of worker groups to prevent overlap?",1.0,1,0.5,1.0,1.0,1.0,1.0,355.34
crossdomain,proposed,210,On what day did Calero's analytics indicate the highest number of calls?,1.0,1,1.0,1.0,1.0,1.0,1.0,282.87
crossdomain,proposed,211,What are the prior requirements needed for the Animal Science and Coin Collecting badges before the sessions?,1.0,1,0.25,1.0,1.0,1.0,0.95,303.01
crossdomain,proposed,212,In what ways do the intended audiences of the APHIS initiative contrast with those targeted by the World Bank project?,,>10,0.0,0.0,0.0,0.0,0.0,627.24
crossdomain,proposed,213,"In the Dependable and Secure Computing document, what is the percentage of users who refused the 'Publish to Stream' option in the Firefox add-on?",1.0,1,1.0,1.0,1.0,1.0,1.0,288.22
crossdomain,proposed,214,How does the highest level of concurrency vary in the BPMN process for hiring employees?,2.0,2-5,0.0,1.0,1.0,0.5,0.5,327.49
crossdomain,proposed,215,"How did households identified as 'Extremely Vulnerable' adjust their behaviors amidst the pandemic, and what was the impact on their financial resilience ratings in 2020?",1.0,1,0.25,1.0,1.0,1.0,1.0,301.22
crossdomain,proposed,216,Where can you find the segment that deals with resolving device issues?,,>10,0.0,0.0,0.0,0.0,0.0,652.16
crossdomain,proposed,217,How is the process of Design Thinking structured as outlined in Müller-Roterberg's guide?,1.0,1,0.5,1.0,1.0,1.0,1.0,372.33
crossdomain,proposed,218,"Can you detail the sequence of actions for the 'order set items' task instance initiated on February 25, 2008, with the identifier 2008-02-25_11:04:25_+01:00_md:83?",2.0,2-5,0.0,1.0,1.0,0.5,0.5,288.98
crossdomain,proposed,219,How many upvotes did the Reddit post receive regarding the request for a girlfriend to limit her wide smile in pictures?,1.0,1,1.0,1.0,1.0,1.0,1.0,284.13
crossdomain,proposed,220,"In the MaxCS 9.0.1 release, how many characters are required at minimum for a password to access the lock extension?",1.0,1,1.0,1.0,1.0,1.0,1.0,265.26
crossdomain,proposed,221,In what way does LA Express Park employ data from numerous smart meters to guide its parking services?,3.0,2-5,0.0,1.0,1.0,0.3333333333333333,0.3333333333333333,292.37
crossdomain,proposed,222,"On June 30, 2015, what directories could be retrieved using the Barracuda Cloud-to-Cloud service?",1.0,1,0.5,1.0,1.0,1.0,1.0,1788.95
crossdomain,proposed,223,What methods are used to evaluate client requirements in advisory services for both life insurance and accident and sickness insurance?,1.0,1,0.3333333333333333,1.0,1.0,1.0,1.0,596.48
crossdomain,proposed,224,In what ways does adopting an automation-driven modular content approach enhance supply chain efficiency and marketing strategies in healthcare?,1.0,1,0.25,1.0,1.0,1.0,1.0,365.96
crossdomain,proposed,225,"In the Hotmail study, what fraction of the users possessing profiles make up the candidate group?",1.0,1,1.0,1.0,1.0,1.0,1.0,413.51
crossdomain,proposed,226,"How did the tourism revenue growth rate in Kenya evolve between 1998 and 2011, based on data from the Kenya National Bureau of Statistics?",1.0,1,1.0,1.0,1.0,1.0,1.0,561.94
crossdomain,proposed,227,In what way does the connection of cognitive capabilities and machine learning elements influence the functioning of reporting interfaces in the cloud architecture discussed?,1.0,1,1.0,1.0,1.0,1.0,1.0,419.3
crossdomain,proposed,228,What was the alteration in overall operating expenses for GreenTree Hospitality Group Ltd. from the end of March 2019 to the end of March 2020 as detailed in their financial results?,1.0,1,0.25,0.75,0.75,1.0,0.9166666666666666,729.17
crossdomain,proposed,229,Which state's emblem in Australia prominently includes a black swan?,1.0,1,1.0,1.0,1.0,1.0,1.0,709.13
crossdomain,proposed,230,What is the difference in linguistic variety between the original and CoCo-generated test datasets based on distinct n-gram measurements?,1.0,1,0.3333333333333333,1.0,1.0,1.0,1.0,417.71
crossdomain,proposed,231,What neural components are identified in the Change Quest™ Model as part of the transformation process?,1.0,1,1.0,1.0,1.0,1.0,1.0,381.14
crossdomain,proposed,232,"In the database example, how do the employee start dates for Marketing differ from those in Shipping?",1.0,1,1.0,1.0,1.0,1.0,1.0,2267.3
crossdomain,proposed,233,What fraction of participants expressed full satisfaction regarding adherence to the course syllabus?,1.0,1,0.5,1.0,1.0,1.0,0.8333333333333333,1813.73
crossdomain,proposed,234,What is the name of the Sentosa SG50 deal featuring both the Butterfly Park & Insect Kingdom and a one-hour Gogreen Bi-Pedal Bicycle experience?,1.0,1,1.0,1.0,1.0,1.0,1.0,1021.95
crossdomain,proposed,235,Could you provide the current state and completion percentage for the task identified by 2008-02-25_11:04:25_+01:00_md:83 within the workflow history?,1.0,1,1.0,1.0,1.0,1.0,1.0,1053.6
crossdomain,proposed,236,What are the suggested enhancements for guest experiences at the Wine Dine Macau event?,1.0,1,1.0,1.0,1.0,1.0,1.0,1818.53
crossdomain,proposed,237,What connector links a computer to a LAN of the Ethernet variety?,1.0,1,0.3333333333333333,0.6666666666666666,0.6666666666666666,1.0,0.8333333333333333,683.43
crossdomain,proposed,238,"Which social networks are commonly utilized by charitable organizations for their digital strategy enhancements, based on 2019 trends?",8.0,6-10,0.0,0.0,1.0,0.125,0.125,712.29
crossdomain,proposed,239,What is the reason for the nursery's improved cleaning routine for its furnishings and playthings?,1.0,1,0.3333333333333333,1.0,1.0,1.0,1.0,344.33
crossdomain,proposed,240,What challenges might be encountered with deploying MobilePBX™ through group policy and how can these be addressed?,1.0,1,0.16666666666666666,0.8333333333333334,1.0,1.0,1.0,504.8
crossdomain,proposed,241,Can you list the step-by-step tasks outlined in version 4 of the BPMN for recruiting a new staff member?,1.0,1,0.5,1.0,1.0,1.0,1.0,1608.51
crossdomain,proposed,242,Identify the earliest job commencement linked to department ID=20.,5.0,2-5,0.0,1.0,1.0,0.2,0.2,715.75
crossdomain,proposed,243,"In Coombs' 2007b SCCT model, what effect does assigning 'crisis responsibility' have on the perception of an organization's reputation?",1.0,1,1.0,1.0,1.0,1.0,1.0,380.18
crossdomain,proposed,244,What are the differences in latency from NYC to other areas within the DirectCLOUD infrastructure based on service metrics?,1.0,1,0.5,1.0,1.0,1.0,1.0,1158.42
crossdomain,proposed,245,"What are the variations in calculating coverage and premiums for accident and sickness insurance versus life insurance, taking into account client requirements and suggested plans?",1.0,1,0.3333333333333333,1.0,1.0,1.0,1.0,1176.57
crossdomain,proposed,246,"How do the authoring-centered and automation-centered strategies for modular content differ in the healthcare sector, especially regarding their effects on the transformation of the content supply chain from manual to automated processes?",1.0,1,0.25,1.0,1.0,1.0,1.0,429.69
crossdomain,proposed,247,How much time does it take to process visa applications in the hiring workflow described using BPMN?,2.0,2-5,0.0,1.0,1.0,0.5,0.5,324.58
crossdomain,proposed,248,Which certification concerning HR practices is highlighted in the guidance created by the Local Government Association and the Improvement and Development Agency?,1.0,1,1.0,1.0,1.0,1.0,1.0,304.26
crossdomain,proposed,249,"During a security breach in a smart home setup with a video camera, where does the infection originate according to the Mirai botnet example?",1.0,1,1.0,1.0,1.0,1.0,1.0,472.73
crossdomain,proposed,250,"How does the Bosch codepad communicate through sounds, and what do these sounds signify?",1.0,1,0.5,1.0,1.0,1.0,0.7,298.09
crossdomain,proposed,251,How does 'P-tracking' function within the World Bank’s Social Observatory initiative in Tamil Nadu?,4.0,2-5,0.0,1.0,1.0,0.25,0.25,421.2
crossdomain,proposed,252,"Can you detail the planned activities for the Iowa UPMA State Convention on April 23, 2021, at Mercy/Winslow?",1.0,1,0.25,1.0,1.0,1.0,1.0,780.68
crossdomain,proposed,253,How much of the REGIONS table is covered in the context of the Query Aware Shrink tool's data reduction?,1.0,1,1.0,1.0,1.0,1.0,1.0,702.09
crossdomain,proposed,254,"What influence did changes in SQL query coverage have on the percentage decrease in the HR database, as noted in the detailed query coverage information?",2.0,2-5,0.0,1.0,1.0,0.5,0.5,808.78
crossdomain,proposed,255,"Which individuals and subjects are featured at the Iowa UPMA State Convention on the morning of April 24, 2021?",1.0,1,0.25,1.0,1.0,1.0,1.0,3231.08
crossdomain,proposed,256,Which activities and icons are linked with the 2014 GoogleServe event's emblem?,1.0,1,1.0,1.0,1.0,1.0,1.0,300.96
crossdomain,proposed,257,What is the percentage of students who favor retrieving library content online in relation to other digital services offered by the college?,1.0,1,0.5,1.0,1.0,1.0,1.0,2203.69
crossdomain,proposed,258,"According to the 2017 Global NGO Technology Report, how many email subscribers do large NGOs typically have on average?",1.0,1,1.0,1.0,1.0,1.0,1.0,308.4
crossdomain,proposed,259,How does the symbol with an outreaching hand and a butterfly reflect the mission of Bereaved Parents of the USA?,1.0,1,1.0,1.0,1.0,1.0,1.0,340.16
crossdomain,proposed,260,"What is the name of the award given to entities noted for prioritizing workforce investment, symbolized with a wreath?",,>10,0.0,0.0,0.0,0.0,0.0,340.69
crossdomain,proposed,261,"In the context of Bosch's system, what is indicated when the FAULT light blinks?",1.0,1,0.5,1.0,1.0,1.0,0.7,701.21
crossdomain,proposed,262,In what manner does the development of an elaborate business function model follow from the initial analysis stage?,1.0,1,1.0,1.0,1.0,1.0,1.0,399.54
crossdomain,proposed,263,Which educational and resource initiatives are outlined by the Minister for accessibility in Manitoba for the fiscal years 2021/22 and 2022/23?,1.0,1,0.2,0.8,0.8,1.0,1.0,360.7
crossdomain,proposed,264,"At the McDixon Apple Orchard, how does water flow from the area with Container Shrubs towards the water purification section?",1.0,1,1.0,1.0,1.0,1.0,1.0,349.38
crossdomain,proposed,265,How many Instagram followers do large non-governmental organizations typically have based on the 2017 Global NGO Technology Report?,1.0,1,0.5,1.0,1.0,1.0,1.0,2119.71
crossdomain,proposed,266,What is the reason for disabling the METRIXUSAGE function in certain roles due to concerns about database expansion affecting system efficiency?,1.0,1,0.5,1.0,1.0,1.0,1.0,385.62
crossdomain,proposed,267,What are the Office 365 components that remain unbacked according to the Cloud-to-Cloud sources from Barracuda's technical overview?,1.0,1,0.5,1.0,1.0,1.0,1.0,314.93
crossdomain,proposed,268,Which sessions are planned for the mid-July Wednesday in the ASAT summer schedule at Chapel Haven?,1.0,1,0.25,0.75,1.0,1.0,0.9166666666666666,767.11
crossdomain,proposed,269,"What is the number of individuals allowed to participate in the Excellence Roundtable for the second pricing level of $15,000?",6.0,6-10,0.0,0.0,1.0,0.16666666666666666,0.16666666666666666,4000.44
crossdomain,proposed,270,In which specific settings within medical facilities is the 'yewdale Harrier' found to be appropriate?,1.0,1,1.0,1.0,1.0,1.0,1.0,320.69
crossdomain,proposed,271,"How are engagement levels distributed among the groups of users with profiles, queries, and candidates totaling 151 million, 32 million, and 11 million respectively?",1.0,1,1.0,1.0,1.0,1.0,1.0,576.5
crossdomain,proposed,272,How does the fourth stage differ from the third in the Employee Experience maturity framework described by The Josh Bersin Company?,1.0,1,1.0,1.0,1.0,1.0,1.0,560.09
crossdomain,proposed,273,What is the personnel-focused certification cited in the framework provided by the LGA and IDeA?,1.0,1,1.0,1.0,1.0,1.0,1.0,328.39
crossdomain,proposed,274,"In what ways do the Public Speaking and Animal Science merit badges contribute to skill growth in Scouts BSA, and what preparation must be done beforehand for these activities?",1.0,1,0.5,1.0,1.0,1.0,1.0,367.37
crossdomain,proposed,275,"Which activities, including categories like Working and Leisure, are monitored by users in the Happimeter application?",1.0,1,1.0,1.0,1.0,1.0,1.0,361.93
crossdomain,proposed,276,How does incrementally updating the classifier with both spam and ham messages affect spam error rates over ten months?,1.0,1,1.0,1.0,1.0,1.0,1.0,299.73
crossdomain,proposed,277,Can you list the specific times recorded for the task 'order set items' within the process shipment sequence from February to March 2008?,1.0,1,1.0,1.0,1.0,1.0,1.0,303.06
crossdomain,proposed,278,What impact did utilizing the filtering and sorting features have on the sensitivity to pricing and rating during booking in the used scenario within Condition 2b?,1.0,1,0.3333333333333333,1.0,1.0,1.0,0.7000000000000001,301.42
crossdomain,proposed,279,Which fabrics are advised by NSW Health for safeguarding against insects like mosquitoes and ticks?,1.0,1,0.5,1.0,1.0,1.0,0.7,280.94
crossdomain,proposed,280,"What reasons necessitate calling the installer for service related to wireless devices, and what is the method to add more user codes for handling the system?",1.0,1,0.16666666666666666,0.3333333333333333,0.3333333333333333,1.0,1.0,307.07
crossdomain,proposed,281,"What is the efficiency of using blacklists and additional checks to decrease spam, and how do delay strategies affect the processing of legitimate and spam emails in a corporation's email infrastructure?",1.0,1,0.3333333333333333,1.0,1.0,1.0,1.0,535.23
crossdomain,proposed,282,"From the start of the year until mid-year, what are the major initiatives for chapter growth, such as building the team and engaging with community partners?",1.0,1,0.5,1.0,1.0,1.0,1.0,325.87
crossdomain,proposed,283,How do the qualitative approaches of the World Bank researchers in India differ from those used by LA Express Park in California?,1.0,1,1.0,1.0,1.0,1.0,1.0,314.71
crossdomain,proposed,284,"How many individuals rely on online resources to locate places to stay, eat, and visit while traveling?",1.0,1,1.0,1.0,1.0,1.0,1.0,582.01
crossdomain,proposed,285,What trend is observed in the number of clients required for balance as Cr values change in the scenario of recurring tour cancellations?,1.0,1,0.5,1.0,1.0,1.0,1.0,362.44
crossdomain,proposed,286,"By what percentage did the total income drop for GreenTree Hospitality's hotels, both leased-and-operated and franchised-and-managed, between March 31, 2019, and March 31, 2020?",1.0,1,0.2,0.8,0.8,1.0,1.0,403.94
crossdomain,proposed,287,What features define the product setup of Yewdale Vitesse that utilizes a purple theme?,1.0,1,1.0,1.0,1.0,1.0,1.0,307.06
crossdomain,proposed,288,Can you provide the code and most recent evaluation date for Tetra Tech's safeguarding document?,1.0,1,0.5,1.0,1.0,1.0,1.0,344.22
crossdomain,proposed,289,How does the proportion of language-sharing user pairs change according to the ASP and affinity evaluations in Figure 7?,1.0,1,0.5,1.0,1.0,1.0,1.0,279.22
crossdomain,proposed,290,How do the unique n-gram ratio values compare for language diversity between the Ori-test and CoCo-test datasets?,1.0,1,0.3333333333333333,1.0,1.0,1.0,0.8666666666666667,335.37
crossdomain,proposed,291,"In the visuals associated with 'Yewdale Harrier,' what is the main environment portrayed?",1.0,1,1.0,1.0,1.0,1.0,1.0,284.6
crossdomain,proposed,292,What culinary tasks are the helpers involved in to assist the elderly group in Burin - St. Patrick’s Parish?,1.0,1,1.0,1.0,1.0,1.0,1.0,899.24
crossdomain,proposed,293,Which guidelines must parents adhere to when parking at the school for safety and community courtesy?,1.0,1,0.5,1.0,1.0,1.0,0.75,294.64
crossdomain,proposed,294,"In examining the K-Subsets results, what are the differences in top and bottom mean percentages of 1-ROCA for the dataset from SpamAssassin?",1.0,1,1.0,1.0,1.0,1.0,1.0,360.05
crossdomain,proposed,295,When can items be dropped off for the BOAA's recycling event?,1.0,1,1.0,1.0,1.0,1.0,1.0,526.3
crossdomain,proposed,296,What are the platforms configured for online backup in the Technical Marketing cloud-to-cloud section?,2.0,2-5,0.0,1.0,1.0,0.5,0.5,1447.75
crossdomain,proposed,297,"In the context of the study published in Vol. 12, No. 6 of the International Journal of Advanced Computer Science and Applications, what variations are observed in the precision, recall, and F-score metrics when comparing the Support Vector Machines and Decision Tree algorithms across STC, Mobily, and Zain?",1.0,1,0.3333333333333333,1.0,1.0,1.0,1.0,635.11
crossdomain,proposed,298,What is the customer count for Automize's recently launched portal application?,1.0,1,1.0,1.0,1.0,1.0,1.0,618.57
crossdomain,proposed,299,Can you provide the job identifier and current state for the Test Workplace - Pledge Response Report created on 26th May 2021?,1.0,1,0.3333333333333333,1.0,1.0,1.0,1.0,843.74
crossdomain,proposed,300,What distinguishes the Transformative Approach from the Additive Approach in multicultural education regarding curriculum modifications and the perspectives taught?,1.0,1,1.0,1.0,1.0,1.0,1.0,725.26
crossdomain,proposed,301,Identify the Unicode designation for the uppercase Greek letter eta.,1.0,1,0.3333333333333333,1.0,1.0,1.0,1.0,675.66
crossdomain,proposed,302,"In Brad Bell’s design studios, what fundamental elements make up the repetitive systems in digital fabrication methods?",1.0,1,1.0,1.0,1.0,1.0,1.0,633.68
crossdomain,proposed,303,"In the study, what relationship is observed between the error compared to the practice target and the average pitch error during transfer, as shown by an R Squared of 0.476?",1.0,1,1.0,1.0,1.0,1.0,1.0,704.4
crossdomain,proposed,304,What causes some to interpret religious messages in a way that emphasizes hidden meanings and aligns with hyper faith concepts?,1.0,1,0.3333333333333333,1.0,1.0,1.0,0.9166666666666666,1262.71
crossdomain,proposed,305,"How does the Social Action Approach, according to Cumming-McCann, enhance multicultural education by involving students in addressing societal issues?",1.0,1,1.0,1.0,1.0,1.0,1.0,609.83
crossdomain,proposed,306,How does the duration above the reward level change over neurofeedback periods based on the analysis in the Asia Pacific Journal of Neurotherapy?,1.0,1,1.0,1.0,1.0,1.0,1.0,1117.51
crossdomain,proposed,307,Can you provide the ISSN for the Environmental Protection journal from SCIRP?,1.0,1,1.0,1.0,1.0,1.0,1.0,872.68
crossdomain,proposed,308,"How many confirmed cases of the virus were reported in Japan by February 6, 2020?",2.0,2-5,0.0,1.0,1.0,0.5,0.5,796.52
crossdomain,proposed,309,"In the context of the English system, which unit is used to measure kinematic viscosity as outlined in the dimensions chart?",1.0,1,1.0,1.0,1.0,1.0,1.0,788.5
crossdomain,proposed,310,"In the Sustainable Design & Systems Medicine Lab's resources, how is the Sustainable Process Index quantified?",1.0,1,1.0,1.0,1.0,1.0,1.0,1115.71
crossdomain,proposed,311,"How do the probability patterns for events X1, X2, X3, and X4 appear when employing multinomial sampling, considering combinations such as p12 and p1234?",1.0,1,0.5,1.0,1.0,1.0,1.0,408.26
crossdomain,proposed,312,What is the number of visual representations provided by the US Treasury Dept. in comparison to the World Health Organization based on the taxonomy?,2.0,2-5,0.0,1.0,1.0,0.5,0.5,849.12
crossdomain,proposed,313,Which volume and issue of the 'Journal of Environmental Protection' from SCIRP corresponds to the release in February 2014?,1.0,1,1.0,1.0,1.0,1.0,1.0,307.22
crossdomain,proposed,314,Can you provide the average score and consistency measure for the Raven Advanced test from the statistical data?,1.0,1,1.0,1.0,1.0,1.0,1.0,394.46
crossdomain,proposed,315,Identify the Unicode code U+0025 and its associated name for the symbol denoting a percentage.,1.0,1,0.3333333333333333,1.0,1.0,1.0,1.0,907.23
crossdomain,proposed,316,How are force and pressure measured in terms of dimensions and preferred units in S.I. and E.S. standards in the provided physics data?,1.0,1,1.0,1.0,1.0,1.0,1.0,391.77
crossdomain,proposed,317,Can you provide the teaching time for Instructor D in the adaptable classroom setup?,1.0,1,1.0,1.0,1.0,1.0,1.0,3076.58
crossdomain,proposed,318,"In the S.I. and E.S. systems, what are the dimensions and units used to express mass?",1.0,1,1.0,1.0,1.0,1.0,1.0,326.85
crossdomain,proposed,319,"In the context of Outcome Based Education, what categories of learning preferences are recognized?",1.0,1,1.0,1.0,1.0,1.0,1.0,281.65
crossdomain,proposed,320,How does the money collected by St. Barbara since July 1st compare to the planned figures?,1.0,1,0.5,0.5,0.5,1.0,1.0,278.04
crossdomain,proposed,321,Which year marks the initial publication of the earliest novel in the list of works associated with the Carnation Revolution?,1.0,1,0.5,1.0,1.0,1.0,1.0,498.72
crossdomain,proposed,322,How do the cavalry figures differ between the French and Prussian armies in terms of representation during the Waterloo engagement?,1.0,1,1.0,1.0,1.0,1.0,1.0,490.07
crossdomain,proposed,323,"How many educators completely concur that students in diverse classrooms are more receptive to new social ideas, based on research from 2021 in a sociology journal?",1.0,1,1.0,1.0,1.0,1.0,1.0,264.45
crossdomain,proposed,324,Who supported the 'Speed Is No Game' effort financially?,1.0,1,1.0,1.0,1.0,1.0,1.0,378.78
crossdomain,proposed,325,Which natural and man-made landmarks are indicated close to Encino Park on the 1985 topographic chart of a Texan city?,1.0,1,1.0,1.0,1.0,1.0,1.0,326.06
crossdomain,proposed,326,"What does the research by Nabirye, de Schryver, and Verhoeven reveal about the differences between Lusoga's sound transcriptions and written forms?",1.0,1,0.5,1.0,1.0,1.0,1.0,3654.01
crossdomain,proposed,327,How does the Social Action Approach extend beyond the Transformative Approach in Allison Cumming-McCann's framework for multicultural teaching methods?,1.0,1,1.0,1.0,1.0,1.0,1.0,1423.09
crossdomain,proposed,328,"In the early 1900s, what were the measurements of the Winged Box kite utilized by Mr. Barton during British contests?",1.0,1,1.0,1.0,1.0,1.0,1.0,708.22
crossdomain,proposed,329,Identify the character for U+002A in Unicode and describe its alternative forms as shown.,1.0,1,0.3333333333333333,1.0,1.0,1.0,1.0,319.65
crossdomain,proposed,330,How are the z-scores distributed for 'Can obtain beverages at school' across the different models of obesity risk classes?,2.0,2-5,0.0,1.0,1.0,0.5,0.5,397.84
crossdomain,proposed,331,What causes the variation in PSC response between tactile and auditory stimuli in blind individuals in the first experiment?,1.0,1,1.0,1.0,1.0,1.0,1.0,302.31
crossdomain,proposed,332,What are the differences in years of experience between those who can and cannot perform the L-sit Cross position on the Spanish national gymnastics team?,1.0,1,1.0,1.0,1.0,1.0,1.0,275.29
crossdomain,proposed,333,What are the typical teacher responses when students struggle to answer in English language assessments?,1.0,1,1.0,1.0,1.0,1.0,1.0,337.22
crossdomain,proposed,334,How can learners connect new knowledge to what they already know in an adult education setting?,1.0,1,1.0,1.0,1.0,1.0,1.0,325.24
crossdomain,proposed,335,Who is the educator assigned to the 12:20 time slot in the traditional setting?,7.0,6-10,0.0,0.0,1.0,0.14285714285714285,0.14285714285714285,297.97
crossdomain,proposed,336,"In what ways can a lack of comprehension of the historical cultural context, like in Matt 19:24 or Rev 3:8, lead to incorrect interpretations of the Bible?",1.0,1,0.3333333333333333,1.0,1.0,1.0,1.0,480.83
crossdomain,proposed,337,"Between maintaining a stable position and executing techniques while balanced, which action is more frequently used by Thai fighters than UK fighters based on the model?",1.0,1,1.0,1.0,1.0,1.0,1.0,385.95
crossdomain,proposed,338,"From which group did the highest quantity of visual content originate, focusing on academic sources?",2.0,2-5,0.0,1.0,1.0,0.5,0.5,327.27
crossdomain,proposed,339,"Who are the writers whose publications from the 1980s appear in the collection of stories about the Carnation Revolution noted in the Journal of Social Science Education, Spring 2015?",1.0,1,0.5,1.0,1.0,1.0,1.0,617.39
crossdomain,proposed,340,"Based on the IOJET 2021 study, which methods for assessing homework are employed by over five educators?",1.0,1,1.0,1.0,1.0,1.0,1.0,481.32
crossdomain,proposed,341,"What is the duration in days between when COVID-19 was identified and February 14, 2020, based on the data provided?",3.0,2-5,0.0,1.0,1.0,0.3333333333333333,0.3333333333333333,326.26
crossdomain,proposed,342,"Among Year 10 students uncertain about their school work being marked constructively, what is the percentage who have tried cannabis?",1.0,1,1.0,1.0,1.0,1.0,1.0,401.81
crossdomain,proposed,343,In what way do different organizations like government bodies and news media distribute their visualization sources?,2.0,2-5,0.0,1.0,1.0,0.5,0.5,1386.29
crossdomain,proposed,344,"How do different statistical measures recommend the best model for obesity risk classes, considering criteria like the Bayesian Information Criterion?",2.0,2-5,0.0,1.0,1.0,0.5,0.5833333333333333,473.35
crossdomain,proposed,345,Which items did Léopold-Lévy employ while painting landscapes outside in the Provence region?,1.0,1,1.0,1.0,1.0,1.0,1.0,282.87
crossdomain,proposed,346,"What is the reason for bar charts having the highest prevalence, at 25.4%, in governmental and international organization datasets compared to other sources?",1.0,1,1.0,1.0,1.0,1.0,1.0,340.62
crossdomain,proposed,347,"How do the reliability figures for measures like OSpan, SymSpan, and others compare?",2.0,2-5,0.0,0.5,0.5,0.5,0.5,294.31
crossdomain,proposed,348,Which wintertime outdoor tasks are highlighted in the PCA Elementary curriculum aimed at holistic growth?,1.0,1,1.0,1.0,1.0,1.0,1.0,288.25
crossdomain,proposed,349,What distinguishes the Contributions method from the Transformative method in terms of incorporating perspectives in multicultural education?,1.0,1,1.0,1.0,1.0,1.0,1.0,360.92
crossdomain,proposed,350,"Which individual is credited with writing 'A Farmer’s Primer on Growing Rice,' linked to research by Dr. Vergara?",1.0,1,1.0,1.0,1.0,1.0,1.0,1240.37
crossdomain,proposed,351,How does the normalized weight difference change across epochs for layers in the PFC and Hidden model?,1.0,1,1.0,1.0,1.0,1.0,1.0,341.05
crossdomain,proposed,352,Which design elements linked to buildings are included in Escher's reimagined Prentententoonstelling studies?,1.0,1,0.5,1.0,1.0,1.0,1.0,271.7
crossdomain,proposed,353,What was the amount received via postal envelopes in the collection for the May 8th and 9th weekend at the church?,1.0,1,0.5,1.0,1.0,1.0,1.0,296.18
crossdomain,proposed,354,What role does engaging with new information play in enhancing recall within training frameworks for adults?,1.0,1,1.0,1.0,1.0,1.0,1.0,364.13
crossdomain,proposed,355,"In the second experiment, what confirmation rating is observed between the translator and publishing entities?",1.0,1,0.5,1.0,1.0,1.0,0.7,1807.66
crossdomain,proposed,356,"How does the distribution of factor scores vary by age in the density analysis utilizing MAMBAC, MAXCOV, and L-Mode methods?",1.0,1,1.0,1.0,1.0,1.0,1.0,400.78
crossdomain,proposed,357,"For Experiment 2, what values are given for probability and confirmation when 'beer' is paired with 'publishing'?",1.0,1,0.5,1.0,1.0,1.0,1.0,306.16
crossdomain,proposed,358,"According to the 2017 SNAAP report, what portion of recent graduates firmly believe they would have gained from financial management skills?",1.0,1,1.0,1.0,1.0,1.0,1.0,2017.11
crossdomain,proposed,359,"Based on the SNAAP Special Report 2017, how many alumni reported a strong agreement with their exposure to a wide-ranging network of creatives and leaders during their educational development?",1.0,1,1.0,1.0,1.0,1.0,1.0,281.02
crossdomain,proposed,360,"What causes the variation in TERE values between traditional soy products and non-dairy soy alternatives, particularly concerning estradiol levels?",1.0,1,1.0,1.0,1.0,1.0,1.0,375.0
crossdomain,proposed,361,In what ways are the approaches to inclusivity in classroom settings distinguished based on the stages outlined by the diversity inclusivity framework by Hanover Research from February 2018?,1.0,1,1.0,1.0,1.0,1.0,1.0,268.73
crossdomain,proposed,362,"Considering BIC and BLRT metrics along with simplicity, which class model is best suited for evaluating obesity risk related to home and school?",2.0,2-5,0.0,1.0,1.0,0.5,0.5,348.65
crossdomain,proposed,363,"Can you provide the skewness figures for the measures OspanS, SymspanS, and RspanS in tasks assessing working memory storage?",1.0,1,1.0,1.0,1.0,1.0,1.0,306.32
crossdomain,proposed,364,How does gender affect behavioral learning based on the statistical analysis results?,1.0,1,0.5,1.0,1.0,1.0,0.8333333333333333,299.28
crossdomain,proposed,365,"How is 'malaria' expressed in Lusoga, and what is its translation along with the phonetic representation?",1.0,1,0.5,1.0,1.0,1.0,1.0,301.25
crossdomain,proposed,366,"To what extent did attendees perceive the diversity training as receptive to others' opinions, rated on a 1 to 5 scale?",1.0,1,1.0,1.0,1.0,1.0,1.0,277.57
crossdomain,proposed,367,"In Study 3B's AMP, what chance is there for a positive response when experimental primes are used in the error classification?",1.0,1,1.0,1.0,1.0,1.0,1.0,306.66
crossdomain,proposed,368,"In Lusoga phonetic transcription, how is the act of producing a hissing noise represented?",1.0,1,0.5,1.0,1.0,1.0,1.0,346.99
crossdomain,proposed,369,"In the multinomial sampling model, how are the relationships between X1, X2, X3, and X4 defined using probabilities like p12, p13, and p123?",1.0,1,0.5,1.0,1.0,1.0,1.0,308.55
crossdomain,proposed,370,"During educational sessions dedicated to arts and music, which particular tasks are students engaged in?",1.0,1,0.5,1.0,1.0,1.0,1.0,555.82
crossdomain,proposed,371,"In the investigation conducted by Pfizer and Rowan, what are the input rates for IPA and water in the waste stream of the celecoxib production?",1.0,1,1.0,1.0,1.0,1.0,1.0,285.96
crossdomain,proposed,372,"According to Hanover Research's 2018 Diversity Inclusivity Continuum, how should course content evolve to better incorporate multicultural elements?",1.0,1,1.0,1.0,1.0,1.0,1.0,320.21
crossdomain,proposed,373,"How do persuasion outcomes vary between individuals with high and low levels of knowledge in immediate and delayed assessments, based on the elaboration-likelihood model study?",1.0,1,1.0,1.0,1.0,1.0,1.0,482.31
crossdomain,proposed,374,"In the Leabra algorithm-based study, how does the ability to generalize vary between different PFC network setups when they are trained on the complete set of tasks?",1.0,1,1.0,1.0,1.0,1.0,1.0,692.45
crossdomain,proposed,375,"In the 2021 study published in the Borno Medical Journal, what fraction of participants expressed indecision regarding the preventative extraction of wisdom teeth?",1.0,1,1.0,1.0,1.0,1.0,1.0,282.14
crossdomain,proposed,376,"On another world, what option best signifies the clothing donned by the monarch the Little Prince met?",1.0,1,0.3333333333333333,0.6666666666666666,1.0,1.0,0.6805555555555555,1210.34
crossdomain,proposed,377,"In group NE, what is the variation in /i/ response proportions across spectral steps from /ɪ/ to /i/ during time T4?",1.0,1,1.0,1.0,1.0,1.0,1.0,252.01
crossdomain,proposed,378,"What is the comparative binding affinity of genistein to estrogen receptors in newer soy food versions versus traditional ones, based on the provided data?",2.0,2-5,0.0,1.0,1.0,0.5,0.5,356.59
crossdomain,proposed,379,How do the success rates change over quartiles during a paired memory task controlled by specific software?,1.0,1,1.0,1.0,1.0,1.0,1.0,1154.69
crossdomain,proposed,380,Which holiday precedes the SCC Teams gathering on the evening of April 13th?,3.0,2-5,0.0,1.0,1.0,0.3333333333333333,0.3333333333333333,293.4
crossdomain,proposed,381,"By five years old, what communication skills should children have, such as extended conversational turns, and what steps can be taken if there are concerns about these abilities?",1.0,1,0.25,1.0,1.0,1.0,0.95,340.67
crossdomain,proposed,382,How does arranging new concepts in line with what is already known help decrease confusion while studying?,1.0,1,1.0,1.0,1.0,1.0,1.0,340.67
crossdomain,proposed,383,"What are the artillery numbers for the French, Anglo-Allied, and Prussian forces during Waterloo as per the 2025 figures?",1.0,1,1.0,1.0,1.0,1.0,1.0,298.24
crossdomain,proposed,384,Which methods are outlined in Lukas Einkemmer's thesis from the University of Innsbruck's math department for addressing non-linear differential equations?,1.0,1,0.5,1.0,1.0,1.0,1.0,1030.34
crossdomain,proposed,385,In what way does the breakdown of isospin for pN → NNπ processes correspond to the isospin conditions of nucleon pairs such as those represented by σ10(d) or σ10(np) + σ11?,1.0,1,0.5,1.0,1.0,1.0,1.0,378.18
crossdomain,proposed,386,Can you provide the linear regression coefficients for specific instructors involved in the behavioral learning study?,1.0,1,0.5,1.0,1.0,1.0,1.0,315.5
crossdomain,proposed,387,"Which elements constitute the unified data exchange in the realm of big data, featuring both internal systems and Hadoop clusters?",1.0,1,1.0,1.0,1.0,1.0,1.0,270.99
crossdomain,proposed,388,How do the free parameters (k) for Noncompliance compare between GMM and LCGA at six classes?,1.0,1,1.0,1.0,1.0,1.0,1.0,350.4
crossdomain,proposed,389,"At an angle of 142.5, how do the Value and Chroma differ between conditions 1-3 and 4-6 in the Munsell color system?",1.0,1,0.5,1.0,1.0,1.0,1.0,331.99
crossdomain,proposed,390,How does the weighting pattern of /i/-related cues change from the first to the fifth duration step for group KA?,1.0,1,1.0,1.0,1.0,1.0,1.0,391.65
crossdomain,proposed,391,"How do the Contributions, Additive, Transformative, and Social Action methods impact content integration challenges in multicultural education?",1.0,1,1.0,1.0,1.0,1.0,1.0,410.21
crossdomain,proposed,392,How does average spine density change through developmental stages for ace-1(p1000);ace-2(g72) versus unc-17(e113) in studies involving C. elegans neural circuits?,1.0,1,1.0,1.0,1.0,1.0,1.0,268.65
crossdomain,proposed,393,"Between dense flint and crown glasses, which exhibits a larger disparity in refractive indices at the wavelengths 656.3 nm and 404.7 nm?",1.0,1,1.0,1.0,1.0,1.0,1.0,395.75
crossdomain,proposed,394,How do the ace-1(p1000);ace-2(g72) and unc-17(e113) genetic alterations affect dendritic spine density during different growth stages in C. elegans?,1.0,1,1.0,1.0,1.0,1.0,1.0,296.74
crossdomain,proposed,395,"At what levels, including micro, meso, and macro, does Health Policy and Systems Research (HPSR) operate?",1.0,1,1.0,1.0,1.0,1.0,1.0,279.66
crossdomain,proposed,396,"How many visual representations originate from scientific journals, particularly Nature, and what count of these stand alone?",4.0,2-5,0.0,1.0,1.0,0.25,0.25,316.76
crossdomain,proposed,397,"In Study 3B, what is the comparison of standardized mean evaluations for groups based on accuracy in explicit assessments?",1.0,1,1.0,1.0,1.0,1.0,1.0,293.1
crossdomain,proposed,398,"Which reading items are part of the 24-hour reading activities organized by Lizzie Williams, as seen in the OU RfP site?",1.0,1,1.0,1.0,1.0,1.0,1.0,293.86
crossdomain,proposed,399,What is the arrangement of data flow in merged systems for analytics that includes processes like extraction and the use of data marts?,3.0,2-5,0.0,1.0,1.0,0.3333333333333333,0.3333333333333333,334.83
crossdomain,proposed,400,How does the electrical potential vary between starting and ending states when charging at a higher temperature and discharging at a lower temperature in this experiment?,1.0,1,1.0,1.0,1.0,1.0,1.0,328.32
crossdomain,proposed,401,"In an alkaline environment with oxygen reduction at potentials ranging from 0.4 to 0.8 V versus RHE, what differences are observed in the efficiency of H2O2 generation between graphite electrodes modified with anthraquinone and those without modification?",1.0,1,1.0,1.0,1.0,1.0,1.0,331.26
crossdomain,proposed,402,Which procedures were employed for enzymatic conversion and fermentation after treating rice straw with a mixture of sodium carbonate and sodium sulfite at elevated temperature?,1.0,1,0.5,1.0,1.0,1.0,1.0,689.67
crossdomain,proposed,403,"Between 2010 and 2015 in the Western Canada Sedimentary Basin, what is the difference in the share of high-magnitude seismic occurrences linked to wells used for fluid disposal compared to those utilized for hydraulic fracturing?",1.0,1,1.0,1.0,1.0,1.0,1.0,1666.5
crossdomain,proposed,404,What was the shift in accumulated profits for EQTEC plc over the period from mid-2015 to the end of 2016?,1.0,1,0.3333333333333333,1.0,1.0,1.0,1.0,327.37
crossdomain,proposed,405,"In the Chabahar solar still investigation conducted on July 6, how did shifting the surrounding air temperature from 20 degrees Celsius to 40 degrees Celsius influence the overall volume of distilled water collected per unit area?",1.0,1,0.5,1.0,1.0,1.0,1.0,312.54
crossdomain,proposed,406,Which entity is acknowledged as the central technology institution in the Q2 2021 overview addressing regulatory changes in net metering and distributed solar generation initiatives within The 50 States of Solar analysis?,1.0,1,1.0,1.0,1.0,1.0,1.0,326.65
crossdomain,proposed,407,"When the methane input is held constant at 9 NL min⁻¹ during the gas-solid equilibrium tests, what impact does varying the ratio of oxidant to reformer stream have on process conditions?",1.0,1,1.0,1.0,1.0,1.0,1.0,334.72
crossdomain,proposed,408,How does the average fluid output per second of the solar-based sprayer compare when run exclusively from solar energy versus when using either the 1SMF or MF9-B backup batteries throughout daylight hours?,1.0,1,0.5,1.0,1.0,1.0,1.0,332.67
crossdomain,proposed,409,"For applicants seeking funding through the REF Brownfield initiative who are incorporating energy storage, what are the detailed stipulations for the signed agreement covering the storage aspect?",1.0,1,1.0,1.0,1.0,1.0,1.0,443.04
crossdomain,proposed,410,How does the electron transfer count during the oxygen reduction process differ between a graphite electrode modified with anthraquinone and an unmodified graphite rod when examined across 0.4 to 0.8 volts versus the reversible hydrogen electrode?,1.0,1,1.0,1.0,1.0,1.0,1.0,556.63
crossdomain,proposed,411,By how much did the gap between the US and UK natural gas benchmarks increase from one day to the next on 20 and 21 July 2021?,1.0,1,0.25,0.75,0.75,1.0,0.8666666666666667,312.84
crossdomain,proposed,412,"During the interval from 1972 to 2013 in the Raton Basin area, when did the most powerful seismic event with a magnitude of 5.3 occur?",1.0,1,1.0,1.0,1.0,1.0,1.0,300.92
crossdomain,proposed,413,How thick is the a-MoSx film produced by the cyclic voltammetry-based deposition onto the Ti/p-InP structure according to the reported experimental procedure?,1.0,1,1.0,1.0,1.0,1.0,1.0,369.24
crossdomain,proposed,414,What were the significant shifts and turning points in the monthly average petroleum cost (in USD) between the spring of 2008 and the end of winter 2012 as tracked by the Department of Commerce?,1.0,1,1.0,1.0,1.0,1.0,1.0,463.32
crossdomain,proposed,415,How do the high and statistically notable estimates for specific parameters in the B matrix of the asymmetric BEKK model clarify the ongoing influence of prior fluctuations on subsequent volatility in EUA returns throughout the second stage of the EU Emissions Trading System?,1.0,1,0.5,1.0,1.0,1.0,1.0,407.84
crossdomain,proposed,416,"Which steps concerning advance planning, authority notifications, environmental assessments, crew briefings, and securing the vessel must be followed before and during mooring according to the listed requirements?",1.0,1,0.5,1.0,1.0,1.0,1.0,293.15
crossdomain,proposed,417,"For the NEK region, what proportions of passenger vehicles are expected to operate on electric power in 2025, 2035, and 2050 based on anticipated shifts away from internal combustion engines?",1.0,1,1.0,1.0,1.0,1.0,1.0,347.86
crossdomain,proposed,418,"What trend is observed in the percentage of light reflected as a function of light wavelength for indium phosphide nanostructures with different measured depths of 4.3, 9.2, 16.9, and 24.5 micrometers under laboratory testing?",1.0,1,1.0,1.0,1.0,1.0,1.0,382.94
crossdomain,proposed,419,"During the period from 1990 to 2015, what differences are evident in how petroleum use evolved in the Asia Pacific region compared to North America?",4.0,2-5,0.0,1.0,1.0,0.25,0.25,290.71
crossdomain,proposed,420,"How are expenses distributed among key areas such as equipment, chemical usage, labor, and management in algae-based biofuel manufacturing using either alkali or enzyme-driven approaches?",1.0,1,0.5,1.0,1.0,1.0,1.0,270.88
crossdomain,proposed,421,"Within the computational scenarios outlined for various parameter settings, what range was assigned to the vertical placement of the chimney connection?",1.0,1,0.5,1.0,1.0,1.0,1.0,530.11
crossdomain,proposed,422,Which path is anticipated for the specialized transport carrying decommissioned Navy reactor material between the Ballston Spa Rail Spur and the Kesselring facility?,1.0,1,1.0,1.0,1.0,1.0,1.0,1128.45
crossdomain,proposed,423,List the principal actions and their associated timestamps during the B5.1 experimental protocol for nuclear system evaluation.,1.0,1,1.0,1.0,1.0,1.0,1.0,298.42
crossdomain,proposed,424,"During the 2008-2012 period of the EU Emissions Trading System, what does the statistically significant value of the parameter reflecting the transfer of fluctuations from the carbon permits market to Brent crude oil suggest according to the asymmetric BEKK approach?",1.0,1,0.5,1.0,1.0,1.0,1.0,345.72
crossdomain,proposed,425,"How much backing do people give to ending the use of gasoline and diesel vehicles, based on the research by Adrian Rinscheid and colleagues?",1.0,1,1.0,1.0,1.0,1.0,1.0,364.01
crossdomain,proposed,426,"Across the six weeks, how much did stored energy values fluctuate among the twenty participants applying the quartet of control approaches in Australia?",1.0,1,1.0,1.0,1.0,1.0,1.0,1351.27
crossdomain,proposed,427,In what way does the depiction of a vivid sunset reflect environmental concerns addressed during the 2020 Australian Bushfire summit?,1.0,1,1.0,1.0,1.0,1.0,1.0,330.18
crossdomain,proposed,428,How do the estimated values of propagation rate and starting load reduction compare across the three examined system loading conditions in the IEEE 300 bus cascading failure simulations?,1.0,1,1.0,1.0,1.0,1.0,1.0,297.18
crossdomain,proposed,429,Which prominent urban centers can be found close to the land-water-land area dividing Sweden and Denmark known for its coastal environment studies?,1.0,1,1.0,1.0,1.0,1.0,1.0,318.73
crossdomain,proposed,430,"Which values were set for agitation speed, electrical current, experiment length, and counter material in the additive evaluation process using a Hull-cell for plating lead?",1.0,1,0.5,1.0,1.0,1.0,1.0,313.42
crossdomain,proposed,431,What were the variations in year-over-year shifts in auction outcomes across each LDA between the 2020/2021 and 2021/2022 delivery periods within the PJM market?,1.0,1,1.0,1.0,1.0,1.0,1.0,326.1
crossdomain,proposed,432,"For the 5500XL, which problems could lead to the unit failing to achieve sufficient heat to engage the circulation fan, as described under trouble code three?",1.0,1,0.25,0.5,1.0,1.0,0.5821428571428571,304.62
crossdomain,proposed,433,What trends are observed in global primary energy use between 1990 and 2060 when considering major scenario projections developed by various international organizations and companies?,1.0,1,1.0,1.0,1.0,1.0,1.0,355.83
crossdomain,proposed,434,"Within the stage focused on direct field evaluations in the chemical analysis protocol, what are the subsections included?",1.0,1,0.5,1.0,1.0,1.0,1.0,334.53
crossdomain,proposed,435,"What process does the FINIX software use to alternate between temperature-related and structural calculations for fuel rods, including the sequence of steps and criteria for repeating thermal or mechanical evaluations?",1.0,1,1.0,1.0,1.0,1.0,1.0,332.58
crossdomain,proposed,436,"By how much did the UK natural gas benchmark value denominated in US dollars per MMBtu differ from July 20 to July 21, 2021?",1.0,1,0.25,0.75,0.75,1.0,1.0,515.86
crossdomain,proposed,437,What are the differences in calculated life expectancy at 80°C and 100°C for NYCWY 0.6/1 kV 4x10/10 mm2 power cable samples following 11-hour and 15-hour high-temperature treatments at either 125°C or 140°C?,1.0,1,0.5,1.0,1.0,1.0,1.0,367.68
crossdomain,proposed,438,In what way does the light reflection behavior differ between flat indium phosphide and nanostructured indium phosphide films with a range of pore extensions when measured across various wavelengths?,1.0,1,1.0,1.0,1.0,1.0,1.0,367.45
crossdomain,proposed,439,"How do the roles of residents in running and managing solar energy systems vary across the segmented, shared, and both types of direct sale models in apartment complexes?",1.0,1,0.3333333333333333,1.0,1.0,1.0,1.0,301.48
crossdomain,proposed,440,"How did the main US and Asia LNG benchmark contracts for the prompt delivery month shift in value in dollars per MMBtu from July 20 to July 21, 2021?",1.0,1,0.25,0.5,0.5,1.0,1.0,294.05
crossdomain,proposed,441,"In simulations of liberalized power sector markets using autonomous decision-making entities, what icons are used to indicate major world monetary units such as the US, European, and British currencies?",1.0,1,1.0,1.0,1.0,1.0,1.0,475.25
crossdomain,proposed,442,"At the Sapphire Wind Farm Community Consultative Committee gathering, who has ongoing responsibility for communicating updates on talks related to lighting for aircraft?",1.0,1,0.5,1.0,1.0,1.0,1.0,318.95
crossdomain,proposed,443,"In the Nepal-TRNSCGE framework, how are the different segments of household travel demand organized into individually-owned and externally-provided options, and what are the subsequent breakdowns based on mode of vehicle and types of propulsion systems?",1.0,1,1.0,1.0,1.0,1.0,1.0,600.79
crossdomain,proposed,444,"To what extent do emissions differ from the 1990 benchmark across the four modeled pathways for the electricity, natural gas, and transportation categories?",1.0,1,0.5,1.0,1.0,1.0,1.0,316.8
crossdomain,proposed,445,What variation is observed in the computed flapwise and chordwise cyclic bending moments for wind turbine blades when applying Spera's formulas across different standard deviation indices from zero to three?,1.0,1,0.5,1.0,1.0,1.0,1.0,319.89
crossdomain,proposed,446,"According to Part L of the Building Regulations 2002, how does the permitted thermal transmittance for wall structures compare between newly constructed properties and those undergoing significant changes?",1.0,1,0.5,0.5,0.5,1.0,1.0,295.1
crossdomain,proposed,447,"How does the amount of immediate energy received by a crystalline module, according to the SQ Flex Sizing WinCAPS calculations, vary throughout daylight hours?",1.0,1,1.0,1.0,1.0,1.0,1.0,1282.18
crossdomain,proposed,448,"How did the value of Algerian hydrocarbon shipments to Europe evolve from 2017 through 2020 as reported by Eurostat, and what was the scale of the drop following the highest point?",1.0,1,0.5,1.0,1.0,1.0,0.8333333333333333,304.63
crossdomain,proposed,449,"Between April and June 2021, what differences were observed in the spot market trajectories for 37kt shipments from the UK Continent to the US Atlantic Coast and 30kt movements from Singapore to Australia?",1.0,1,1.0,1.0,1.0,1.0,1.0,286.5
crossdomain,proposed,450,"Can you provide the specific values of overall heat transfer and correction factors applied to the heat exchangers, namely the heater processing flue gas to CO2, the recuperator exchanging CO2 with itself, and the cooler transferring heat from CO2 to water, as determined in the sCO2 cycle cost assessment by Matteo Marchionni and colleagues in 2017?",1.0,1,0.3333333333333333,1.0,1.0,1.0,1.0,405.82
crossdomain,proposed,451,"For a detached residential building featuring a slab-on-grade foundation located in the 6A climate region, how much did building expenses change when moving from the 2012 to the 2015 International Energy Conservation Code?",1.0,1,0.3333333333333333,1.0,1.0,1.0,1.0,304.75
crossdomain,proposed,452,"Identify the entry among the geospatial datasets that offers height measurements in a collection of spatial points, specifying its file format and the organization responsible for supplying it.",1.0,1,0.5,0.5,0.5,1.0,1.0,734.16
crossdomain,proposed,453,"In a floating wind turbine system, which structural section is designed to house more than one type of ballast, and how are these ballast types positioned relative to one another within that section?",1.0,1,1.0,1.0,1.0,1.0,1.0,288.73
crossdomain,proposed,454,"In what manner do meteorological inputs and half-hourly operational checks influence the proposal, validation, and execution of electricity sales and delivery within a virtual power plant arrangement?",1.0,1,1.0,1.0,1.0,1.0,1.0,1625.77
crossdomain,proposed,455,"During the 2016 efforts by California's regulatory authorities following the SoCalGas Aliso Canyon incident, which measure accounted for the greatest decrease in the use of natural gas, based on therm equivalents?",1.0,1,0.5,1.0,1.0,1.0,1.0,307.21
crossdomain,proposed,456,"What are the differences in the percentage allocation of operating expenses such as electricity, wages, asset write-off, and miscellaneous costs between the hydroponic cultivation approach using traditional lighting and the intended OZEPf configuration?",1.0,1,1.0,1.0,1.0,1.0,1.0,415.53
crossdomain,proposed,457,"When utilizing pineapple residues for glucose utilization in the SSCF procedure, what numerical value is obtained for the parameter γ in the Logistic-based modified Luedeking-Piret kinetic modeling?",1.0,1,0.3333333333333333,1.0,1.0,1.0,1.0,306.09
crossdomain,proposed,458,"In harmonic phase angle studies, what impact does varying the direction of incoming flow have on the spatial distributions observed for Ur at values of 6 and 8?",2.0,2-5,0.0,1.0,1.0,0.5,0.5,1581.32
crossdomain,proposed,459,"What arrangement and modes of engagement were evident among those discussing energy priorities and governmental involvement in the Yukon, particularly in relation to collaborative brainstorming tools?",1.0,1,1.0,1.0,1.0,1.0,1.0,360.03
crossdomain,proposed,460,"What hardware elements and their interconnections, such as those that manage electrical storage, regulation, and monitoring, can be found in the Helios 2 solar setup?",1.0,1,1.0,1.0,1.0,1.0,1.0,3492.56
crossdomain,proposed,461,"During the 2009 ZESCO performance review covering January through September, what was the cumulative weighted result attributed to System Losses?",1.0,1,0.3333333333333333,1.0,1.0,1.0,1.0,314.89
crossdomain,proposed,462,What was the impact on cumulative purified water output per unit area when air movement increased from still conditions to 10 meters per second during the July 6 Chabahar solar distillation test?,1.0,1,0.5,1.0,1.0,1.0,1.0,413.05
crossdomain,proposed,463,"For the IEEE 300 bus network, what value does the mean cascading parameter reach when the system operates at 1.1 times its typical demand?",1.0,1,1.0,1.0,1.0,1.0,1.0,313.2
crossdomain,proposed,464,"For the best-performing silicon photovoltaic device featuring nanostructures and an area factor of 2.30, independently evaluated by TÜV Corporation using AM 1.5G light, what are the reported metrics for maximum open-circuit voltage, short-circuit current, fill factor, and conversion efficiency?",1.0,1,1.0,1.0,1.0,1.0,1.0,388.18
crossdomain,proposed,465,"Which labeled repositories within the organization, specifically identified as S1 to S3, contribute information that undergoes preparation before being included in the CRM system?",1.0,1,1.0,1.0,1.0,1.0,1.0,314.76
crossdomain,proposed,466,What was the combined aerodynamic resistance value for all main structural elements of the experimental setup when using the rotor area as the basis for calculation?,1.0,1,0.5,1.0,1.0,1.0,1.0,1168.53
crossdomain,proposed,467,"How is a phasor-based evaluation of harmonics systematically performed in an ISM-based distribution network, beginning with the starting condition and specifying the procedure for deciding when to halt the iterative assessment?",1.0,1,1.0,1.0,1.0,1.0,1.0,326.56
crossdomain,proposed,468,"How do the values of generated electricity per unit of water for fish farming operations compare among the main Spanish river basins such as Duero, Ebro, Jucar, and Tajo?",1.0,1,1.0,1.0,1.0,1.0,1.0,300.25
crossdomain,proposed,469,Over what decade following the adoption of robust state measures targeting non-renewable energy usage is the most significant decrease in fossil energy use achieved?,4.0,2-5,0.0,1.0,1.0,0.25,0.25,384.67
crossdomain,proposed,470,Which parts of New York City are powered by electrical energy originating from both fossil-based gaseous and liquid fuels?,1.0,1,1.0,1.0,1.0,1.0,1.0,295.25
crossdomain,proposed,471,"Between 2016 and 2020, what shift occurred in the share of API-based offerings for the electricity market platform operated by Nord Pool?",1.0,1,1.0,1.0,1.0,1.0,1.0,404.69
crossdomain,proposed,472,What trends and major year-to-year variations were observed in the proportion of NEM Forward Market activity relative to physical volume between the financial years 1999/00 and 2018/19?,1.0,1,1.0,1.0,1.0,1.0,1.0,324.54
crossdomain,proposed,473,"How does the use of fuel supplied to local power plants like Astoria, Arthur Kill, and Ravenswood contrast with electricity brought in from outside regions when serving New York City’s energy demands?",1.0,1,1.0,1.0,1.0,1.0,1.0,524.96
crossdomain,proposed,474,"For individuals renting in apartment complexes, which of the four listed solar energy arrangements minimizes paperwork and organizational tasks for residents?",1.0,1,0.3333333333333333,1.0,1.0,1.0,1.0,486.17
crossdomain,proposed,475,"In the scenario of an inter-turn winding issue within a large-capacity oil-immersed distribution transformer, what trend is observed in the phase A leakage inductance as the proportion of damaged winding turns increases?",1.0,1,1.0,1.0,1.0,1.0,1.0,275.71
crossdomain,proposed,476,"Over the years 2006 to 2031, what was the impact of mechanisms aimed at emissions reduction on the balance of power output between advanced and conventional natural gas combined cycle technologies?",1.0,1,1.0,1.0,1.0,1.0,1.0,333.39
crossdomain,proposed,477,Which designated initiative focuses on long-term scenario exploration and challenging assumptions about energy futures in Europe for the year 2050?,2.0,2-5,0.0,1.0,1.0,0.5,0.5,328.84
crossdomain,proposed,478,"How do the upfront investment requirements per kilowatt for wind and solar power installations evolve from the start of the period in 2020 to the end in 2050, based on figures provided in the 2021 Energy Systems Research conference?",1.0,1,0.5,0.5,1.0,1.0,0.6111111111111112,318.85
crossdomain,proposed,479,"Which measures related to aircraft warning lights were listed as follow-up tasks at the April 30, 2019 gathering of the consultative group for the Sapphire Wind Farm in Inverell?",1.0,1,0.5,1.0,1.0,1.0,1.0,408.35
crossdomain,proposed,480,What was the effect on the precision of peripheral assembly power estimates when comparing two different TCP0 scattering treatments during benchmark simulations of a one-dimensional reactor model proposed by a South Korean institution?,1.0,1,0.5,1.0,1.0,1.0,1.0,317.69
crossdomain,proposed,481,"In the context of vessel loading or unloading, what are the specified practices for maintaining crew communications throughout the transfer, such as the use of specific radio equipment and channels?",1.0,1,0.5,1.0,1.0,1.0,1.0,317.06
crossdomain,proposed,482,What secondary heading appears under the main title for the summary report concerning the 8.8-megawatt wind energy development at Parzeczew in Poland?,1.0,1,0.3333333333333333,1.0,1.0,1.0,1.0,363.68
crossdomain,proposed,483,"How did TDO's ownership percentages in the VIC/P57 and VIC/L31 sites within the Gippsland Basin, Victoria alter from the end of June 2014 to the end of December 2014?",1.0,1,0.5,1.0,1.0,1.0,1.0,276.13
crossdomain,proposed,484,"For the Enhanced Affiliate Actual Cost Transparency initiative involving PSEG Long Island and LIPA, which people handled modifications to each project draft, and when and why were these updates carried out?",1.0,1,0.5,1.0,1.0,1.0,1.0,299.87
crossdomain,proposed,485,"Which values correspond to the building heating load factors for each of the eight time intervals described in the 2013 optimization analysis featured in Volume 1, Issue 4 of the Journal of Sustainable Development of Energy, Water and Environment Systems?",1.0,1,0.5,1.0,1.0,1.0,1.0,597.19
crossdomain,proposed,486,What was the difference in the operating activity cash outflows for EQTEC plc comparing the end of 2015 to the same date in 2016?,1.0,1,1.0,1.0,1.0,1.0,1.0,308.19
crossdomain,proposed,487,Which web address corresponds to the organisation providing assistance to at-risk residents in Clackmannanshire through the energy-focused LEAP initiative?,1.0,1,1.0,1.0,1.0,1.0,1.0,315.38
crossdomain,proposed,488,"How did the front-month settlement for Henry Hub, measured in US dollars per MMBtu, change from July 20 to July 21, 2021?",1.0,1,0.25,0.5,0.75,1.0,0.7777777777777778,385.68
crossdomain,proposed,489,"What shifts occurred in atomic power usage patterns among major world areas, particularly growth in Asia Pacific and changes in North America, over the period 1990 to 2015?",1.0,1,1.0,1.0,1.0,1.0,1.0,361.8
crossdomain,proposed,490,Which short-form denotes the method of transforming gaseous substances into liquid products using the X-to-Liquids approach in the energy sector?,1.0,1,1.0,1.0,1.0,1.0,1.0,4258.27
crossdomain,proposed,491,"Within the boundaries of Vic/P57, how are the various leads distributed between those associated with the higher and lower stratigraphic sections of the Latrobe Group?",1.0,1,0.5,0.5,1.0,1.0,0.6,548.73
crossdomain,proposed,492,"Over the colder months spanning from late autumn to early spring, which device out of the heater, computer, dishwasher, and toaster reaches the most pronounced spikes in power usage, and how does its maximum consumption differ from the others during these months?",1.0,1,0.5,1.0,1.0,1.0,1.0,423.76
crossdomain,proposed,493,"How do the measured quantities of conventional fuel used per kilowatt-hour of electricity differ among the Exergetic, ORGRES, SFU, and Physical calculation approaches when both electric and thermal outputs are generated together?",1.0,1,0.5,1.0,1.0,1.0,1.0,323.68
crossdomain,proposed,494,"Between the two sodium-based electrolyte formulations, which one demonstrates the highest heat-releasing event upon heating, and near what temperature does this event take place?",1.0,1,1.0,1.0,1.0,1.0,1.0,313.09
crossdomain,proposed,495,"In community-focused initiatives aimed at expanding sustainable power solutions, how is small-batch biofuel fabrication carried out to support local economic activity when implemented by groups skilled in advancing access for underserved populations?",1.0,1,1.0,1.0,1.0,1.0,1.0,378.5
crossdomain,proposed,496,How does the total capacity for onshore wind installations evolve between 2020 and 2050 in the study conducted by Michael Child and colleagues published in Energy Procedia 135 (2017)?,1.0,1,1.0,1.0,1.0,1.0,1.0,293.73
crossdomain,proposed,497,"Which quantitative feed composition values and molar ratios were set for methane, carbon dioxide, water, and O/R during experiments with the fixed-bed system for chemical looping?",1.0,1,1.0,1.0,1.0,1.0,1.0,333.49
crossdomain,proposed,498,"Which high, medium, and lower voltage dataset categories are managed by the intelligent remote control unit within the advanced substation framework?",1.0,1,1.0,1.0,1.0,1.0,1.0,515.39
crossdomain,proposed,499,"Which aspects related to ecological value, such as habitat surroundings, legally designated areas, avian and bat species, and other organisms of concern, are highlighted in the summary of the wind energy development?",2.0,2-5,0.0,1.0,1.0,0.5,0.5,308.88
crossdomain,proposed,500,"In the context of WAM Active's financials, how does the NTA before tax differ between June 2021 and the previous month, May 2021?",1.0,1,0.5,1.0,1.0,1.0,1.0,286.03
crossdomain,proposed,501,"In the World Political Economy blog, which economic concern is tied to the concept of 'Regulatory Expansion' as it pertains to global political and economic discussions?",4.0,2-5,0.0,1.0,1.0,0.25,0.25,351.32
crossdomain,proposed,502,What impact do alterations in mating patterns and distribution shifts have on the Gini index and Lorenz curves for income disparity in the years 1960 and 2005?,1.0,1,0.3333333333333333,1.0,1.0,1.0,1.0,302.78
crossdomain,proposed,503,What was the variation in the net book value for right-of-use assets reported in property and equipment categories from early April to the end of September 2019 with the application of HKFRS 16?,1.0,1,0.5,1.0,1.0,1.0,1.0,310.92
crossdomain,proposed,504,Was funding allocated for the call center services outsourcing in the 2020 budget plan?,1.0,1,0.5,0.5,1.0,1.0,0.6111111111111112,288.13
crossdomain,proposed,505,"How has the RIT Capital discount or premium rate changed in the years before May 2021, as noted by BSE Limited?",8.0,6-10,0.0,0.0,1.0,0.125,0.125,317.26
crossdomain,proposed,506,What approaches were emphasized at the APEC 2017 gathering to improve food security and support sustainable farming amidst climate challenges?,1.0,1,1.0,1.0,1.0,1.0,1.0,454.66
crossdomain,proposed,507,What is the relationship between the £3.90 million forecast variance and the allocation of £2 million from the Covid reserve in the 2021/22 budget?,1.0,1,0.3333333333333333,1.0,1.0,1.0,1.0,358.19
crossdomain,proposed,508,"Within the financial groups mentioned, which one is associated with managing European funds and assets?",1.0,1,1.0,1.0,1.0,1.0,1.0,442.31
crossdomain,proposed,509,What were the notable fluctuations and highest points in the quota percentage of fund arrangements from 2000 to 2007 according to the GRA Credit Outstanding data?,1.0,1,1.0,1.0,1.0,1.0,1.0,423.44
crossdomain,proposed,510,What are the variations in GDP impact for the PRC due to Covid-19 under several potential cases as discussed in the 2020 publication of the International Journal of Advanced Science and Technology?,1.0,1,1.0,1.0,1.0,1.0,1.0,343.82
crossdomain,proposed,511,"According to the EXPRESSCREDIT SIA financial statements, how did the value of 1 EUR change between the end of 2017 and the end of 2018?",1.0,1,1.0,1.0,1.0,1.0,1.0,418.91
crossdomain,proposed,512,How are the dependent and independent variables connected within the neural network's experimental framework?,1.0,1,1.0,1.0,1.0,1.0,1.0,1087.07
crossdomain,proposed,513,How does the financial data detail the yearly access assumptions for specific arrangements such as SBA/PRGF/SAF and SRF?,1.0,1,0.5,1.0,1.0,1.0,0.8333333333333333,359.73
crossdomain,proposed,514,"Which factors are considered important for investment decisions concerning BA’s role, the quality of the product or service, and market appeal, according to the hierarchical structure?",1.0,1,1.0,1.0,1.0,1.0,1.0,1196.62
crossdomain,proposed,515,Which forms and certificates are required for overseas investors to benefit from the treaty-adjusted tax rate?,1.0,1,1.0,1.0,1.0,1.0,1.0,293.39
crossdomain,proposed,516,"What variation occurred in the Bureau de Change (BDC) segment's average exchange rate in Nigeria between the first quarter of 2012 and the last quarter of 2013, as detailed in the FY-2013 Economic Report and 2014 Outlook?",1.0,1,1.0,1.0,1.0,1.0,1.0,385.3
crossdomain,proposed,517,"How much funding has been designated for the utility expenditures and bulk buying in the town's financial ledger, specifically under the code 1089200?",1.0,1,0.5,1.0,1.0,1.0,0.8333333333333333,320.56
crossdomain,proposed,518,"Which investment considerations, such as involvement from business angels and the appeal of products and markets, are emphasized for making decisions?",1.0,1,1.0,1.0,1.0,1.0,1.0,569.78
crossdomain,proposed,519,How has the insider trading ratio of sales to purchases changed in the latest data provided by Washington Service and Bloomberg?,1.0,1,1.0,1.0,1.0,1.0,1.0,383.08
crossdomain,proposed,520,What is the relationship between NLP-based policy indicators and the actual policy balance throughout the years in the context of Federal Reserve reviews?,1.0,1,1.0,1.0,1.0,1.0,1.0,300.17
crossdomain,proposed,521,"By the end of April 2021, how did the components of the BDC loan under the Highly Affected Sectors Credit Availability Program adjust?",1.0,1,0.5,1.0,1.0,1.0,1.0,374.99
crossdomain,proposed,522,"How many contracts must be controlled in Corporate Tax Futures to meet the accountability level of more than 50,000 contracts?",1.0,1,0.5,1.0,1.0,1.0,1.0,297.41
crossdomain,proposed,523,How has the South African Rand's value changed relative to the US Dollar over the last five decades in terms of its purchasing power alignment?,1.0,1,0.5,1.0,1.0,1.0,1.0,500.6
crossdomain,proposed,524,How does VOL_DER relate to SP500 based on the quantitative findings for the US financial market?,1.0,1,1.0,1.0,1.0,1.0,1.0,306.9
crossdomain,proposed,525,"According to the 2003 Executive Opinion Survey, how were countries ranked by the quality of their education systems?",1.0,1,1.0,1.0,1.0,1.0,1.0,428.23
crossdomain,proposed,526,What is the comparison between the current trade receivables and those overdue by more than a year as of mid-2010 for Filinvest Development Corporation?,1.0,1,0.5,1.0,1.0,1.0,1.0,828.86
crossdomain,proposed,527,How did currency fluctuations affect the valuation of mine plant and equipment in ZCI Limited's financials for the fiscal year ending 2014?,1.0,1,1.0,1.0,1.0,1.0,1.0,341.26
crossdomain,proposed,528,"Can you detail the breakdown of the company's 2016 income tax, covering Hong Kong and international taxes as well as deferred tax?",1.0,1,0.5,1.0,1.0,1.0,0.8333333333333333,331.98
crossdomain,proposed,529,What is the difference between the MSCI World Index's cumulative price and total returns over the period from 1988 to mid-2021?,1.0,1,1.0,1.0,1.0,1.0,1.0,291.06
crossdomain,proposed,530,"According to the Nahmani Grunder forecast as of April 2021, what were the anticipated percentage shifts for the S&P 500, Europe Stoxx 600, and MSCI EM indices in the year 2020?",1.0,1,1.0,1.0,1.0,1.0,1.0,344.44
crossdomain,proposed,531,"What explains the connection between owning a tax haven subsidiary and reduced effective tax rates, according to the statistical analyses involving GETR and Naively-Averaged ExTR?",1.0,1,0.25,1.0,1.0,1.0,1.0,369.83
crossdomain,proposed,532,What was the comparison between the COVID-19 basket inflation's annual rate change and the official inflation rate from early 2020 to March 2021?,,>10,0.0,0.0,0.0,0.0,0.0,333.16
crossdomain,proposed,533,"In comparing the various parameters like ω2 and β2, what are their respective η2 measurements?",,>10,0.0,0.0,0.0,0.0,0.0,289.75
crossdomain,proposed,534,"Based on Lea's 2010 analysis, which nations prioritize variable rate mortgages over other mortgage types?",1.0,1,1.0,1.0,1.0,1.0,1.0,294.88
crossdomain,proposed,535,"Based on the statistics from 1994 to 2011, how many children do women in Denmark and Sweden have on average a decade after their first childbirth?",1.0,1,0.5,1.0,1.0,1.0,1.0,897.85
crossdomain,proposed,536,"For the fiscal year 2018, what was the quantity of entitlements given to Mr. Brayan within the framework of the Special plan?",1.0,1,1.0,1.0,1.0,1.0,1.0,932.24
crossdomain,proposed,537,How did output per worker change between 2010 and 2018 in certain emerging markets like Indonesia and Mexico?,1.0,1,1.0,1.0,1.0,1.0,1.0,319.38
crossdomain,proposed,538,"At South University, how do the financial reduction goals of the Provost and the President contrast?",1.0,1,1.0,1.0,1.0,1.0,1.0,323.53
crossdomain,proposed,539,"In the timeframe from April 2016 to March 2019, what is the difference in volatility of ETH's CG – CC spreads when comparing Q3-18 to Q1-19?",1.0,1,1.0,1.0,1.0,1.0,1.0,375.12
crossdomain,proposed,540,"How are the allowances for outdated and sluggish items allocated for raw materials and trading inventories as of mid-2018, covering both the start and during the period?",1.0,1,0.5,1.0,1.0,1.0,1.0,353.73
crossdomain,proposed,541,How can premature redemption of a financial instrument lead to losses for a client?,1.0,1,0.5,1.0,1.0,1.0,1.0,325.28
crossdomain,proposed,542,What were the differences between temporary-layoff and jobless unemployment rates regarding their trend from early 2020 to mid-2021?,1.0,1,1.0,1.0,1.0,1.0,1.0,309.76
crossdomain,proposed,543,How much equity is allocated to the Company's shareholders in 2012 under HKFRS?,5.0,2-5,0.0,0.5,0.5,0.2,0.2,336.65
crossdomain,proposed,544,"Within the Webcon BPS workflow for registering sales opportunities, what happens if the negotiation phase ends without a positive outcome?",1.0,1,1.0,1.0,1.0,1.0,1.0,312.66
crossdomain,proposed,545,Can you identify the GWAC percentages for home loans from the years 2009 and 2010 based on the given information?,1.0,1,1.0,1.0,1.0,1.0,1.0,316.17
crossdomain,proposed,546,"Identify the unique statistical measures ω2, γ2, θ2, β2, η2, ξ2, p22, and UV2 along with their intervals used in the evaluation of complex models.",6.0,6-10,0.0,0.0,1.0,0.16666666666666666,0.16666666666666666,413.91
crossdomain,proposed,547,What changes occurred in the 30-Year Fixed Mortgage rate between the second quarter of 2015 and the third quarter of 2018 in the scenario outlined by PNC during their 2016 Mid-Cycle Stress Test?,1.0,1,1.0,1.0,1.0,1.0,1.0,374.05
crossdomain,proposed,548,In which time frame were initial child births recorded in Austria based on the labor statistics?,1.0,1,0.5,1.0,1.0,1.0,1.0,517.91
crossdomain,proposed,549,"In the potential new EMU group, which nations exhibit the highest average disparity in interest rates?",1.0,1,1.0,1.0,1.0,1.0,1.0,291.11
crossdomain,proposed,550,"How did the number of COVID-19 cases progress in France during the first half of 2021, culminating in a total exceeding 6 million?",3.0,2-5,0.0,1.0,1.0,0.3333333333333333,0.3333333333333333,628.03
crossdomain,proposed,551,"In what way do the 1997-2019 trends in policy signals and balance, based on NLP methods, exhibit changes as per the AXA IM Research findings?",1.0,1,1.0,1.0,1.0,1.0,1.0,323.75
crossdomain,proposed,552,What was the shift in the CG – CC price difference for Bitcoin from Q3 2017 to Q1 2018?,1.0,1,1.0,1.0,1.0,1.0,1.0,323.27
crossdomain,proposed,553,How did the financial results of Filinvest Development Corporation's aggregated activities in 2010 differ from those in 2009?,1.0,1,0.5,1.0,1.0,1.0,1.0,365.49
crossdomain,proposed,554,"In the May 2021 financial model by the KIUC Board, what are the proportions of equity and liabilities?",1.0,1,1.0,1.0,1.0,1.0,1.0,658.67
crossdomain,proposed,555,"By the conclusion of June 2021, which portfolio showed the greatest unfavorable deviation in the 2021/22 fiscal year?",1.0,1,0.3333333333333333,0.3333333333333333,0.6666666666666666,1.0,0.6,282.82
crossdomain,proposed,556,How did U.S. energy-related petroleum import values change from the start of 2012 to early 2015 based on Commerce Department data?,1.0,1,1.0,1.0,1.0,1.0,1.0,296.5
crossdomain,proposed,557,How did the Real GDP index of Peru evolve between 1970 and 2010 based on data from the Banco Central de Reserva del Perú?,1.0,1,1.0,1.0,1.0,1.0,1.0,850.19
crossdomain,proposed,558,How much is allocated under miscellaneous costs for the police department in the town's fiscal records?,1.0,1,0.5,0.5,1.0,1.0,0.6428571428571428,294.42
crossdomain,proposed,559,How long was the average duration of commercial paper held by TexPool Prime during the year 2020?,1.0,1,1.0,1.0,1.0,1.0,1.0,352.76
crossdomain,proposed,560,"Which economic topics are emphasized in the 'World Political Economy' blog concerning global politics, with an emphasis on increasing regulations?",1.0,1,1.0,1.0,1.0,1.0,1.0,285.44
crossdomain,proposed,561,"What were the variations in adjusted net savings as a percentage of GNI across different 2005 regions, focusing on low versus middle income groups?",1.0,1,0.5,1.0,1.0,1.0,1.0,286.43
crossdomain,proposed,562,"How much was credited for the 2020 ordinance concerning CR 519 Sidewalks in the fiscal overview from July 27, 2020?",1.0,1,0.5,0.5,0.5,1.0,1.0,344.51
crossdomain,proposed,563,"From 2000 to 2014, which nation within the ASEAN bloc saw the greatest increase in foreign direct investment, based on the ASEAN Economic Community analysis?",1.0,1,1.0,1.0,1.0,1.0,1.0,347.42
crossdomain,proposed,564,Where are the new crossing points located in the Falcon Zone that trends northwest-southeast at Hemi?,1.0,1,1.0,1.0,1.0,1.0,1.0,293.71
crossdomain,proposed,565,"What was the pattern in the Non-Profitable Tech Stock Index over the years 2014 to 2020, with emphasis on the change from 2019 to 2020?",1.0,1,1.0,1.0,1.0,1.0,1.0,302.07
crossdomain,proposed,566,"During the fiscal year 2021-22, which act saw the least number of audits of financial statements performed?",1.0,1,0.25,0.75,0.75,1.0,0.9166666666666666,315.56
crossdomain,proposed,567,What is the method for determining the ending settlement value of Corporate Tax Futures using the top marginal US Corporate Tax Rate at settlement time?,1.0,1,0.5,1.0,1.0,1.0,1.0,334.37
crossdomain,proposed,568,What were the economic impacts of minimizing physical contact on worldwide industries such as aviation and travel amid COVID-19?,1.0,1,0.3333333333333333,1.0,1.0,1.0,0.9166666666666666,313.14
crossdomain,proposed,569,"According to the analysis by Research Affiliates, which asset class shows the highest percentage variance in exposure levels?",1.0,1,1.0,1.0,1.0,1.0,1.0,486.67
crossdomain,proposed,570,What were the trends in the shares of API versus Non-API services in Nord Pool from 2016 to 2020 based on the 2020 Annual Review?,2.0,2-5,0.0,1.0,1.0,0.5,0.5,1098.66
crossdomain,proposed,571,"As of June 30, 2018, what amounts are recorded for trade deposits and for prepayments linked to customs and letters of credit?",1.0,1,1.0,1.0,1.0,1.0,1.0,322.51
crossdomain,proposed,572,"How does the duration of approved arrangements fluctuate from 2000 to 2007, highlighting changes in both precautionary and non-precautionary categories?",1.0,1,1.0,1.0,1.0,1.0,1.0,350.86
crossdomain,proposed,573,"In PNC's adverse scenario covering Q3 2017 through Q3 2019, what is the estimated loss percentage for Commercial Real Estate?",1.0,1,1.0,1.0,1.0,1.0,1.0,720.5
crossdomain,proposed,574,What are the relative performance percentages of various investment categories as analyzed by Research Affiliates?,1.0,1,1.0,1.0,1.0,1.0,1.0,284.03
crossdomain,proposed,575,What are the variations between the median and mean outcomes following a technological disturbance as depicted in the fifth figure?,1.0,1,0.3333333333333333,0.3333333333333333,0.6666666666666666,1.0,0.625,267.65
crossdomain,proposed,576,"During the years 2000 to 2007, how did the typical duration of fund arrangements change, and in which year was this duration the greatest?",1.0,1,1.0,1.0,1.0,1.0,1.0,306.13
crossdomain,proposed,577,"What phrase is associated with the auditing company Keefe McCullough for HANDY, Inc.?",1.0,1,0.5,1.0,1.0,1.0,1.0,1416.01
crossdomain,proposed,578,What is the difference in non-current asset values between 2013 and 2012 in the provided financial figures in HKD?,1.0,1,0.5,1.0,1.0,1.0,1.0,311.8
crossdomain,proposed,579,"In the analysis of the US market, what is the calculated covariance for VOL_DER and CPI_US?",1.0,1,1.0,1.0,1.0,1.0,1.0,472.79
crossdomain,proposed,580,How do different trade scenario models affect the economic output of Northern Asia?,1.0,1,1.0,1.0,1.0,1.0,1.0,292.56
crossdomain,proposed,581,"What were the significant patterns in the fluctuations of oil prices from 2008 to 2012, based on the Department of Commerce figures?",1.0,1,1.0,1.0,1.0,1.0,1.0,436.21
crossdomain,proposed,582,What was the variation in the after-tax NTA from May to June 2021 based on the available data?,,>10,0.0,0.0,0.0,0.0,0.0,285.2
crossdomain,proposed,583,"For the year 2016, what are the reported amounts for taxes related to Hong Kong Profits and those outside Hong Kong, including deferred taxes?",1.0,1,0.5,1.0,1.0,1.0,0.8333333333333333,330.97
crossdomain,proposed,584,What are the reasons that employing credit leverage can elevate a client's financial commitments?,3.0,2-5,0.0,0.5,1.0,0.3333333333333333,0.3333333333333333,434.99
crossdomain,proposed,585,What were the reasons that led economic analysts to expect different global GDP reductions between -0.089% and -0.404% during the Covid-19 outbreak?,1.0,1,1.0,1.0,1.0,1.0,1.0,333.93
crossdomain,proposed,586,"In the January 2020 assembly at South University, what were the main conclusions regarding the strategy to lower costs and the $2.4M objective?",1.0,1,0.2,0.8,1.0,1.0,0.9111111111111111,305.37
crossdomain,proposed,587,How much are Finders Resources Limited's current liabilities listed for mid-2012?,1.0,1,0.5,1.0,1.0,1.0,1.0,258.13
crossdomain,proposed,588,What are the main financial insights from inventory and bank balances for the six months ending June 2018?,1.0,1,0.5,1.0,1.0,1.0,0.8333333333333333,292.98
crossdomain,proposed,589,What is the GDP effect on various regions when considering the Asia-wide Free Trade Area according to the 2004 APEC Economic Outlook?,1.0,1,1.0,1.0,1.0,1.0,1.0,329.39
crossdomain,proposed,590,Can you provide the main points of the changes to the BPO call center service contracts that were covered during the June 2020 committee and board meetings?,1.0,1,0.5,1.0,1.0,1.0,0.75,316.39
crossdomain,proposed,591,"How much was earned from external customer sales in Hong Kong, SAR, during the years 2001 and 2002 according to the segment revenue?",2.0,2-5,0.0,1.0,1.0,0.5,0.5,481.65
crossdomain,proposed,592,"How did the U.S. Home Price Index, tracked by S&P/Case-Shiller, change from mid-2015 to late 2018 under the PNC stress test conditions?",1.0,1,0.5,1.0,1.0,1.0,1.0,349.28
crossdomain,proposed,593,"How do active management strategies, including asset allocation and security selection, affect the performance and risk of pension plans relative to their policy benchmarks?",1.0,1,0.3333333333333333,1.0,1.0,1.0,1.0,374.41
crossdomain,proposed,594,How do the estimates for Pareto's Alpha change from 95 to 70 across various implicate scenarios?,1.0,1,1.0,1.0,1.0,1.0,1.0,650.11
crossdomain,proposed,595,In what way do the impacts of having a tax haven subsidiary on effective tax rates vary when comparing naively-averaged and revenue-weighted ExTR measures?,1.0,1,0.25,1.0,1.0,1.0,1.0,308.41
crossdomain,proposed,596,"In the primary scenario of the HFCS research, what is the threshold set for the original dataset regarding household net wealth?",1.0,1,1.0,1.0,1.0,1.0,1.0,385.05
crossdomain,proposed,597,"According to the 2003 Executive Opinion Survey, how did different nations rank in terms of limiting foreign ownership?",1.0,1,1.0,1.0,1.0,1.0,1.0,288.38
crossdomain,proposed,598,"In 2005, how did the adjusted net saving percentages of GNI compare among the low, middle, and high-income classifications?",1.0,1,0.5,1.0,1.0,1.0,1.0,332.28
crossdomain,proposed,599,What trend is observed in unemployment rates over the years from 1995 to 2020 based on Figure 12?,3.0,2-5,0.0,1.0,1.0,0.3333333333333333,0.3333333333333333,1021.35
crossdomain,proposed,600,What is the scientific meaning of the abbreviation 'L-NAME' as it relates to Nω-L-nitro arginine methyl ester?,1.0,1,1.0,1.0,1.0,1.0,1.0,319.71
crossdomain,proposed,601,"In the glucocorticoid research, which reason was predominantly cited for patient exclusion involving 679 cases?",1.0,1,1.0,1.0,1.0,1.0,1.0,719.42
crossdomain,proposed,602,How long should one wait to vaccinate after completing IVIG treatment for conditions other than COVID-19 to prevent possible side effects?,1.0,1,0.5,1.0,1.0,1.0,1.0,538.01
crossdomain,proposed,603,"In a cardiac rehab interval workout, what are the different stages and how long does each last?",1.0,1,1.0,1.0,1.0,1.0,1.0,289.45
crossdomain,proposed,604,"According to Meng et al. (2020), how does ACEI or ARB treatment impact those with hypertension and COVID-19?",1.0,1,1.0,1.0,1.0,1.0,1.0,301.42
crossdomain,proposed,605,"For individuals experiencing amnesia with a history of encephalitis examined in the 1990s, what was identified as the cause?",1.0,1,1.0,1.0,1.0,1.0,1.0,501.38
crossdomain,proposed,606,In what way did the damage to the superficial femoral artery impact the surgical strategy for a high-level leg amputation?,3.0,2-5,0.0,1.0,1.0,0.3333333333333333,0.3333333333333333,287.96
crossdomain,proposed,607,"Identify the reasons and initial years for memory loss in individuals A.B., L.J., E.P., and G.T. with varying spans.",1.0,1,1.0,1.0,1.0,1.0,1.0,294.03
crossdomain,proposed,608,Could you provide the ISSN and edition details for the February 2014 issue of the Journal of Environmental Protection?,6.0,6-10,0.0,0.0,1.0,0.16666666666666666,0.16666666666666666,558.86
crossdomain,proposed,609,How is unstructured database information transformed into a final dataset for studying breast cancer using Python?,1.0,1,1.0,1.0,1.0,1.0,1.0,297.95
crossdomain,proposed,610,"In the analysis of obesity risk elements related to home and school, what are the z-scores for the group categorized as the third class for aspects such as 'TV in Room' and 'Can buy Salty Snacks at School'?",1.0,1,1.0,1.0,1.0,1.0,1.0,364.23
crossdomain,proposed,611,How does A172R-exo treatment affect the spheroid size in U87 and A172 cell cultures?,1.0,1,1.0,1.0,1.0,1.0,1.0,334.47
crossdomain,proposed,612,How much of the demographic distribution covers nations reached by the top recognized scientists with IntechOpen?,3.0,2-5,0.0,1.0,1.0,0.3333333333333333,0.3333333333333333,303.33
crossdomain,proposed,613,"In the examination of A561V HERG transport, how does CRT mRNA expression in CRT-overexpressed cells compare to that in the vector control?",1.0,1,1.0,1.0,1.0,1.0,1.0,310.15
crossdomain,proposed,614,"How did the tube filtration assessments turn out across the distinct diagnostic locations including G1, G2, M1, M2, P1, and P2?",1.0,1,1.0,1.0,1.0,1.0,1.0,328.52
crossdomain,proposed,615,"What differences were observed in severe disease occurrence and blood markers between those on ACEI or ARB treatment and patients using alternative blood pressure medications during COVID-19, according to Meng et al. (2020)?",1.0,1,1.0,1.0,1.0,1.0,1.0,299.94
crossdomain,proposed,616,"What is the impact on Cyc D* levels as ks_egr3 changes, according to the 2017 study in BMC Systems Biology?",1.0,1,1.0,1.0,1.0,1.0,1.0,347.06
crossdomain,proposed,617,What impact does the expression of Egr3 have on the concentrations of Cyc D* and Cyc E* with rising ks_egr3 values?,1.0,1,1.0,1.0,1.0,1.0,1.0,284.85
crossdomain,proposed,618,"In what ways does the growth of Bifidobacterium fluctuate across varied FS treatments, including FS-Pla and FS-Syn, over a timeline?",1.0,1,1.0,1.0,1.0,1.0,1.0,299.45
crossdomain,proposed,619,Which symptoms are recorded for patients on the medical history page of Klinik Citra Bunda?,1.0,1,1.0,1.0,1.0,1.0,1.0,284.22
crossdomain,proposed,620,How does the expression of miR-25-3p differ between A172R-exo and A172-exo within TMZ-resistant GBM cells?,1.0,1,1.0,1.0,1.0,1.0,1.0,432.41
crossdomain,proposed,621,"Among the psychiatric patient demographics at Ibn Baja Taza Hospital, which age bracket shows the greatest male majority?",1.0,1,0.5,1.0,1.0,1.0,1.0,1895.63
crossdomain,proposed,622,How many nuclei are typically found in AX2 and AT-Kneg cells as they grow?,1.0,1,1.0,1.0,1.0,1.0,1.0,277.39
crossdomain,proposed,623,"In the research on preventing cholesteatoma in rats with intratympanic Mesna, what differences are observed in tympanic bulla mucosal thickness between the experimental and control groups?",1.0,1,0.5,1.0,1.0,1.0,1.0,283.93
crossdomain,proposed,624,Can you provide the ITS4 and ITS5 primer sequences applied in the genetic study of A. flavus?,1.0,1,0.5,1.0,1.0,1.0,1.0,300.14
crossdomain,proposed,625,"How do the RMSEA values differ among the models assessing WM storage, and what does this indicate about their fit?",1.0,1,1.0,1.0,1.0,1.0,1.0,313.43
crossdomain,proposed,626,How does Egr3 influence the proportion of cells remaining in the G0 phase as described in the BMC Systems Biology 2017 study?,1.0,1,1.0,1.0,1.0,1.0,1.0,269.51
crossdomain,proposed,627,How does CARBENOXOLONE interact with NAAA and HSD11B1 based on CRISPR screening results?,1.0,1,1.0,1.0,1.0,1.0,1.0,753.06
crossdomain,proposed,628,"For the GS1 DataMatrix, how is the serial number characterized in terms of type and allowable length, specifically using Application Identifier 21?",1.0,1,0.5,1.0,1.0,1.0,1.0,1083.17
crossdomain,proposed,629,How does introducing Egr3 influence the growth rate of cells relative to a non-transduced control?,1.0,1,1.0,1.0,1.0,1.0,1.0,275.66
crossdomain,proposed,630,Which individual is listed as the chief editor in the document detailing the historical perspective on vitamin D?,1.0,1,1.0,1.0,1.0,1.0,1.0,353.47
crossdomain,proposed,631,What is the difference in average monitoring duration for chronic hepatitis C patients who developed cirrhosis compared to those who did not after successful treatment?,1.0,1,0.5,1.0,1.0,1.0,1.0,430.42
crossdomain,proposed,632,What effect do optimal spacing choices within text have on its ease of reading?,1.0,1,0.5,1.0,1.0,1.0,0.75,287.28
crossdomain,proposed,633,"In the PEACE analysis using Kaplan-Meier estimates, what interval is noted for the coverage probability?",1.0,1,1.0,1.0,1.0,1.0,1.0,533.34
crossdomain,proposed,634,What are the initial QUICKI measurements for diabetic and nondiabetic participants in the LCD intervention?,1.0,1,1.0,1.0,1.0,1.0,1.0,304.76
crossdomain,proposed,635,"In the process of viral DNA packaging, how is the variation in free energy linked to the different stages along the reaction path?",1.0,1,1.0,1.0,1.0,1.0,1.0,395.02
crossdomain,proposed,636,"What was the focus of the study conducted by Dr. Nadia Shafique and Prof. Nasim Chaudhry, which received approval on the 23rd of July, 2020, with the NBC code NBC-517?",1.0,1,0.5,1.0,1.0,1.0,1.0,333.35
crossdomain,proposed,637,"What are the differences in the years of retrograde memory loss for A.B., L.J., E.P., and G.T.?",1.0,1,1.0,1.0,1.0,1.0,1.0,805.19
crossdomain,proposed,638,"In the LCD intervention trial, how do the initial plasma total testosterone levels differ between diabetic participants and the control group?",1.0,1,1.0,1.0,1.0,1.0,1.0,340.67
crossdomain,proposed,639,"Among the WM storage models, which one exhibits the smallest RMSEA?",1.0,1,1.0,1.0,1.0,1.0,1.0,337.6
crossdomain,proposed,640,How are the incompressibility parameters adjusted in the iLogDemons setup when tracking heart movement?,1.0,1,0.5,1.0,1.0,1.0,1.0,284.64
crossdomain,proposed,641,"How do the CAT activity levels compare in HeLa cells when transfected with the plasmids pBLCAT3, E1bTATACAT, and 4EBECAT?",1.0,1,1.0,1.0,1.0,1.0,1.0,317.07
crossdomain,proposed,642,Which procedure was used to stabilize the injury from a rapid impact resulting in an open pelvic fracture?,6.0,6-10,0.0,0.0,1.0,0.16666666666666666,0.16666666666666666,285.38
crossdomain,proposed,643,How were severe fractures in the left leg addressed following a transfemoral amputation?,1.0,1,1.0,1.0,1.0,1.0,1.0,403.64
crossdomain,proposed,644,What effect does administering corticosterone have on the duration of exploration for both younger and older test subjects in the study?,1.0,1,1.0,1.0,1.0,1.0,1.0,310.32
crossdomain,proposed,645,"In the case of TTC Osteotomy -001, what are the highest and lowest von-Mises stress values recorded for talus cartilage?",1.0,1,1.0,1.0,1.0,1.0,1.0,288.42
crossdomain,proposed,646,What is the difference in the onset age of symptoms between approved and rejected applications in the UDN dataset?,1.0,1,0.5,1.0,1.0,1.0,0.8333333333333333,435.27
crossdomain,proposed,647,"According to Table 5, what are the mean platelet levels for individuals with both positive and negative IgG anti-cardiolipin antibodies?",1.0,1,0.3333333333333333,1.0,1.0,1.0,1.0,300.98
crossdomain,proposed,648,"In scientific literature, what substances are noted as inhibitors for the gene HSD11B1, where their inhibitory action is validated by the gene effect?",1.0,1,1.0,1.0,1.0,1.0,1.0,312.87
crossdomain,proposed,649,How are the iLogDemons parameters configured for tracking cardiac motion in the dataset from the STACOM 2011 challenge?,1.0,1,0.5,1.0,1.0,1.0,1.0,295.15
crossdomain,proposed,650,How are ages distributed among those who faced issues after circumcision?,1.0,1,0.5,1.0,1.0,1.0,0.75,331.43
crossdomain,proposed,651,"What is the effect on application processing time when altering the count of applications reviewed in each 7-day session using FIFO, Best-classifier, and Accept-first approaches?",1.0,1,1.0,1.0,1.0,1.0,1.0,439.46
crossdomain,proposed,652,"In the chart depicting pooling metrics, which of the combinations CFS, CMS, CFU, or CMU exhibits the minimum sensitivity level?",1.0,1,1.0,1.0,1.0,1.0,1.0,3650.14
crossdomain,proposed,653,Which approach attained the top F1-score in the WeiboNER knowledge transfer experiment as indicated in the results?,1.0,1,1.0,1.0,1.0,1.0,1.0,1296.69
crossdomain,proposed,654,"In the 2020 Cancer Cytopathology study, how was the accuracy of circulating tumor cells as a marker for lung cancer diagnosis different between the discovery, validation, and overall groups?",1.0,1,1.0,1.0,1.0,1.0,1.0,308.28
crossdomain,proposed,655,How did the staining patterns of p-H2AX and Ki 67 change at 24 hours post-radiation exposure of 5 Gy compared to untreated samples?,1.0,1,1.0,1.0,1.0,1.0,1.0,369.46
crossdomain,proposed,656,What is the alteration in Lgr5 expression 24 hours following exposure to a 5 Gy radiation dose in comparison to no treatment?,1.0,1,1.0,1.0,1.0,1.0,1.0,488.09
crossdomain,proposed,657,How do fundamental color pairings influence the capacity to distinguish colors?,,>10,0.0,0.0,0.0,0.0,0.0,354.46
crossdomain,proposed,658,How do varying levels of homocysteine impact the rates of amputation and mortality in peripheral artery surgeries as per the study's findings?,1.0,1,0.5,1.0,1.0,1.0,1.0,334.66
crossdomain,proposed,659,"In studies examining the subtraction of single digits from letter strings, what are the coordinate ranges for activation in the three dimensions?",1.0,1,1.0,1.0,1.0,1.0,1.0,309.87
crossdomain,proposed,660,"In the French study on cardiac rehabilitation for CHD patients, what was the number of individuals assigned to the intervention group following randomisation?",2.0,2-5,0.0,1.0,1.0,0.5,0.5,294.73
crossdomain,proposed,661,How do different microbial groups like DPANN and Patescibacteria cluster when examining their distribution along principal component axes?,1.0,1,1.0,1.0,1.0,1.0,1.0,801.71
crossdomain,proposed,662,How does the expansion of intraretinal fluid by 0.1 mm3 influence best-corrected visual acuity within the central millimeter for individuals with neovascular AMD?,1.0,1,0.5,1.0,1.0,1.0,1.0,291.57
crossdomain,proposed,663,"In the UDN research, which symptoms had a notably different frequency between those whose applications were accepted and those who were not, after adjusting for multiple comparisons?",1.0,1,0.5,1.0,1.0,1.0,0.8333333333333333,284.29
crossdomain,proposed,664,How does the I2S percentage in Batch11 differ from that in Enoxaparin based on their saccharide compositions?,1.0,1,1.0,1.0,1.0,1.0,1.0,308.63
crossdomain,proposed,665,"In the 2013 research on externalizing behavior disorders, how do Theory of Mind emotions relate to various developmental and self-regulatory variables in children?",1.0,1,0.5,1.0,1.0,1.0,1.0,443.93
crossdomain,proposed,666,"For Measurement Model 5, which considers separate AC, capacity, and SM factors, what are the NNFI and CFI results related to WM storage?",1.0,1,1.0,1.0,1.0,1.0,1.0,752.75
crossdomain,proposed,667,How does Factor IXa's residual inhibition activity change with different levels of inhibitor in the research on S. broughtonii's anticoagulant properties?,1.0,1,1.0,1.0,1.0,1.0,1.0,968.23
crossdomain,proposed,668,Which digits are used for encoding the National Trade Item Number in pharmaceutical GS1 standards?,1.0,1,0.5,1.0,1.0,1.0,1.0,268.89
crossdomain,proposed,669,"In the ENRICH research, what alteration is seen in the MDASI-CML Specific Symptom Score from the first to the twelfth EOC for individuals with CML?",1.0,1,1.0,1.0,1.0,1.0,1.0,312.57
crossdomain,proposed,670,What impact did the administration of αCD25 and αCD4 have on the secretion levels of IFN-γ in B6 WT compared to langDTR mice in the context of DC subset analysis?,1.0,1,1.0,1.0,1.0,1.0,1.0,2038.38
crossdomain,proposed,671,In what way do SeVhAng-1 engineered MSCs impact the density of capillaries in ischemic heart regions of rats?,1.0,1,1.0,1.0,1.0,1.0,1.0,356.5
crossdomain,proposed,672,What methods are utilized in developing concepts for integrated care technology acceptance as per Harst and colleagues' study?,1.0,1,1.0,1.0,1.0,1.0,1.0,406.4
crossdomain,proposed,673,Which sequences are categorized within the MR exam guidelines?,,>10,0.0,0.0,0.0,0.0,0.0,1845.98
crossdomain,proposed,674,"In the study focusing on auricular acupuncture, which randomized group showed the most significant decrease in waist size from the beginning to the end of the study?",1.0,1,0.5,1.0,1.0,1.0,1.0,316.59
crossdomain,proposed,675,Why were individuals not included in the ω-3 fatty acid supplementation research with EPA and DHA capsules?,1.0,1,1.0,1.0,1.0,1.0,1.0,860.45
crossdomain,proposed,676,"In the 8-week study with LCD intervention, how did baseline QUICKI values compare across the diabetic, nondiabetic, and control participants?",1.0,1,1.0,1.0,1.0,1.0,1.0,487.19
crossdomain,proposed,677,Can you provide the activation peak Talairach coordinates for subjects 1 through 5 when comparing letter strings to digit strings?,1.0,1,1.0,1.0,1.0,1.0,1.0,1902.35
crossdomain,proposed,678,How was the open pelvic ring fracture managed following the high-speed injury?,1.0,1,1.0,1.0,1.0,1.0,1.0,424.88
crossdomain,proposed,679,"What are the recognition and error rates for each grouping of body parts like wrist, upper arm, pelvis, thigh, and ankle in the research?",1.0,1,0.5,1.0,1.0,1.0,1.0,289.09
crossdomain,proposed,680,"After concluding treatment with cyclosporine/ATG for aplastic anemia, when should vaccinations be considered?",1.0,1,0.5,0.5,1.0,1.0,0.625,370.36
crossdomain,proposed,681,"Following evaluation in the clinical study, what conditions led to participant exclusion, including duration of psychosis, treatment history, and cognitive assessment?",1.0,1,1.0,1.0,1.0,1.0,1.0,467.79
crossdomain,proposed,682,"What are the initial IIEF score differences between the control, nondiabetic LCD, and diabetic LCD groups?",1.0,1,1.0,1.0,1.0,1.0,1.0,296.52
crossdomain,proposed,683,How do SVR rates compare between chronic hepatitis C patients who did and did not develop cirrhosis?,1.0,1,0.5,1.0,1.0,1.0,1.0,539.54
crossdomain,proposed,684,How are gene families formed in Staphylococcus aureus using techniques like CDS re-annotation and homolog filtering?,1.0,1,1.0,1.0,1.0,1.0,1.0,335.67
crossdomain,proposed,685,"In the rat study concerning intratympanic Mesna use, what is the range of tympanic membrane thicknesses observed in the experimental cohort?",1.0,1,0.5,1.0,1.0,1.0,1.0,290.64
crossdomain,proposed,686,"During the study on hot towel application times, which duration led to the highest frequency of being perceived as very warm: 10s, 15s, or 20s?",1.0,1,1.0,1.0,1.0,1.0,1.0,530.36
crossdomain,proposed,687,"In the transfer task for WeiboNER, how does the performance of La-DTL in terms of F1-score stand against other approaches?",1.0,1,1.0,1.0,1.0,1.0,1.0,309.75
crossdomain,proposed,688,"In what way did A.B.'s memory for public occurrences change over the years relative to control participants, focusing on the period leading up to his amnesia?",1.0,1,1.0,1.0,1.0,1.0,1.0,293.12
crossdomain,proposed,689,"In the experiment using QT6 cells with Myb, C/EBP, and PU.1 vectors, how do the luciferase activity levels of fl-Enh and min-Enh compare?",1.0,1,1.0,1.0,1.0,1.0,1.0,558.79
crossdomain,proposed,690,"In the research at Ibn Baja Taza Hospital, what was the psychiatric condition with the second greatest occurrence?",1.0,1,0.5,1.0,1.0,1.0,1.0,2373.53
crossdomain,proposed,691,"What changes occur in axial force with increasing depth in phantom models, particularly at the interface of healthy and cancerous tissues?",,>10,0.0,0.0,0.0,0.0,0.0,424.63
crossdomain,proposed,692,"In the publication by IntechOpen on Open Access titles, what proportion of nations received inputs from top-cited researchers?",2.0,2-5,0.0,1.0,1.0,0.5,0.5,322.22
crossdomain,proposed,693,"In the study of kidney treatments, how does the relative optical density of HO-1 vary with different hypothermia protocols?",1.0,1,1.0,1.0,1.0,1.0,1.0,313.17
crossdomain,proposed,694,"How do initial plasma glucose levels, insulin, and insulin sensitivity compare between control subjects and those on low-carbohydrate diets, with and without diabetes?",1.0,1,1.0,1.0,1.0,1.0,1.0,344.2
crossdomain,proposed,695,How did the proportion of F4/80+CD11b+ cells in ImmTOR-Cy5 treated mice compare to those in untreated mice on the first day?,1.0,1,1.0,1.0,1.0,1.0,1.0,332.75
crossdomain,proposed,696,"How should the timing of COVID-19 vaccination be managed for patients undergoing autologous HSCT, both prior to and following the procedure?",1.0,1,0.5,1.0,1.0,1.0,1.0,321.64
crossdomain,proposed,697,What experimental evidence is linked to the function of contrast sensitivity in the context of age-related visual changes?,2.0,2-5,0.0,1.0,1.0,0.5,0.45,291.3
crossdomain,proposed,698,"How did HO-1 levels change in kidney tissues across the sham, normothermia, and various hypothermia groups?",1.0,1,1.0,1.0,1.0,1.0,1.0,303.61
crossdomain,proposed,699,How did the initial weight percentages alter for mice given isotype control compared to those treated with aHVEM after starting the treatment over 15 days?,,>10,0.0,0.0,0.0,0.0,0.0,393.25
crossdomain,proposed,700,"In 2020, how much did the Maine Insurance Guaranty Association collect from each recovery category?",1.0,1,0.3333333333333333,0.6666666666666666,0.6666666666666666,1.0,1.0,295.55
crossdomain,proposed,701,"In the 2020 MIGA Annual Report, how much assessment ability was estimated for 'Other' categories using 2% of the 2019 net direct written premiums?",1.0,1,0.5,1.0,1.0,1.0,1.0,377.82
crossdomain,proposed,702,"In the data compiled for 2010, which locations are reported to have over 40% of their correctional facilities under private management?",1.0,1,1.0,1.0,1.0,1.0,1.0,302.54
crossdomain,proposed,703,"In the context of the BIIAB's educational program, which substances are identified as frequently connected to unlawful acts on licensed locations?",1.0,1,1.0,1.0,1.0,1.0,1.0,432.61
crossdomain,proposed,704,For what reason is the Ombudsperson initiative by SOS Children’s Villages being established worldwide to aid individuals affected by abuse?,1.0,1,1.0,1.0,1.0,1.0,1.0,325.77
crossdomain,proposed,705,"In the 2020 authority request disclosure document, where is the discussion on Telenor Pakistan found?",1.0,1,1.0,1.0,1.0,1.0,1.0,402.87
crossdomain,proposed,706,"During the period from 2006 to 2016, when did the most courts establish an online presence?",1.0,1,1.0,1.0,1.0,1.0,1.0,361.85
crossdomain,proposed,707,When does the agreement between Mastar Florida Corp. and InforSense.com end according to the overview of contracts dashboard?,1.0,1,1.0,1.0,1.0,1.0,1.0,291.56
crossdomain,proposed,708,On what date did the Active Non-Disclosure Agreement titled 'Mutual Confidentiality Agreement' between Mastar Barcelona S.A. and Access Limited become effective?,,>10,0.0,0.0,0.0,0.0,0.0,738.39
crossdomain,proposed,709,"If an urgent legal document requires alt text and consent is given for later inclusion, what should the drafter do?",1.0,1,0.5,1.0,1.0,1.0,1.0,591.39
crossdomain,proposed,710,"In the contract signed by Mr. Washburn, what date is found within the termination provision?",1.0,1,1.0,1.0,1.0,1.0,1.0,286.8
crossdomain,proposed,711,"According to the Australian Institute of Criminology, what elements increase the risk of repeat sexual offenses by child sex offenders as time progresses?",1.0,1,0.25,1.0,1.0,1.0,1.0,303.11
crossdomain,proposed,712,How do the feature sets and subscription models of LegiNation's BillTrack50 compare to those of TrackBill for tracking legislative activities?,1.0,1,0.3333333333333333,1.0,1.0,1.0,1.0,338.29
crossdomain,proposed,713,Can you provide the start and end dates for the active agreements listed in the Contracts - Purchase contracts dashboard related to NDAs?,3.0,2-5,0.0,1.0,1.0,0.3333333333333333,0.3333333333333333,356.05
crossdomain,proposed,714,How is a significant transaction defined when it involves an Issuer borrowing or lending amounts exceeding 10% of its market value?,1.0,1,1.0,1.0,1.0,1.0,1.0,317.26
crossdomain,proposed,715,In how many instances involving claims of domestic mistreatment is unrestricted interaction with the child determined?,1.0,1,1.0,1.0,1.0,1.0,1.0,594.47
crossdomain,proposed,716,How might the use of digital trading systems introduce potential hazards according to the banking risk assessment?,1.0,1,0.5,1.0,1.0,1.0,0.8333333333333333,348.68
crossdomain,proposed,717,"In Arizona's right of way, what infrastructure, associated with the Small Cell Act of 2018, is utilized for telecommunication purposes?",1.0,1,1.0,1.0,1.0,1.0,1.0,434.26
crossdomain,proposed,718,"Which conditions must a business meet in terms of revenue reduction and workforce size to qualify for the Ontario Small Business Support Grant starting December 26, 2020?",1.0,1,0.5,1.0,1.0,1.0,1.0,265.55
crossdomain,proposed,719,In what way does the Risk Assessment report illustrate the compliance conditions of different file categories?,1.0,1,1.0,1.0,1.0,1.0,1.0,285.96
crossdomain,proposed,720,What was the trend in serious road injuries in Durham from 2016 through 2020?,1.0,1,0.25,1.0,1.0,1.0,1.0,569.44
crossdomain,proposed,721,"In the context of the Half-way House program, how do rearrest, reconviction, and re-imprisonment rates differ between those who completed the program successfully and those who did not?",1.0,1,1.0,1.0,1.0,1.0,1.0,573.65
crossdomain,proposed,722,"In the recidivism analysis, how do the re-arrest percentages for those who did not complete their programs differ between the half-way house and day reporting?",1.0,1,1.0,1.0,1.0,1.0,1.0,2114.9
crossdomain,proposed,723,"Where does 3M possess a trio of operations: sales, manufacturing, and technical expertise?",2.0,2-5,0.0,1.0,1.0,0.5,0.5,295.65
crossdomain,proposed,724,"How many people follow the Yuba County Sheriff's profiles on Facebook, Twitter, and Instagram?",1.0,1,1.0,1.0,1.0,1.0,1.0,295.61
crossdomain,proposed,725,What is the difference in the proportion of insured people between the age groups 45 to 54 and 55 to 64 based on the 2020 data from the U.S. Census Bureau?,1.0,1,1.0,1.0,1.0,1.0,1.0,323.68
crossdomain,proposed,726,"In the context of federally funded initiatives, which activities are considered suitable for direct cost allocation, including research data management and extensive administrative effort?",1.0,1,0.5,1.0,1.0,1.0,1.0,320.47
crossdomain,proposed,727,"Which subjects are covered in the Amnesty International document discussing changes to Poland's judicial system, addressing issues like the Supreme Court?",1.0,1,0.3333333333333333,0.6666666666666666,1.0,1.0,0.8095238095238094,342.07
crossdomain,proposed,728,Who are the law enforcement officers at the trial of Richard Daschbach in Oecusse?,1.0,1,1.0,1.0,1.0,1.0,1.0,287.48
crossdomain,proposed,729,"How old, on average, are the individuals involved in the report from the Specialized Dockets Section of Ohio's Supreme Court?",1.0,1,0.5,1.0,1.0,1.0,1.0,339.73
crossdomain,proposed,730,When do the agreements involving Master International and Wolters Kluwer Belgium start and end?,,>10,0.0,0.0,0.0,0.0,0.0,300.15
crossdomain,proposed,731,Which accolade did Entain receive in 2020 for its commitment to responsible gambling at the EGR event?,1.0,1,1.0,1.0,1.0,1.0,1.0,296.83
crossdomain,proposed,732,"In the context of Rueda and Emmenegger's findings, how does one's employment condition impact their propensity to support major right-wing parties?",1.0,1,1.0,1.0,1.0,1.0,1.0,301.09
crossdomain,proposed,733,How does European Directive 2014/59/EU describe the dangers linked to investing in unsecured credit institution instruments?,1.0,1,0.5,1.0,1.0,1.0,0.75,265.91
crossdomain,proposed,734,When does the contract named 'BUSINESS AGREEMENT' between Mastar Florida Corp. and InforSense.com terminate according to the contract overview?,2.0,2-5,0.0,1.0,1.0,0.5,0.5,309.77
crossdomain,proposed,735,"In the 2020 report on authority requests, which pages cover Telenor's activities in both Bangladesh and Norway?",1.0,1,0.5,1.0,1.0,1.0,1.0,337.05
crossdomain,proposed,736,"When is the shareholder assembly for the Natural Gas Services Group, Inc. set to occur, including its specific time?",3.0,2-5,0.0,1.0,1.0,0.3333333333333333,0.3333333333333333,1202.5
crossdomain,proposed,737,"What led to the court's decision to overturn and return the case involving Maimouna Barry against US Airways Group, Inc.?",2.0,2-5,0.0,1.0,1.0,0.5,0.6388888888888888,319.88
crossdomain,proposed,738,"In the 'Collaborating for Freedom' analysis, which funding type decreased from 2017 to 2019?",1.0,1,1.0,1.0,1.0,1.0,1.0,306.45
crossdomain,proposed,739,"Until what date could businesses apply for the Ontario grant supporting small enterprises impacted by the shutdown starting on December 26, 2020?",1.0,1,0.5,1.0,1.0,1.0,1.0,312.24
crossdomain,proposed,740,Who is listed as the approver for the CCTV Policy's implementation at the Tower Learning Centre in the review details?,1.0,1,1.0,1.0,1.0,1.0,1.0,266.13
crossdomain,proposed,741,Which organization is connected to the Sprout Anarchist group located in Grand Rapids?,1.0,1,1.0,1.0,1.0,1.0,1.0,287.35
crossdomain,proposed,742,"For the NFA group modeled with a Mixture Exponential distribution, how does the chance of arrest in the upcoming year, given it hasn't happened yet, change over the first eight years?",1.0,1,1.0,1.0,1.0,1.0,1.0,269.06
crossdomain,proposed,743,"Among U.S. adolescents, what is the proportion that favors Snapchat over other platforms like YouTube?",4.0,2-5,0.0,1.0,1.0,0.25,0.25,351.81
crossdomain,proposed,744,At what stage is alt text required for images in a principal or amending Bill according to the Federal Register procedures?,1.0,1,0.5,1.0,1.0,1.0,1.0,340.71
crossdomain,proposed,745,"As of March 31, 2021, what is the cumulative balance for the Chamber of Tax Consultants accounting for all specified memberships and designated funds?",1.0,1,0.3333333333333333,1.0,1.0,1.0,1.0,1041.37
crossdomain,proposed,746,How were the mobile devices affected following their seizure by Croatian authorities using aerial assistance?,1.0,1,1.0,1.0,1.0,1.0,1.0,315.29
crossdomain,proposed,747,How does understanding of coercive control vary among different age groups?,1.0,1,1.0,1.0,1.0,1.0,1.0,1567.0
crossdomain,proposed,748,"At what time and through what method will the Governance Committee of Sullivan County Infrastructure LDC convene on December 23, 2020?",1.0,1,0.3333333333333333,1.0,1.0,1.0,1.0,350.32
crossdomain,proposed,749,How do the initial costs and ongoing fees compare between Retirement Village and Sterling New Life for elderly accommodation options?,1.0,1,1.0,1.0,1.0,1.0,1.0,988.6
crossdomain,proposed,750,"What is mentioned concerning gender terminology in the Council's policy reapproved in May 2021, based on a September 2018 directive?",1.0,1,0.3333333333333333,1.0,1.0,1.0,1.0,287.96
crossdomain,proposed,751,When does the corporate software license agreement between Master International Holding B.V. and Wolters Kluwer Belgium conclude?,10.0,6-10,0.0,0.0,1.0,0.1,0.1,348.56
crossdomain,proposed,752,How many people are employed worldwide by 3M in the current year?,2.0,2-5,0.0,1.0,1.0,0.5,0.5,355.83
crossdomain,proposed,753,"According to the 2020 data from the American Community Survey, what is the insured percentage for those aged 65 and above?",1.0,1,1.0,1.0,1.0,1.0,1.0,290.58
crossdomain,proposed,754,What inquiry is made to the electorate concerning the possible merger of the Mesa Water District with the Costa Mesa Sanitary District in the advisory ballot?,1.0,1,0.5,1.0,1.0,1.0,1.0,355.31
crossdomain,proposed,755,What were the reasons for partially upholding and partially overturning the ruling in the Wal-Mart vs. Sweasy case labeled 2008-CA-001571-WC?,1.0,1,0.3333333333333333,1.0,1.0,1.0,1.0,331.37
crossdomain,proposed,756,"What key approaches are utilized by SOS Children’s Villages to aid young individuals affected by mistreatment, such as the safeguarding and empowerment initiatives?",1.0,1,1.0,1.0,1.0,1.0,1.0,453.82
crossdomain,proposed,757,"In the disciplinary procedure, what is the function of the Headteacher alongside the Chair of Governors at the Written Warning Meeting stage?",1.0,1,1.0,1.0,1.0,1.0,1.0,328.55
crossdomain,proposed,758,What was the total amount assigned to the legal referral initiative by the Law Foundation of Newfoundland and Labrador over the years 1980 to 2014?,1.0,1,0.5,1.0,1.0,1.0,1.0,631.34
crossdomain,proposed,759,What is the date when the preliminary inquiry was submitted in Case C-20/21 against a Polish airline company?,1.0,1,1.0,1.0,1.0,1.0,1.0,430.55
crossdomain,proposed,760,"In business risk evaluations, what weaknesses are connected to the absence of fire detection mechanisms?",1.0,1,1.0,1.0,1.0,1.0,1.0,351.96
crossdomain,proposed,761,"What was the transformation in Peru's economic output from 1970, set as the baseline, to 2010?",1.0,1,1.0,1.0,1.0,1.0,1.0,406.56
crossdomain,proposed,762,What differences are observed in the detection of amphetamine when comparing 'high spiked' and 'low spiked' marks in fingermark analysis at m/z 368.4?,1.0,1,1.0,1.0,1.0,1.0,1.0,389.16
crossdomain,proposed,763,"How did the availability of N95 masks change for healthcare staff in Ontario on October 8, 2020, amid the pandemic?",1.0,1,0.25,0.75,1.0,1.0,0.8125,313.0
crossdomain,proposed,764,Which principal topics are highlighted in the second section of the Ninth Programme of Law Reform by the Scottish Law Commission?,1.0,1,0.3333333333333333,0.6666666666666666,0.6666666666666666,1.0,1.0,297.21
crossdomain,proposed,765,"Based on the July 2021 report from the Australian Institute of Criminology, what factors and periods are linked to sexual reoffending in child sex offenders?",1.0,1,0.25,1.0,1.0,1.0,1.0,335.91
crossdomain,proposed,766,"What were the conclusions or decisions in the dispute between Mark Steven Thomas and Rita Rose Thomas, case number 2008-CA-001036-ME, regarding the opinion result?",1.0,1,0.3333333333333333,1.0,1.0,1.0,1.0,963.88
crossdomain,proposed,767,How does the whistleblowing policy document describe the guiding principle of Slindon College?,1.0,1,1.0,1.0,1.0,1.0,1.0,1160.73
crossdomain,proposed,768,Which standards connected to the Wise Giving Alliance are referenced in the Legal Review by the Native American Rights Fund?,1.0,1,1.0,1.0,1.0,1.0,1.0,288.14
crossdomain,proposed,769,"How are CSOs involved in initiatives such as FSC, FLEGT, EITI, and the Kimberley Process concerning resource governance?",1.0,1,0.5,1.0,1.0,1.0,1.0,342.09
crossdomain,proposed,770,"What was the outcome determined by the Kentucky appellate court regarding the legal matter involving James Wesley Heady, identified as case number 2008-CA-001976-MR?",1.0,1,0.3333333333333333,1.0,1.0,1.0,1.0,283.13
crossdomain,proposed,771,What details are specified on the tags of standard DuraPro connectors for toilet tanks featuring plastic coupling nuts?,1.0,1,1.0,1.0,1.0,1.0,1.0,308.97
crossdomain,proposed,772,"What responsibilities are outlined in the proxy voting procedure for choosing directors and deciding on executive pay at Natural Gas Services Group, Inc.'s 2021 meeting?",1.0,1,0.25,1.0,1.0,1.0,1.0,1701.43
crossdomain,proposed,773,"According to the evaluation chart, what risk classification corresponds to a score of 80.7% on social media performance?",1.0,1,1.0,1.0,1.0,1.0,1.0,359.71
crossdomain,proposed,774,"What shifts occurred in the participation of various entities in anti-slavery collaborations from 2017 to 2019, focusing on the contributions of non-governmental organizations, local government bodies, and law enforcement?",1.0,1,1.0,1.0,1.0,1.0,1.0,3323.02
crossdomain,proposed,775,How did 3M allocate its supplier spending globally from 2016 to 2020?,2.0,2-5,0.0,1.0,1.0,0.5,0.5,609.79
crossdomain,proposed,776,How does the prescription rate of psychotropic drugs differ between male and female youths in Virginia's juvenile detention facilities?,1.0,1,1.0,1.0,1.0,1.0,1.0,556.99
crossdomain,proposed,777,"In instances involving claims of domestic abuse, how often was no contact directive issued?",1.0,1,1.0,1.0,1.0,1.0,1.0,392.12
crossdomain,proposed,778,What impact did the events from the T Day Ordinance through Takeshima Days between 2005 and 2015 have on material conflicts between Japan and South Korea?,1.0,1,1.0,1.0,1.0,1.0,1.0,505.56
crossdomain,proposed,779,How does the Sterling New Life plan financially benefit seniors as opposed to conventional retirement communities?,1.0,1,1.0,1.0,1.0,1.0,1.0,530.51
crossdomain,proposed,780,When did the contractual agreement with ABC Inc. regarding Corporate software start?,2.0,2-5,0.0,1.0,1.0,0.5,0.5,1300.05
crossdomain,proposed,781,What is the difference in total hours between disciplinary and other cases as specified in Provision 7's subdivisions (d)(1) through (d)(4)?,1.0,1,1.0,1.0,1.0,1.0,1.0,1549.06
crossdomain,proposed,782,What are the key objectives outlined for groups focused on freeing occupied regions and dismantling adversary nations?,1.0,1,0.3333333333333333,0.6666666666666666,1.0,1.0,0.6805555555555555,406.99
crossdomain,proposed,783,What causes unsecured bond investors to face drawbacks versus depositors under the EU directive related to financial institution recovery?,1.0,1,0.5,1.0,1.0,1.0,0.8333333333333333,301.27
crossdomain,proposed,784,"Which parties are appealing in the cases identified by the numbers 20027685 and 20027841, associated with Costco and BRE RC Maui Kapalua LLC?",1.0,1,1.0,1.0,1.0,1.0,1.0,680.18
crossdomain,proposed,785,What ruling was made in the case numbered 2008-CA-001571-WC related to Wal-Mart Stores and a workers' compensation dispute?,1.0,1,0.3333333333333333,1.0,1.0,1.0,1.0,301.37
crossdomain,proposed,786,Identify the appellant company linked to TMK 3-8-079-022-0000 in the case number 20027685.,1.0,1,1.0,1.0,1.0,1.0,1.0,1070.06
crossdomain,proposed,787,"How does Ontario's Main Street Relief Grant assist enterprises affected by the public health restrictions declared on October 9, 2020?",1.0,1,0.5,1.0,1.0,1.0,1.0,325.61
crossdomain,proposed,788,"According to the risk evaluation dated August 4, 2025, what percentage represents the candidate's LinkedIn social risk level?",1.0,1,1.0,1.0,1.0,1.0,1.0,1559.86
crossdomain,proposed,789,"What amount was collected over the year as Life Membership Fees based on the financial report of the Chamber of Tax Consultants ending March 31, 2021?",1.0,1,0.3333333333333333,1.0,1.0,1.0,1.0,376.13
crossdomain,proposed,790,"How long, on average, was the abuse committed by priests in relation to the count of victims affected?",1.0,1,1.0,1.0,1.0,1.0,1.0,292.57
crossdomain,proposed,791,What is the signing date of the contract between Mr. Washburn and the City of Osage Beach?,1.0,1,1.0,1.0,1.0,1.0,1.0,288.25
crossdomain,proposed,792,Which parts are listed under the coaching segment for intramural matches in the 2013 Fall guide of the Valley Stream Soccer Club for parents and coaches?,1.0,1,0.5,1.0,1.0,1.0,1.0,987.66
crossdomain,proposed,793,"Between 2017 and 2019, which funding source for partnerships saw the biggest decline, specifically in terms of government contributions?",1.0,1,1.0,1.0,1.0,1.0,1.0,2191.26
crossdomain,proposed,794,Identify the chapter titles and numbers listed in the first section of ISO/IEC 17021–1:2015.,1.0,1,1.0,1.0,1.0,1.0,1.0,380.66
crossdomain,proposed,795,"When does the business contract between Mastar Denmark AB and its associated party conclude, according to the Contracts dashboard details?",1.0,1,1.0,1.0,1.0,1.0,1.0,271.31
crossdomain,proposed,796,How does the insurance rate differ between those aged 26 to 34 and those from 35 to 44 based on census data?,1.0,1,1.0,1.0,1.0,1.0,1.0,611.4
crossdomain,proposed,797,"According to Baltic International Bank's financial instruments details, what potential losses arise from conducting trades beyond standard session times?",1.0,1,0.5,1.0,1.0,1.0,1.0,361.85
crossdomain,proposed,798,What are the comparative statistics for racial groups between the general U.S. demographics and those incarcerated?,1.0,1,1.0,1.0,1.0,1.0,1.0,790.54
crossdomain,proposed,799,What was the total number of service calls managed by the YCSO in 2018 based on their records?,1.0,1,1.0,1.0,1.0,1.0,1.0,322.81
education,baseline_clip,0,What distinguishes the Transformative Approach from the Additive Approach in multicultural education regarding curriculum modifications and the perspectives taught?,1.0,1,1.0,1.0,1.0,1.0,1.0,606.9
education,baseline_clip,1,Identify the Unicode designation for the uppercase Greek letter eta.,1.0,1,0.3333333333333333,1.0,1.0,1.0,1.0,436.34
education,baseline_clip,2,"In Brad Bell’s design studios, what fundamental elements make up the repetitive systems in digital fabrication methods?",1.0,1,1.0,1.0,1.0,1.0,1.0,485.69
education,baseline_clip,3,"In the study, what relationship is observed between the error compared to the practice target and the average pitch error during transfer, as shown by an R Squared of 0.476?",1.0,1,1.0,1.0,1.0,1.0,1.0,482.74
education,baseline_clip,4,What causes some to interpret religious messages in a way that emphasizes hidden meanings and aligns with hyper faith concepts?,1.0,1,0.3333333333333333,1.0,1.0,1.0,1.0,497.82
education,baseline_clip,5,"How does the Social Action Approach, according to Cumming-McCann, enhance multicultural education by involving students in addressing societal issues?",1.0,1,1.0,1.0,1.0,1.0,1.0,486.49
education,baseline_clip,6,How does the duration above the reward level change over neurofeedback periods based on the analysis in the Asia Pacific Journal of Neurotherapy?,1.0,1,1.0,1.0,1.0,1.0,1.0,495.26
education,baseline_clip,7,Can you provide the ISSN for the Environmental Protection journal from SCIRP?,1.0,1,1.0,1.0,1.0,1.0,1.0,490.42
education,baseline_clip,8,"How many confirmed cases of the virus were reported in Japan by February 6, 2020?",2.0,2-5,0.0,1.0,1.0,0.5,0.5,494.26
education,baseline_clip,9,"In the context of the English system, which unit is used to measure kinematic viscosity as outlined in the dimensions chart?",1.0,1,1.0,1.0,1.0,1.0,1.0,493.35
education,baseline_clip,10,"In the Sustainable Design & Systems Medicine Lab's resources, how is the Sustainable Process Index quantified?",1.0,1,1.0,1.0,1.0,1.0,1.0,487.97
education,baseline_clip,11,"How do the probability patterns for events X1, X2, X3, and X4 appear when employing multinomial sampling, considering combinations such as p12 and p1234?",1.0,1,0.5,1.0,1.0,1.0,0.8333333333333333,495.13
education,baseline_clip,12,What is the number of visual representations provided by the US Treasury Dept. in comparison to the World Health Organization based on the taxonomy?,1.0,1,1.0,1.0,1.0,1.0,1.0,491.65
education,baseline_clip,13,Which volume and issue of the 'Journal of Environmental Protection' from SCIRP corresponds to the release in February 2014?,1.0,1,1.0,1.0,1.0,1.0,1.0,484.74
education,baseline_clip,14,Can you provide the average score and consistency measure for the Raven Advanced test from the statistical data?,1.0,1,1.0,1.0,1.0,1.0,1.0,506.51
education,baseline_clip,15,Identify the Unicode code U+0025 and its associated name for the symbol denoting a percentage.,1.0,1,0.3333333333333333,1.0,1.0,1.0,1.0,489.46
education,baseline_clip,16,How are force and pressure measured in terms of dimensions and preferred units in S.I. and E.S. standards in the provided physics data?,1.0,1,1.0,1.0,1.0,1.0,1.0,501.2
education,baseline_clip,17,Can you provide the teaching time for Instructor D in the adaptable classroom setup?,1.0,1,1.0,1.0,1.0,1.0,1.0,472.94
education,baseline_clip,18,"In the S.I. and E.S. systems, what are the dimensions and units used to express mass?",1.0,1,1.0,1.0,1.0,1.0,1.0,490.74
education,baseline_clip,19,"In the context of Outcome Based Education, what categories of learning preferences are recognized?",1.0,1,1.0,1.0,1.0,1.0,1.0,489.49
education,baseline_clip,20,How does the money collected by St. Barbara since July 1st compare to the planned figures?,1.0,1,0.5,1.0,1.0,1.0,1.0,495.22
education,baseline_clip,21,Which year marks the initial publication of the earliest novel in the list of works associated with the Carnation Revolution?,1.0,1,0.5,1.0,1.0,1.0,1.0,492.38
education,baseline_clip,22,How do the cavalry figures differ between the French and Prussian armies in terms of representation during the Waterloo engagement?,1.0,1,1.0,1.0,1.0,1.0,1.0,494.55
education,baseline_clip,23,"How many educators completely concur that students in diverse classrooms are more receptive to new social ideas, based on research from 2021 in a sociology journal?",1.0,1,1.0,1.0,1.0,1.0,1.0,491.99
education,baseline_clip,24,Who supported the 'Speed Is No Game' effort financially?,1.0,1,1.0,1.0,1.0,1.0,1.0,490.46
education,baseline_clip,25,Which natural and man-made landmarks are indicated close to Encino Park on the 1985 topographic chart of a Texan city?,1.0,1,1.0,1.0,1.0,1.0,1.0,493.26
education,baseline_clip,26,"What does the research by Nabirye, de Schryver, and Verhoeven reveal about the differences between Lusoga's sound transcriptions and written forms?",1.0,1,0.5,1.0,1.0,1.0,1.0,509.34
education,baseline_clip,27,How does the Social Action Approach extend beyond the Transformative Approach in Allison Cumming-McCann's framework for multicultural teaching methods?,1.0,1,1.0,1.0,1.0,1.0,1.0,469.17
education,baseline_clip,28,"In the early 1900s, what were the measurements of the Winged Box kite utilized by Mr. Barton during British contests?",1.0,1,1.0,1.0,1.0,1.0,1.0,519.09
education,baseline_clip,29,Identify the character for U+002A in Unicode and describe its alternative forms as shown.,1.0,1,0.3333333333333333,1.0,1.0,1.0,1.0,510.7
education,baseline_clip,30,How are the z-scores distributed for 'Can obtain beverages at school' across the different models of obesity risk classes?,1.0,1,1.0,1.0,1.0,1.0,1.0,676.2
education,baseline_clip,31,What causes the variation in PSC response between tactile and auditory stimuli in blind individuals in the first experiment?,1.0,1,1.0,1.0,1.0,1.0,1.0,522.95
education,baseline_clip,32,What are the differences in years of experience between those who can and cannot perform the L-sit Cross position on the Spanish national gymnastics team?,1.0,1,1.0,1.0,1.0,1.0,1.0,490.62
education,baseline_clip,33,What are the typical teacher responses when students struggle to answer in English language assessments?,1.0,1,1.0,1.0,1.0,1.0,1.0,485.79
education,baseline_clip,34,How can learners connect new knowledge to what they already know in an adult education setting?,1.0,1,1.0,1.0,1.0,1.0,1.0,510.32
education,baseline_clip,35,Who is the educator assigned to the 12:20 time slot in the traditional setting?,1.0,1,1.0,1.0,1.0,1.0,1.0,490.73
education,baseline_clip,36,"In what ways can a lack of comprehension of the historical cultural context, like in Matt 19:24 or Rev 3:8, lead to incorrect interpretations of the Bible?",1.0,1,0.3333333333333333,1.0,1.0,1.0,1.0,488.5
education,baseline_clip,37,"Between maintaining a stable position and executing techniques while balanced, which action is more frequently used by Thai fighters than UK fighters based on the model?",1.0,1,1.0,1.0,1.0,1.0,1.0,456.26
education,baseline_clip,38,"From which group did the highest quantity of visual content originate, focusing on academic sources?",3.0,2-5,0.0,1.0,1.0,0.3333333333333333,0.3333333333333333,566.3
education,baseline_clip,39,"Who are the writers whose publications from the 1980s appear in the collection of stories about the Carnation Revolution noted in the Journal of Social Science Education, Spring 2015?",1.0,1,0.5,1.0,1.0,1.0,1.0,712.74
education,baseline_clip,40,"Based on the IOJET 2021 study, which methods for assessing homework are employed by over five educators?",1.0,1,1.0,1.0,1.0,1.0,1.0,466.06
education,baseline_clip,41,"What is the duration in days between when COVID-19 was identified and February 14, 2020, based on the data provided?",1.0,1,1.0,1.0,1.0,1.0,1.0,483.96
education,baseline_clip,42,"Among Year 10 students uncertain about their school work being marked constructively, what is the percentage who have tried cannabis?",1.0,1,1.0,1.0,1.0,1.0,1.0,479.6
education,baseline_clip,43,In what way do different organizations like government bodies and news media distribute their visualization sources?,2.0,2-5,0.0,1.0,1.0,0.5,0.5,495.79
education,baseline_clip,44,"How do different statistical measures recommend the best model for obesity risk classes, considering criteria like the Bayesian Information Criterion?",1.0,1,0.5,1.0,1.0,1.0,1.0,502.14
education,baseline_clip,45,Which items did Léopold-Lévy employ while painting landscapes outside in the Provence region?,1.0,1,1.0,1.0,1.0,1.0,1.0,482.38
education,baseline_clip,46,"What is the reason for bar charts having the highest prevalence, at 25.4%, in governmental and international organization datasets compared to other sources?",1.0,1,1.0,1.0,1.0,1.0,1.0,493.7
education,baseline_clip,47,"How do the reliability figures for measures like OSpan, SymSpan, and others compare?",2.0,2-5,0.0,0.5,0.5,0.5,0.5,488.91
education,baseline_clip,48,Which wintertime outdoor tasks are highlighted in the PCA Elementary curriculum aimed at holistic growth?,1.0,1,1.0,1.0,1.0,1.0,1.0,491.34
education,baseline_clip,49,What distinguishes the Contributions method from the Transformative method in terms of incorporating perspectives in multicultural education?,1.0,1,1.0,1.0,1.0,1.0,1.0,491.94
education,baseline_clip,50,"Which individual is credited with writing 'A Farmer’s Primer on Growing Rice,' linked to research by Dr. Vergara?",1.0,1,1.0,1.0,1.0,1.0,1.0,490.42
education,baseline_clip,51,How does the normalized weight difference change across epochs for layers in the PFC and Hidden model?,1.0,1,1.0,1.0,1.0,1.0,1.0,493.83
education,baseline_clip,52,Which design elements linked to buildings are included in Escher's reimagined Prentententoonstelling studies?,1.0,1,0.5,1.0,1.0,1.0,1.0,470.14
education,baseline_clip,53,What was the amount received via postal envelopes in the collection for the May 8th and 9th weekend at the church?,1.0,1,0.5,1.0,1.0,1.0,1.0,493.05
education,baseline_clip,54,What role does engaging with new information play in enhancing recall within training frameworks for adults?,1.0,1,1.0,1.0,1.0,1.0,1.0,497.98
education,baseline_clip,55,"In the second experiment, what confirmation rating is observed between the translator and publishing entities?",1.0,1,0.5,1.0,1.0,1.0,0.8333333333333333,506.11
education,baseline_clip,56,"How does the distribution of factor scores vary by age in the density analysis utilizing MAMBAC, MAXCOV, and L-Mode methods?",1.0,1,1.0,1.0,1.0,1.0,1.0,487.75
education,baseline_clip,57,"For Experiment 2, what values are given for probability and confirmation when 'beer' is paired with 'publishing'?",1.0,1,0.5,1.0,1.0,1.0,1.0,475.01
education,baseline_clip,58,"According to the 2017 SNAAP report, what portion of recent graduates firmly believe they would have gained from financial management skills?",1.0,1,1.0,1.0,1.0,1.0,1.0,500.56
education,baseline_clip,59,"Based on the SNAAP Special Report 2017, how many alumni reported a strong agreement with their exposure to a wide-ranging network of creatives and leaders during their educational development?",1.0,1,1.0,1.0,1.0,1.0,1.0,503.23
education,baseline_clip,60,"What causes the variation in TERE values between traditional soy products and non-dairy soy alternatives, particularly concerning estradiol levels?",1.0,1,1.0,1.0,1.0,1.0,1.0,489.41
education,baseline_clip,61,In what ways are the approaches to inclusivity in classroom settings distinguished based on the stages outlined by the diversity inclusivity framework by Hanover Research from February 2018?,1.0,1,1.0,1.0,1.0,1.0,1.0,495.53
education,baseline_clip,62,"Considering BIC and BLRT metrics along with simplicity, which class model is best suited for evaluating obesity risk related to home and school?",1.0,1,0.5,1.0,1.0,1.0,1.0,495.26
education,baseline_clip,63,"Can you provide the skewness figures for the measures OspanS, SymspanS, and RspanS in tasks assessing working memory storage?",1.0,1,1.0,1.0,1.0,1.0,1.0,486.91
education,baseline_clip,64,How does gender affect behavioral learning based on the statistical analysis results?,1.0,1,0.5,1.0,1.0,1.0,1.0,497.16
education,baseline_clip,65,"How is 'malaria' expressed in Lusoga, and what is its translation along with the phonetic representation?",1.0,1,0.5,1.0,1.0,1.0,1.0,598.34
education,baseline_clip,66,"To what extent did attendees perceive the diversity training as receptive to others' opinions, rated on a 1 to 5 scale?",1.0,1,1.0,1.0,1.0,1.0,1.0,499.72
education,baseline_clip,67,"In Study 3B's AMP, what chance is there for a positive response when experimental primes are used in the error classification?",1.0,1,1.0,1.0,1.0,1.0,1.0,494.29
education,baseline_clip,68,"In Lusoga phonetic transcription, how is the act of producing a hissing noise represented?",1.0,1,0.5,1.0,1.0,1.0,1.0,489.51
education,baseline_clip,69,"In the multinomial sampling model, how are the relationships between X1, X2, X3, and X4 defined using probabilities like p12, p13, and p123?",1.0,1,0.5,1.0,1.0,1.0,0.8333333333333333,492.2
education,baseline_clip,70,"During educational sessions dedicated to arts and music, which particular tasks are students engaged in?",1.0,1,0.5,1.0,1.0,1.0,1.0,482.73
education,baseline_clip,71,"In the investigation conducted by Pfizer and Rowan, what are the input rates for IPA and water in the waste stream of the celecoxib production?",1.0,1,1.0,1.0,1.0,1.0,1.0,621.12
education,baseline_clip,72,"According to Hanover Research's 2018 Diversity Inclusivity Continuum, how should course content evolve to better incorporate multicultural elements?",1.0,1,1.0,1.0,1.0,1.0,1.0,494.81
education,baseline_clip,73,"How do persuasion outcomes vary between individuals with high and low levels of knowledge in immediate and delayed assessments, based on the elaboration-likelihood model study?",1.0,1,1.0,1.0,1.0,1.0,1.0,491.0
education,baseline_clip,74,"In the Leabra algorithm-based study, how does the ability to generalize vary between different PFC network setups when they are trained on the complete set of tasks?",1.0,1,1.0,1.0,1.0,1.0,1.0,489.35
education,baseline_clip,75,"In the 2021 study published in the Borno Medical Journal, what fraction of participants expressed indecision regarding the preventative extraction of wisdom teeth?",1.0,1,1.0,1.0,1.0,1.0,1.0,490.52
education,baseline_clip,76,"On another world, what option best signifies the clothing donned by the monarch the Little Prince met?",1.0,1,0.3333333333333333,0.6666666666666666,1.0,1.0,0.7222222222222222,497.18
education,baseline_clip,77,"In group NE, what is the variation in /i/ response proportions across spectral steps from /ɪ/ to /i/ during time T4?",1.0,1,1.0,1.0,1.0,1.0,1.0,605.67
education,baseline_clip,78,"What is the comparative binding affinity of genistein to estrogen receptors in newer soy food versions versus traditional ones, based on the provided data?",1.0,1,1.0,1.0,1.0,1.0,1.0,492.15
education,baseline_clip,79,How do the success rates change over quartiles during a paired memory task controlled by specific software?,1.0,1,1.0,1.0,1.0,1.0,1.0,493.16
education,baseline_clip,80,Which holiday precedes the SCC Teams gathering on the evening of April 13th?,1.0,1,1.0,1.0,1.0,1.0,1.0,487.2
education,baseline_clip,81,"By five years old, what communication skills should children have, such as extended conversational turns, and what steps can be taken if there are concerns about these abilities?",1.0,1,0.25,1.0,1.0,1.0,1.0,509.27
education,baseline_clip,82,How does arranging new concepts in line with what is already known help decrease confusion while studying?,1.0,1,1.0,1.0,1.0,1.0,1.0,482.76
education,baseline_clip,83,"What are the artillery numbers for the French, Anglo-Allied, and Prussian forces during Waterloo as per the 2025 figures?",1.0,1,1.0,1.0,1.0,1.0,1.0,606.4
education,baseline_clip,84,Which methods are outlined in Lukas Einkemmer's thesis from the University of Innsbruck's math department for addressing non-linear differential equations?,1.0,1,0.5,1.0,1.0,1.0,1.0,491.79
education,baseline_clip,85,In what way does the breakdown of isospin for pN → NNπ processes correspond to the isospin conditions of nucleon pairs such as those represented by σ10(d) or σ10(np) + σ11?,1.0,1,0.5,1.0,1.0,1.0,1.0,490.91
education,baseline_clip,86,Can you provide the linear regression coefficients for specific instructors involved in the behavioral learning study?,1.0,1,0.5,1.0,1.0,1.0,1.0,491.19
education,baseline_clip,87,"Which elements constitute the unified data exchange in the realm of big data, featuring both internal systems and Hadoop clusters?",1.0,1,1.0,1.0,1.0,1.0,1.0,497.04
education,baseline_clip,88,How do the free parameters (k) for Noncompliance compare between GMM and LCGA at six classes?,1.0,1,1.0,1.0,1.0,1.0,1.0,488.46
education,baseline_clip,89,"At an angle of 142.5, how do the Value and Chroma differ between conditions 1-3 and 4-6 in the Munsell color system?",1.0,1,0.5,1.0,1.0,1.0,1.0,622.53
education,baseline_clip,90,How does the weighting pattern of /i/-related cues change from the first to the fifth duration step for group KA?,1.0,1,1.0,1.0,1.0,1.0,1.0,487.61
education,baseline_clip,91,"How do the Contributions, Additive, Transformative, and Social Action methods impact content integration challenges in multicultural education?",1.0,1,1.0,1.0,1.0,1.0,1.0,487.42
education,baseline_clip,92,How does average spine density change through developmental stages for ace-1(p1000);ace-2(g72) versus unc-17(e113) in studies involving C. elegans neural circuits?,1.0,1,1.0,1.0,1.0,1.0,1.0,486.91
education,baseline_clip,93,"Between dense flint and crown glasses, which exhibits a larger disparity in refractive indices at the wavelengths 656.3 nm and 404.7 nm?",1.0,1,1.0,1.0,1.0,1.0,1.0,496.54
education,baseline_clip,94,How do the ace-1(p1000);ace-2(g72) and unc-17(e113) genetic alterations affect dendritic spine density during different growth stages in C. elegans?,1.0,1,1.0,1.0,1.0,1.0,1.0,490.16
education,baseline_clip,95,"At what levels, including micro, meso, and macro, does Health Policy and Systems Research (HPSR) operate?",1.0,1,1.0,1.0,1.0,1.0,1.0,612.89
education,baseline_clip,96,"How many visual representations originate from scientific journals, particularly Nature, and what count of these stand alone?",3.0,2-5,0.0,1.0,1.0,0.3333333333333333,0.3333333333333333,495.53
education,baseline_clip,97,"In Study 3B, what is the comparison of standardized mean evaluations for groups based on accuracy in explicit assessments?",1.0,1,1.0,1.0,1.0,1.0,1.0,742.83
education,baseline_clip,98,"Which reading items are part of the 24-hour reading activities organized by Lizzie Williams, as seen in the OU RfP site?",1.0,1,1.0,1.0,1.0,1.0,1.0,483.09
education,baseline_clip,99,What is the arrangement of data flow in merged systems for analytics that includes processes like extraction and the use of data marts?,1.0,1,1.0,1.0,1.0,1.0,1.0,490.74
education,baseline_ocr,0,What distinguishes the Transformative Approach from the Additive Approach in multicultural education regarding curriculum modifications and the perspectives taught?,7.0,6-10,0.0,0.0,1.0,0.14285714285714285,0.14285714285714285,366.83
education,baseline_ocr,1,Identify the Unicode designation for the uppercase Greek letter eta.,,>10,0.0,0.0,0.0,0.0,0.0,341.94
education,baseline_ocr,2,"In Brad Bell’s design studios, what fundamental elements make up the repetitive systems in digital fabrication methods?",,>10,0.0,0.0,0.0,0.0,0.0,382.11
education,baseline_ocr,3,"In the study, what relationship is observed between the error compared to the practice target and the average pitch error during transfer, as shown by an R Squared of 0.476?",,>10,0.0,0.0,0.0,0.0,0.0,528.35
education,baseline_ocr,4,What causes some to interpret religious messages in a way that emphasizes hidden meanings and aligns with hyper faith concepts?,,>10,0.0,0.0,0.0,0.0,0.0,362.17
education,baseline_ocr,5,"How does the Social Action Approach, according to Cumming-McCann, enhance multicultural education by involving students in addressing societal issues?",7.0,6-10,0.0,0.0,1.0,0.14285714285714285,0.14285714285714285,399.18
education,baseline_ocr,6,How does the duration above the reward level change over neurofeedback periods based on the analysis in the Asia Pacific Journal of Neurotherapy?,,>10,0.0,0.0,0.0,0.0,0.0,260.22
education,baseline_ocr,7,Can you provide the ISSN for the Environmental Protection journal from SCIRP?,,>10,0.0,0.0,0.0,0.0,0.0,297.95
education,baseline_ocr,8,"How many confirmed cases of the virus were reported in Japan by February 6, 2020?",,>10,0.0,0.0,0.0,0.0,0.0,638.71
education,baseline_ocr,9,"In the context of the English system, which unit is used to measure kinematic viscosity as outlined in the dimensions chart?",,>10,0.0,0.0,0.0,0.0,0.0,628.35
education,baseline_ocr,10,"In the Sustainable Design & Systems Medicine Lab's resources, how is the Sustainable Process Index quantified?",,>10,0.0,0.0,0.0,0.0,0.0,263.95
education,baseline_ocr,11,"How do the probability patterns for events X1, X2, X3, and X4 appear when employing multinomial sampling, considering combinations such as p12 and p1234?",,>10,0.0,0.0,0.0,0.0,0.0,417.15
education,baseline_ocr,12,What is the number of visual representations provided by the US Treasury Dept. in comparison to the World Health Organization based on the taxonomy?,,>10,0.0,0.0,0.0,0.0,0.0,381.04
education,baseline_ocr,13,Which volume and issue of the 'Journal of Environmental Protection' from SCIRP corresponds to the release in February 2014?,,>10,0.0,0.0,0.0,0.0,0.0,281.41
education,baseline_ocr,14,Can you provide the average score and consistency measure for the Raven Advanced test from the statistical data?,,>10,0.0,0.0,0.0,0.0,0.0,262.88
education,baseline_ocr,15,Identify the Unicode code U+0025 and its associated name for the symbol denoting a percentage.,,>10,0.0,0.0,0.0,0.0,0.0,280.68
education,baseline_ocr,16,How are force and pressure measured in terms of dimensions and preferred units in S.I. and E.S. standards in the provided physics data?,,>10,0.0,0.0,0.0,0.0,0.0,261.12
education,baseline_ocr,17,Can you provide the teaching time for Instructor D in the adaptable classroom setup?,,>10,0.0,0.0,0.0,0.0,0.0,532.81
education,baseline_ocr,18,"In the S.I. and E.S. systems, what are the dimensions and units used to express mass?",,>10,0.0,0.0,0.0,0.0,0.0,296.12
education,baseline_ocr,19,"In the context of Outcome Based Education, what categories of learning preferences are recognized?",,>10,0.0,0.0,0.0,0.0,0.0,724.29
education,baseline_ocr,20,How does the money collected by St. Barbara since July 1st compare to the planned figures?,,>10,0.0,0.0,0.0,0.0,0.0,343.93
education,baseline_ocr,21,Which year marks the initial publication of the earliest novel in the list of works associated with the Carnation Revolution?,,>10,0.0,0.0,0.0,0.0,0.0,577.15
education,baseline_ocr,22,How do the cavalry figures differ between the French and Prussian armies in terms of representation during the Waterloo engagement?,,>10,0.0,0.0,0.0,0.0,0.0,257.98
education,baseline_ocr,23,"How many educators completely concur that students in diverse classrooms are more receptive to new social ideas, based on research from 2021 in a sociology journal?",,>10,0.0,0.0,0.0,0.0,0.0,857.38
education,baseline_ocr,24,Who supported the 'Speed Is No Game' effort financially?,,>10,0.0,0.0,0.0,0.0,0.0,281.7
education,baseline_ocr,25,Which natural and man-made landmarks are indicated close to Encino Park on the 1985 topographic chart of a Texan city?,8.0,6-10,0.0,0.0,1.0,0.125,0.125,1861.45
education,baseline_ocr,26,"What does the research by Nabirye, de Schryver, and Verhoeven reveal about the differences between Lusoga's sound transcriptions and written forms?",,>10,0.0,0.0,0.0,0.0,0.0,275.05
education,baseline_ocr,27,How does the Social Action Approach extend beyond the Transformative Approach in Allison Cumming-McCann's framework for multicultural teaching methods?,7.0,6-10,0.0,0.0,1.0,0.14285714285714285,0.14285714285714285,273.62
education,baseline_ocr,28,"In the early 1900s, what were the measurements of the Winged Box kite utilized by Mr. Barton during British contests?",2.0,2-5,0.0,1.0,1.0,0.5,0.5,302.85
education,baseline_ocr,29,Identify the character for U+002A in Unicode and describe its alternative forms as shown.,,>10,0.0,0.0,0.0,0.0,0.0,304.48
education,baseline_ocr,30,How are the z-scores distributed for 'Can obtain beverages at school' across the different models of obesity risk classes?,10.0,6-10,0.0,0.0,1.0,0.1,0.1,443.83
education,baseline_ocr,31,What causes the variation in PSC response between tactile and auditory stimuli in blind individuals in the first experiment?,,>10,0.0,0.0,0.0,0.0,0.0,293.44
education,baseline_ocr,32,What are the differences in years of experience between those who can and cannot perform the L-sit Cross position on the Spanish national gymnastics team?,,>10,0.0,0.0,0.0,0.0,0.0,1302.99
education,baseline_ocr,33,What are the typical teacher responses when students struggle to answer in English language assessments?,,>10,0.0,0.0,0.0,0.0,0.0,300.8
education,baseline_ocr,34,How can learners connect new knowledge to what they already know in an adult education setting?,,>10,0.0,0.0,0.0,0.0,0.0,880.08
education,baseline_ocr,35,Who is the educator assigned to the 12:20 time slot in the traditional setting?,,>10,0.0,0.0,0.0,0.0,0.0,291.25
education,baseline_ocr,36,"In what ways can a lack of comprehension of the historical cultural context, like in Matt 19:24 or Rev 3:8, lead to incorrect interpretations of the Bible?",,>10,0.0,0.0,0.0,0.0,0.0,2477.89
education,baseline_ocr,37,"Between maintaining a stable position and executing techniques while balanced, which action is more frequently used by Thai fighters than UK fighters based on the model?",,>10,0.0,0.0,0.0,0.0,0.0,382.29
education,baseline_ocr,38,"From which group did the highest quantity of visual content originate, focusing on academic sources?",,>10,0.0,0.0,0.0,0.0,0.0,238.19
education,baseline_ocr,39,"Who are the writers whose publications from the 1980s appear in the collection of stories about the Carnation Revolution noted in the Journal of Social Science Education, Spring 2015?",,>10,0.0,0.0,0.0,0.0,0.0,318.9
education,baseline_ocr,40,"Based on the IOJET 2021 study, which methods for assessing homework are employed by over five educators?",,>10,0.0,0.0,0.0,0.0,0.0,599.85
education,baseline_ocr,41,"What is the duration in days between when COVID-19 was identified and February 14, 2020, based on the data provided?",,>10,0.0,0.0,0.0,0.0,0.0,373.43
education,baseline_ocr,42,"Among Year 10 students uncertain about their school work being marked constructively, what is the percentage who have tried cannabis?",4.0,2-5,0.0,1.0,1.0,0.25,0.25,325.28
education,baseline_ocr,43,In what way do different organizations like government bodies and news media distribute their visualization sources?,,>10,0.0,0.0,0.0,0.0,0.0,282.05
education,baseline_ocr,44,"How do different statistical measures recommend the best model for obesity risk classes, considering criteria like the Bayesian Information Criterion?",10.0,6-10,0.0,0.0,0.5,0.1,0.1,296.68
education,baseline_ocr,45,Which items did Léopold-Lévy employ while painting landscapes outside in the Provence region?,,>10,0.0,0.0,0.0,0.0,0.0,336.35
education,baseline_ocr,46,"What is the reason for bar charts having the highest prevalence, at 25.4%, in governmental and international organization datasets compared to other sources?",,>10,0.0,0.0,0.0,0.0,0.0,909.89
education,baseline_ocr,47,"How do the reliability figures for measures like OSpan, SymSpan, and others compare?",3.0,2-5,0.0,0.5,0.5,0.3333333333333333,0.3333333333333333,523.98
education,baseline_ocr,48,Which wintertime outdoor tasks are highlighted in the PCA Elementary curriculum aimed at holistic growth?,,>10,0.0,0.0,0.0,0.0,0.0,257.4
education,baseline_ocr,49,What distinguishes the Contributions method from the Transformative method in terms of incorporating perspectives in multicultural education?,7.0,6-10,0.0,0.0,1.0,0.14285714285714285,0.14285714285714285,298.51
education,baseline_ocr,50,"Which individual is credited with writing 'A Farmer’s Primer on Growing Rice,' linked to research by Dr. Vergara?",,>10,0.0,0.0,0.0,0.0,0.0,335.19
education,baseline_ocr,51,How does the normalized weight difference change across epochs for layers in the PFC and Hidden model?,,>10,0.0,0.0,0.0,0.0,0.0,247.89
education,baseline_ocr,52,Which design elements linked to buildings are included in Escher's reimagined Prentententoonstelling studies?,9.0,6-10,0.0,0.0,0.5,0.1111111111111111,0.1111111111111111,288.98
education,baseline_ocr,53,What was the amount received via postal envelopes in the collection for the May 8th and 9th weekend at the church?,,>10,0.0,0.0,0.0,0.0,0.0,1574.09
education,baseline_ocr,54,What role does engaging with new information play in enhancing recall within training frameworks for adults?,,>10,0.0,0.0,0.0,0.0,0.0,384.17
education,baseline_ocr,55,"In the second experiment, what confirmation rating is observed between the translator and publishing entities?",,>10,0.0,0.0,0.0,0.0,0.0,280.54
education,baseline_ocr,56,"How does the distribution of factor scores vary by age in the density analysis utilizing MAMBAC, MAXCOV, and L-Mode methods?",,>10,0.0,0.0,0.0,0.0,0.0,263.63
education,baseline_ocr,57,"For Experiment 2, what values are given for probability and confirmation when 'beer' is paired with 'publishing'?",,>10,0.0,0.0,0.0,0.0,0.0,402.93
education,baseline_ocr,58,"According to the 2017 SNAAP report, what portion of recent graduates firmly believe they would have gained from financial management skills?",,>10,0.0,0.0,0.0,0.0,0.0,731.99
education,baseline_ocr,59,"Based on the SNAAP Special Report 2017, how many alumni reported a strong agreement with their exposure to a wide-ranging network of creatives and leaders during their educational development?",,>10,0.0,0.0,0.0,0.0,0.0,297.33
education,baseline_ocr,60,"What causes the variation in TERE values between traditional soy products and non-dairy soy alternatives, particularly concerning estradiol levels?",,>10,0.0,0.0,0.0,0.0,0.0,599.03
education,baseline_ocr,61,In what ways are the approaches to inclusivity in classroom settings distinguished based on the stages outlined by the diversity inclusivity framework by Hanover Research from February 2018?,,>10,0.0,0.0,0.0,0.0,0.0,288.97
education,baseline_ocr,62,"Considering BIC and BLRT metrics along with simplicity, which class model is best suited for evaluating obesity risk related to home and school?",10.0,6-10,0.0,0.0,0.5,0.1,0.1,268.23
education,baseline_ocr,63,"Can you provide the skewness figures for the measures OspanS, SymspanS, and RspanS in tasks assessing working memory storage?",,>10,0.0,0.0,0.0,0.0,0.0,560.88
education,baseline_ocr,64,How does gender affect behavioral learning based on the statistical analysis results?,,>10,0.0,0.0,0.0,0.0,0.0,2161.07
education,baseline_ocr,65,"How is 'malaria' expressed in Lusoga, and what is its translation along with the phonetic representation?",,>10,0.0,0.0,0.0,0.0,0.0,292.36
education,baseline_ocr,66,"To what extent did attendees perceive the diversity training as receptive to others' opinions, rated on a 1 to 5 scale?",,>10,0.0,0.0,0.0,0.0,0.0,300.02
education,baseline_ocr,67,"In Study 3B's AMP, what chance is there for a positive response when experimental primes are used in the error classification?",6.0,6-10,0.0,0.0,1.0,0.16666666666666666,0.16666666666666666,250.17
education,baseline_ocr,68,"In Lusoga phonetic transcription, how is the act of producing a hissing noise represented?",,>10,0.0,0.0,0.0,0.0,0.0,265.11
education,baseline_ocr,69,"In the multinomial sampling model, how are the relationships between X1, X2, X3, and X4 defined using probabilities like p12, p13, and p123?",,>10,0.0,0.0,0.0,0.0,0.0,1850.02
education,baseline_ocr,70,"During educational sessions dedicated to arts and music, which particular tasks are students engaged in?",,>10,0.0,0.0,0.0,0.0,0.0,834.12
education,baseline_ocr,71,"In the investigation conducted by Pfizer and Rowan, what are the input rates for IPA and water in the waste stream of the celecoxib production?",,>10,0.0,0.0,0.0,0.0,0.0,277.07
education,baseline_ocr,72,"According to Hanover Research's 2018 Diversity Inclusivity Continuum, how should course content evolve to better incorporate multicultural elements?",,>10,0.0,0.0,0.0,0.0,0.0,297.11
education,baseline_ocr,73,"How do persuasion outcomes vary between individuals with high and low levels of knowledge in immediate and delayed assessments, based on the elaboration-likelihood model study?",,>10,0.0,0.0,0.0,0.0,0.0,271.99
education,baseline_ocr,74,"In the Leabra algorithm-based study, how does the ability to generalize vary between different PFC network setups when they are trained on the complete set of tasks?",,>10,0.0,0.0,0.0,0.0,0.0,274.14
education,baseline_ocr,75,"In the 2021 study published in the Borno Medical Journal, what fraction of participants expressed indecision regarding the preventative extraction of wisdom teeth?",,>10,0.0,0.0,0.0,0.0,0.0,258.99
education,baseline_ocr,76,"On another world, what option best signifies the clothing donned by the monarch the Little Prince met?",,>10,0.0,0.0,0.0,0.0,0.0,283.51
education,baseline_ocr,77,"In group NE, what is the variation in /i/ response proportions across spectral steps from /ɪ/ to /i/ during time T4?",,>10,0.0,0.0,0.0,0.0,0.0,2041.27
education,baseline_ocr,78,"What is the comparative binding affinity of genistein to estrogen receptors in newer soy food versions versus traditional ones, based on the provided data?",,>10,0.0,0.0,0.0,0.0,0.0,276.55
education,baseline_ocr,79,How do the success rates change over quartiles during a paired memory task controlled by specific software?,,>10,0.0,0.0,0.0,0.0,0.0,855.25
education,baseline_ocr,80,Which holiday precedes the SCC Teams gathering on the evening of April 13th?,1.0,1,1.0,1.0,1.0,1.0,1.0,287.29
education,baseline_ocr,81,"By five years old, what communication skills should children have, such as extended conversational turns, and what steps can be taken if there are concerns about these abilities?",5.0,2-5,0.0,0.25,0.25,0.2,0.2,275.22
education,baseline_ocr,82,How does arranging new concepts in line with what is already known help decrease confusion while studying?,,>10,0.0,0.0,0.0,0.0,0.0,282.9
education,baseline_ocr,83,"What are the artillery numbers for the French, Anglo-Allied, and Prussian forces during Waterloo as per the 2025 figures?",,>10,0.0,0.0,0.0,0.0,0.0,374.37
education,baseline_ocr,84,Which methods are outlined in Lukas Einkemmer's thesis from the University of Innsbruck's math department for addressing non-linear differential equations?,,>10,0.0,0.0,0.0,0.0,0.0,1195.63
education,baseline_ocr,85,In what way does the breakdown of isospin for pN → NNπ processes correspond to the isospin conditions of nucleon pairs such as those represented by σ10(d) or σ10(np) + σ11?,,>10,0.0,0.0,0.0,0.0,0.0,265.89
education,baseline_ocr,86,Can you provide the linear regression coefficients for specific instructors involved in the behavioral learning study?,,>10,0.0,0.0,0.0,0.0,0.0,264.97
education,baseline_ocr,87,"Which elements constitute the unified data exchange in the realm of big data, featuring both internal systems and Hadoop clusters?",,>10,0.0,0.0,0.0,0.0,0.0,318.81
education,baseline_ocr,88,How do the free parameters (k) for Noncompliance compare between GMM and LCGA at six classes?,,>10,0.0,0.0,0.0,0.0,0.0,374.48
education,baseline_ocr,89,"At an angle of 142.5, how do the Value and Chroma differ between conditions 1-3 and 4-6 in the Munsell color system?",,>10,0.0,0.0,0.0,0.0,0.0,2741.41
education,baseline_ocr,90,How does the weighting pattern of /i/-related cues change from the first to the fifth duration step for group KA?,,>10,0.0,0.0,0.0,0.0,0.0,354.7
education,baseline_ocr,91,"How do the Contributions, Additive, Transformative, and Social Action methods impact content integration challenges in multicultural education?",7.0,6-10,0.0,0.0,1.0,0.14285714285714285,0.14285714285714285,388.15
education,baseline_ocr,92,How does average spine density change through developmental stages for ace-1(p1000);ace-2(g72) versus unc-17(e113) in studies involving C. elegans neural circuits?,,>10,0.0,0.0,0.0,0.0,0.0,261.91
education,baseline_ocr,93,"Between dense flint and crown glasses, which exhibits a larger disparity in refractive indices at the wavelengths 656.3 nm and 404.7 nm?",,>10,0.0,0.0,0.0,0.0,0.0,289.31
education,baseline_ocr,94,How do the ace-1(p1000);ace-2(g72) and unc-17(e113) genetic alterations affect dendritic spine density during different growth stages in C. elegans?,,>10,0.0,0.0,0.0,0.0,0.0,378.21
education,baseline_ocr,95,"At what levels, including micro, meso, and macro, does Health Policy and Systems Research (HPSR) operate?",,>10,0.0,0.0,0.0,0.0,0.0,274.26
education,baseline_ocr,96,"How many visual representations originate from scientific journals, particularly Nature, and what count of these stand alone?",,>10,0.0,0.0,0.0,0.0,0.0,674.4
education,baseline_ocr,97,"In Study 3B, what is the comparison of standardized mean evaluations for groups based on accuracy in explicit assessments?",6.0,6-10,0.0,0.0,1.0,0.16666666666666666,0.16666666666666666,1751.5
education,baseline_ocr,98,"Which reading items are part of the 24-hour reading activities organized by Lizzie Williams, as seen in the OU RfP site?",,>10,0.0,0.0,0.0,0.0,0.0,440.21
education,baseline_ocr,99,What is the arrangement of data flow in merged systems for analytics that includes processes like extraction and the use of data marts?,,>10,0.0,0.0,0.0,0.0,0.0,293.78
education,proposed,0,What distinguishes the Transformative Approach from the Additive Approach in multicultural education regarding curriculum modifications and the perspectives taught?,1.0,1,1.0,1.0,1.0,1.0,1.0,494.48
education,proposed,1,Identify the Unicode designation for the uppercase Greek letter eta.,1.0,1,0.3333333333333333,1.0,1.0,1.0,1.0,372.62
education,proposed,2,"In Brad Bell’s design studios, what fundamental elements make up the repetitive systems in digital fabrication methods?",1.0,1,1.0,1.0,1.0,1.0,1.0,473.0
education,proposed,3,"In the study, what relationship is observed between the error compared to the practice target and the average pitch error during transfer, as shown by an R Squared of 0.476?",1.0,1,1.0,1.0,1.0,1.0,1.0,491.27
education,proposed,4,What causes some to interpret religious messages in a way that emphasizes hidden meanings and aligns with hyper faith concepts?,1.0,1,0.3333333333333333,1.0,1.0,1.0,1.0,496.85
education,proposed,5,"How does the Social Action Approach, according to Cumming-McCann, enhance multicultural education by involving students in addressing societal issues?",1.0,1,1.0,1.0,1.0,1.0,1.0,490.45
education,proposed,6,How does the duration above the reward level change over neurofeedback periods based on the analysis in the Asia Pacific Journal of Neurotherapy?,1.0,1,1.0,1.0,1.0,1.0,1.0,828.4
education,proposed,7,Can you provide the ISSN for the Environmental Protection journal from SCIRP?,1.0,1,1.0,1.0,1.0,1.0,1.0,499.8
education,proposed,8,"How many confirmed cases of the virus were reported in Japan by February 6, 2020?",2.0,2-5,0.0,1.0,1.0,0.5,0.5,387.51
education,proposed,9,"In the context of the English system, which unit is used to measure kinematic viscosity as outlined in the dimensions chart?",1.0,1,1.0,1.0,1.0,1.0,1.0,563.73
education,proposed,10,"In the Sustainable Design & Systems Medicine Lab's resources, how is the Sustainable Process Index quantified?",1.0,1,1.0,1.0,1.0,1.0,1.0,420.41
education,proposed,11,"How do the probability patterns for events X1, X2, X3, and X4 appear when employing multinomial sampling, considering combinations such as p12 and p1234?",1.0,1,0.5,1.0,1.0,1.0,1.0,492.79
education,proposed,12,What is the number of visual representations provided by the US Treasury Dept. in comparison to the World Health Organization based on the taxonomy?,2.0,2-5,0.0,1.0,1.0,0.5,0.5,492.83
education,proposed,13,Which volume and issue of the 'Journal of Environmental Protection' from SCIRP corresponds to the release in February 2014?,1.0,1,1.0,1.0,1.0,1.0,1.0,504.77
education,proposed,14,Can you provide the average score and consistency measure for the Raven Advanced test from the statistical data?,1.0,1,1.0,1.0,1.0,1.0,1.0,503.04
education,proposed,15,Identify the Unicode code U+0025 and its associated name for the symbol denoting a percentage.,1.0,1,0.3333333333333333,1.0,1.0,1.0,1.0,510.29
education,proposed,16,How are force and pressure measured in terms of dimensions and preferred units in S.I. and E.S. standards in the provided physics data?,1.0,1,1.0,1.0,1.0,1.0,1.0,941.61
education,proposed,17,Can you provide the teaching time for Instructor D in the adaptable classroom setup?,1.0,1,1.0,1.0,1.0,1.0,1.0,495.9
education,proposed,18,"In the S.I. and E.S. systems, what are the dimensions and units used to express mass?",1.0,1,1.0,1.0,1.0,1.0,1.0,480.97
education,proposed,19,"In the context of Outcome Based Education, what categories of learning preferences are recognized?",1.0,1,1.0,1.0,1.0,1.0,1.0,494.74
education,proposed,20,How does the money collected by St. Barbara since July 1st compare to the planned figures?,1.0,1,0.5,1.0,1.0,1.0,1.0,491.63
education,proposed,21,Which year marks the initial publication of the earliest novel in the list of works associated with the Carnation Revolution?,1.0,1,0.5,1.0,1.0,1.0,1.0,491.05
education,proposed,22,How do the cavalry figures differ between the French and Prussian armies in terms of representation during the Waterloo engagement?,1.0,1,1.0,1.0,1.0,1.0,1.0,495.46
education,proposed,23,"How many educators completely concur that students in diverse classrooms are more receptive to new social ideas, based on research from 2021 in a sociology journal?",1.0,1,1.0,1.0,1.0,1.0,1.0,487.6
education,proposed,24,Who supported the 'Speed Is No Game' effort financially?,1.0,1,1.0,1.0,1.0,1.0,1.0,503.61
education,proposed,25,Which natural and man-made landmarks are indicated close to Encino Park on the 1985 topographic chart of a Texan city?,1.0,1,1.0,1.0,1.0,1.0,1.0,729.48
education,proposed,26,"What does the research by Nabirye, de Schryver, and Verhoeven reveal about the differences between Lusoga's sound transcriptions and written forms?",1.0,1,0.5,1.0,1.0,1.0,1.0,491.0
education,proposed,27,How does the Social Action Approach extend beyond the Transformative Approach in Allison Cumming-McCann's framework for multicultural teaching methods?,1.0,1,1.0,1.0,1.0,1.0,1.0,489.18
education,proposed,28,"In the early 1900s, what were the measurements of the Winged Box kite utilized by Mr. Barton during British contests?",1.0,1,1.0,1.0,1.0,1.0,1.0,494.77
education,proposed,29,Identify the character for U+002A in Unicode and describe its alternative forms as shown.,1.0,1,0.3333333333333333,1.0,1.0,1.0,1.0,564.31
education,proposed,30,How are the z-scores distributed for 'Can obtain beverages at school' across the different models of obesity risk classes?,1.0,1,1.0,1.0,1.0,1.0,1.0,434.02
education,proposed,31,What causes the variation in PSC response between tactile and auditory stimuli in blind individuals in the first experiment?,1.0,1,1.0,1.0,1.0,1.0,1.0,474.56
education,proposed,32,What are the differences in years of experience between those who can and cannot perform the L-sit Cross position on the Spanish national gymnastics team?,1.0,1,1.0,1.0,1.0,1.0,1.0,492.23
education,proposed,33,What are the typical teacher responses when students struggle to answer in English language assessments?,1.0,1,1.0,1.0,1.0,1.0,1.0,489.99
education,proposed,34,How can learners connect new knowledge to what they already know in an adult education setting?,1.0,1,1.0,1.0,1.0,1.0,1.0,502.81
education,proposed,35,Who is the educator assigned to the 12:20 time slot in the traditional setting?,1.0,1,1.0,1.0,1.0,1.0,1.0,478.94
education,proposed,36,"In what ways can a lack of comprehension of the historical cultural context, like in Matt 19:24 or Rev 3:8, lead to incorrect interpretations of the Bible?",1.0,1,0.3333333333333333,1.0,1.0,1.0,1.0,489.79
education,proposed,37,"Between maintaining a stable position and executing techniques while balanced, which action is more frequently used by Thai fighters than UK fighters based on the model?",1.0,1,1.0,1.0,1.0,1.0,1.0,511.31
education,proposed,38,"From which group did the highest quantity of visual content originate, focusing on academic sources?",2.0,2-5,0.0,1.0,1.0,0.5,0.5,502.93
education,proposed,39,"Who are the writers whose publications from the 1980s appear in the collection of stories about the Carnation Revolution noted in the Journal of Social Science Education, Spring 2015?",1.0,1,0.5,1.0,1.0,1.0,1.0,472.06
education,proposed,40,"Based on the IOJET 2021 study, which methods for assessing homework are employed by over five educators?",1.0,1,1.0,1.0,1.0,1.0,1.0,484.27
education,proposed,41,"What is the duration in days between when COVID-19 was identified and February 14, 2020, based on the data provided?",2.0,2-5,0.0,1.0,1.0,0.5,0.5,492.65
education,proposed,42,"Among Year 10 students uncertain about their school work being marked constructively, what is the percentage who have tried cannabis?",1.0,1,1.0,1.0,1.0,1.0,1.0,491.4
education,proposed,43,In what way do different organizations like government bodies and news media distribute their visualization sources?,2.0,2-5,0.0,1.0,1.0,0.5,0.5,1233.64
education,proposed,44,"How do different statistical measures recommend the best model for obesity risk classes, considering criteria like the Bayesian Information Criterion?",1.0,1,0.5,1.0,1.0,1.0,1.0,486.05
education,proposed,45,Which items did Léopold-Lévy employ while painting landscapes outside in the Provence region?,1.0,1,1.0,1.0,1.0,1.0,1.0,503.71
education,proposed,46,"What is the reason for bar charts having the highest prevalence, at 25.4%, in governmental and international organization datasets compared to other sources?",1.0,1,1.0,1.0,1.0,1.0,1.0,534.36
education,proposed,47,"How do the reliability figures for measures like OSpan, SymSpan, and others compare?",2.0,2-5,0.0,0.5,0.5,0.5,0.5,688.08
education,proposed,48,Which wintertime outdoor tasks are highlighted in the PCA Elementary curriculum aimed at holistic growth?,1.0,1,1.0,1.0,1.0,1.0,1.0,488.46
education,proposed,49,What distinguishes the Contributions method from the Transformative method in terms of incorporating perspectives in multicultural education?,1.0,1,1.0,1.0,1.0,1.0,1.0,746.22
education,proposed,50,"Which individual is credited with writing 'A Farmer’s Primer on Growing Rice,' linked to research by Dr. Vergara?",1.0,1,1.0,1.0,1.0,1.0,1.0,1026.77
education,proposed,51,How does the normalized weight difference change across epochs for layers in the PFC and Hidden model?,1.0,1,1.0,1.0,1.0,1.0,1.0,477.84
education,proposed,52,Which design elements linked to buildings are included in Escher's reimagined Prentententoonstelling studies?,1.0,1,0.5,1.0,1.0,1.0,1.0,1318.38
education,proposed,53,What was the amount received via postal envelopes in the collection for the May 8th and 9th weekend at the church?,1.0,1,0.5,1.0,1.0,1.0,1.0,496.77
education,proposed,54,What role does engaging with new information play in enhancing recall within training frameworks for adults?,1.0,1,1.0,1.0,1.0,1.0,1.0,476.37
education,proposed,55,"In the second experiment, what confirmation rating is observed between the translator and publishing entities?",1.0,1,0.5,1.0,1.0,1.0,0.8333333333333333,502.42
education,proposed,56,"How does the distribution of factor scores vary by age in the density analysis utilizing MAMBAC, MAXCOV, and L-Mode methods?",1.0,1,1.0,1.0,1.0,1.0,1.0,480.04
education,proposed,57,"For Experiment 2, what values are given for probability and confirmation when 'beer' is paired with 'publishing'?",1.0,1,0.5,1.0,1.0,1.0,1.0,1232.22
education,proposed,58,"According to the 2017 SNAAP report, what portion of recent graduates firmly believe they would have gained from financial management skills?",1.0,1,1.0,1.0,1.0,1.0,1.0,742.61
education,proposed,59,"Based on the SNAAP Special Report 2017, how many alumni reported a strong agreement with their exposure to a wide-ranging network of creatives and leaders during their educational development?",1.0,1,1.0,1.0,1.0,1.0,1.0,491.28
education,proposed,60,"What causes the variation in TERE values between traditional soy products and non-dairy soy alternatives, particularly concerning estradiol levels?",1.0,1,1.0,1.0,1.0,1.0,1.0,746.88
education,proposed,61,In what ways are the approaches to inclusivity in classroom settings distinguished based on the stages outlined by the diversity inclusivity framework by Hanover Research from February 2018?,1.0,1,1.0,1.0,1.0,1.0,1.0,725.61
education,proposed,62,"Considering BIC and BLRT metrics along with simplicity, which class model is best suited for evaluating obesity risk related to home and school?",1.0,1,0.5,1.0,1.0,1.0,1.0,502.06
education,proposed,63,"Can you provide the skewness figures for the measures OspanS, SymspanS, and RspanS in tasks assessing working memory storage?",1.0,1,1.0,1.0,1.0,1.0,1.0,481.69
education,proposed,64,How does gender affect behavioral learning based on the statistical analysis results?,1.0,1,0.5,1.0,1.0,1.0,0.8333333333333333,546.02
education,proposed,65,"How is 'malaria' expressed in Lusoga, and what is its translation along with the phonetic representation?",1.0,1,0.5,1.0,1.0,1.0,1.0,681.78
education,proposed,66,"To what extent did attendees perceive the diversity training as receptive to others' opinions, rated on a 1 to 5 scale?",1.0,1,1.0,1.0,1.0,1.0,1.0,985.24
education,proposed,67,"In Study 3B's AMP, what chance is there for a positive response when experimental primes are used in the error classification?",1.0,1,1.0,1.0,1.0,1.0,1.0,533.74
education,proposed,68,"In Lusoga phonetic transcription, how is the act of producing a hissing noise represented?",1.0,1,0.5,1.0,1.0,1.0,1.0,720.69
education,proposed,69,"In the multinomial sampling model, how are the relationships between X1, X2, X3, and X4 defined using probabilities like p12, p13, and p123?",1.0,1,0.5,1.0,1.0,1.0,1.0,470.25
education,proposed,70,"During educational sessions dedicated to arts and music, which particular tasks are students engaged in?",1.0,1,0.5,1.0,1.0,1.0,1.0,489.17
education,proposed,71,"In the investigation conducted by Pfizer and Rowan, what are the input rates for IPA and water in the waste stream of the celecoxib production?",1.0,1,1.0,1.0,1.0,1.0,1.0,494.59
education,proposed,72,"According to Hanover Research's 2018 Diversity Inclusivity Continuum, how should course content evolve to better incorporate multicultural elements?",1.0,1,1.0,1.0,1.0,1.0,1.0,485.17
education,proposed,73,"How do persuasion outcomes vary between individuals with high and low levels of knowledge in immediate and delayed assessments, based on the elaboration-likelihood model study?",1.0,1,1.0,1.0,1.0,1.0,1.0,494.08
education,proposed,74,"In the Leabra algorithm-based study, how does the ability to generalize vary between different PFC network setups when they are trained on the complete set of tasks?",1.0,1,1.0,1.0,1.0,1.0,1.0,491.16
education,proposed,75,"In the 2021 study published in the Borno Medical Journal, what fraction of participants expressed indecision regarding the preventative extraction of wisdom teeth?",1.0,1,1.0,1.0,1.0,1.0,1.0,828.08
education,proposed,76,"On another world, what option best signifies the clothing donned by the monarch the Little Prince met?",1.0,1,0.3333333333333333,1.0,1.0,1.0,1.0,397.45
education,proposed,77,"In group NE, what is the variation in /i/ response proportions across spectral steps from /ɪ/ to /i/ during time T4?",1.0,1,1.0,1.0,1.0,1.0,1.0,492.58
education,proposed,78,"What is the comparative binding affinity of genistein to estrogen receptors in newer soy food versions versus traditional ones, based on the provided data?",2.0,2-5,0.0,1.0,1.0,0.5,0.5,986.08
education,proposed,79,How do the success rates change over quartiles during a paired memory task controlled by specific software?,1.0,1,1.0,1.0,1.0,1.0,1.0,488.0
education,proposed,80,Which holiday precedes the SCC Teams gathering on the evening of April 13th?,1.0,1,1.0,1.0,1.0,1.0,1.0,493.07
education,proposed,81,"By five years old, what communication skills should children have, such as extended conversational turns, and what steps can be taken if there are concerns about these abilities?",1.0,1,0.25,1.0,1.0,1.0,1.0,491.82
education,proposed,82,How does arranging new concepts in line with what is already known help decrease confusion while studying?,1.0,1,1.0,1.0,1.0,1.0,1.0,737.34
education,proposed,83,"What are the artillery numbers for the French, Anglo-Allied, and Prussian forces during Waterloo as per the 2025 figures?",1.0,1,1.0,1.0,1.0,1.0,1.0,512.43
education,proposed,84,Which methods are outlined in Lukas Einkemmer's thesis from the University of Innsbruck's math department for addressing non-linear differential equations?,1.0,1,0.5,1.0,1.0,1.0,1.0,473.02
education,proposed,85,In what way does the breakdown of isospin for pN → NNπ processes correspond to the isospin conditions of nucleon pairs such as those represented by σ10(d) or σ10(np) + σ11?,1.0,1,0.5,1.0,1.0,1.0,1.0,493.51
education,proposed,86,Can you provide the linear regression coefficients for specific instructors involved in the behavioral learning study?,1.0,1,0.5,1.0,1.0,1.0,1.0,518.38
education,proposed,87,"Which elements constitute the unified data exchange in the realm of big data, featuring both internal systems and Hadoop clusters?",1.0,1,1.0,1.0,1.0,1.0,1.0,954.35
education,proposed,88,How do the free parameters (k) for Noncompliance compare between GMM and LCGA at six classes?,1.0,1,1.0,1.0,1.0,1.0,1.0,490.94
education,proposed,89,"At an angle of 142.5, how do the Value and Chroma differ between conditions 1-3 and 4-6 in the Munsell color system?",1.0,1,0.5,1.0,1.0,1.0,1.0,494.64
education,proposed,90,How does the weighting pattern of /i/-related cues change from the first to the fifth duration step for group KA?,1.0,1,1.0,1.0,1.0,1.0,1.0,1051.88
education,proposed,91,"How do the Contributions, Additive, Transformative, and Social Action methods impact content integration challenges in multicultural education?",1.0,1,1.0,1.0,1.0,1.0,1.0,434.74
education,proposed,92,How does average spine density change through developmental stages for ace-1(p1000);ace-2(g72) versus unc-17(e113) in studies involving C. elegans neural circuits?,1.0,1,1.0,1.0,1.0,1.0,1.0,508.75
education,proposed,93,"Between dense flint and crown glasses, which exhibits a larger disparity in refractive indices at the wavelengths 656.3 nm and 404.7 nm?",1.0,1,1.0,1.0,1.0,1.0,1.0,475.44
education,proposed,94,How do the ace-1(p1000);ace-2(g72) and unc-17(e113) genetic alterations affect dendritic spine density during different growth stages in C. elegans?,1.0,1,1.0,1.0,1.0,1.0,1.0,504.1
education,proposed,95,"At what levels, including micro, meso, and macro, does Health Policy and Systems Research (HPSR) operate?",1.0,1,1.0,1.0,1.0,1.0,1.0,564.78
education,proposed,96,"How many visual representations originate from scientific journals, particularly Nature, and what count of these stand alone?",3.0,2-5,0.0,1.0,1.0,0.3333333333333333,0.3333333333333333,390.24
education,proposed,97,"In Study 3B, what is the comparison of standardized mean evaluations for groups based on accuracy in explicit assessments?",1.0,1,1.0,1.0,1.0,1.0,1.0,495.7
education,proposed,98,"Which reading items are part of the 24-hour reading activities organized by Lizzie Williams, as seen in the OU RfP site?",1.0,1,1.0,1.0,1.0,1.0,1.0,489.86
education,proposed,99,What is the arrangement of data flow in merged systems for analytics that includes processes like extraction and the use of data marts?,1.0,1,1.0,1.0,1.0,1.0,1.0,492.33
energy,baseline_clip,0,How does the electrical potential vary between starting and ending states when charging at a higher temperature and discharging at a lower temperature in this experiment?,1.0,1,1.0,1.0,1.0,1.0,1.0,404.72
energy,baseline_clip,1,"In an alkaline environment with oxygen reduction at potentials ranging from 0.4 to 0.8 V versus RHE, what differences are observed in the efficiency of H2O2 generation between graphite electrodes modified with anthraquinone and those without modification?",1.0,1,1.0,1.0,1.0,1.0,1.0,267.49
energy,baseline_clip,2,Which procedures were employed for enzymatic conversion and fermentation after treating rice straw with a mixture of sodium carbonate and sodium sulfite at elevated temperature?,1.0,1,0.5,1.0,1.0,1.0,1.0,378.38
energy,baseline_clip,3,"Between 2010 and 2015 in the Western Canada Sedimentary Basin, what is the difference in the share of high-magnitude seismic occurrences linked to wells used for fluid disposal compared to those utilized for hydraulic fracturing?",1.0,1,1.0,1.0,1.0,1.0,1.0,326.01
energy,baseline_clip,4,What was the shift in accumulated profits for EQTEC plc over the period from mid-2015 to the end of 2016?,1.0,1,0.3333333333333333,1.0,1.0,1.0,1.0,370.34
energy,baseline_clip,5,"In the Chabahar solar still investigation conducted on July 6, how did shifting the surrounding air temperature from 20 degrees Celsius to 40 degrees Celsius influence the overall volume of distilled water collected per unit area?",1.0,1,0.5,1.0,1.0,1.0,1.0,276.44
energy,baseline_clip,6,Which entity is acknowledged as the central technology institution in the Q2 2021 overview addressing regulatory changes in net metering and distributed solar generation initiatives within The 50 States of Solar analysis?,1.0,1,1.0,1.0,1.0,1.0,1.0,235.26
energy,baseline_clip,7,"When the methane input is held constant at 9 NL min⁻¹ during the gas-solid equilibrium tests, what impact does varying the ratio of oxidant to reformer stream have on process conditions?",1.0,1,1.0,1.0,1.0,1.0,1.0,242.07
energy,baseline_clip,8,How does the average fluid output per second of the solar-based sprayer compare when run exclusively from solar energy versus when using either the 1SMF or MF9-B backup batteries throughout daylight hours?,1.0,1,0.5,1.0,1.0,1.0,1.0,276.69
energy,baseline_clip,9,"For applicants seeking funding through the REF Brownfield initiative who are incorporating energy storage, what are the detailed stipulations for the signed agreement covering the storage aspect?",1.0,1,1.0,1.0,1.0,1.0,1.0,251.2
energy,baseline_clip,10,How does the electron transfer count during the oxygen reduction process differ between a graphite electrode modified with anthraquinone and an unmodified graphite rod when examined across 0.4 to 0.8 volts versus the reversible hydrogen electrode?,1.0,1,1.0,1.0,1.0,1.0,1.0,238.37
energy,baseline_clip,11,By how much did the gap between the US and UK natural gas benchmarks increase from one day to the next on 20 and 21 July 2021?,1.0,1,0.25,0.5,0.75,1.0,0.8095238095238094,236.16
energy,baseline_clip,12,"During the interval from 1972 to 2013 in the Raton Basin area, when did the most powerful seismic event with a magnitude of 5.3 occur?",1.0,1,1.0,1.0,1.0,1.0,1.0,261.16
energy,baseline_clip,13,How thick is the a-MoSx film produced by the cyclic voltammetry-based deposition onto the Ti/p-InP structure according to the reported experimental procedure?,1.0,1,1.0,1.0,1.0,1.0,1.0,254.7
energy,baseline_clip,14,What were the significant shifts and turning points in the monthly average petroleum cost (in USD) between the spring of 2008 and the end of winter 2012 as tracked by the Department of Commerce?,1.0,1,1.0,1.0,1.0,1.0,1.0,241.35
energy,baseline_clip,15,How do the high and statistically notable estimates for specific parameters in the B matrix of the asymmetric BEKK model clarify the ongoing influence of prior fluctuations on subsequent volatility in EUA returns throughout the second stage of the EU Emissions Trading System?,1.0,1,0.5,1.0,1.0,1.0,1.0,252.92
energy,baseline_clip,16,"Which steps concerning advance planning, authority notifications, environmental assessments, crew briefings, and securing the vessel must be followed before and during mooring according to the listed requirements?",1.0,1,0.5,1.0,1.0,1.0,1.0,299.28
energy,baseline_clip,17,"For the NEK region, what proportions of passenger vehicles are expected to operate on electric power in 2025, 2035, and 2050 based on anticipated shifts away from internal combustion engines?",1.0,1,1.0,1.0,1.0,1.0,1.0,251.68
energy,baseline_clip,18,"What trend is observed in the percentage of light reflected as a function of light wavelength for indium phosphide nanostructures with different measured depths of 4.3, 9.2, 16.9, and 24.5 micrometers under laboratory testing?",1.0,1,1.0,1.0,1.0,1.0,1.0,233.74
energy,baseline_clip,19,"During the period from 1990 to 2015, what differences are evident in how petroleum use evolved in the Asia Pacific region compared to North America?",6.0,6-10,0.0,0.0,1.0,0.16666666666666666,0.16666666666666666,255.35
energy,baseline_clip,20,"How are expenses distributed among key areas such as equipment, chemical usage, labor, and management in algae-based biofuel manufacturing using either alkali or enzyme-driven approaches?",1.0,1,0.5,1.0,1.0,1.0,1.0,236.83
energy,baseline_clip,21,"Within the computational scenarios outlined for various parameter settings, what range was assigned to the vertical placement of the chimney connection?",1.0,1,0.5,0.5,1.0,1.0,0.6111111111111112,256.06
energy,baseline_clip,22,Which path is anticipated for the specialized transport carrying decommissioned Navy reactor material between the Ballston Spa Rail Spur and the Kesselring facility?,1.0,1,1.0,1.0,1.0,1.0,1.0,288.75
energy,baseline_clip,23,List the principal actions and their associated timestamps during the B5.1 experimental protocol for nuclear system evaluation.,1.0,1,1.0,1.0,1.0,1.0,1.0,284.27
energy,baseline_clip,24,"During the 2008-2012 period of the EU Emissions Trading System, what does the statistically significant value of the parameter reflecting the transfer of fluctuations from the carbon permits market to Brent crude oil suggest according to the asymmetric BEKK approach?",1.0,1,0.5,1.0,1.0,1.0,1.0,257.58
energy,baseline_clip,25,"How much backing do people give to ending the use of gasoline and diesel vehicles, based on the research by Adrian Rinscheid and colleagues?",1.0,1,1.0,1.0,1.0,1.0,1.0,261.59
energy,baseline_clip,26,"Across the six weeks, how much did stored energy values fluctuate among the twenty participants applying the quartet of control approaches in Australia?",1.0,1,1.0,1.0,1.0,1.0,1.0,286.88
energy,baseline_clip,27,In what way does the depiction of a vivid sunset reflect environmental concerns addressed during the 2020 Australian Bushfire summit?,1.0,1,1.0,1.0,1.0,1.0,1.0,261.61
energy,baseline_clip,28,How do the estimated values of propagation rate and starting load reduction compare across the three examined system loading conditions in the IEEE 300 bus cascading failure simulations?,1.0,1,1.0,1.0,1.0,1.0,1.0,238.85
energy,baseline_clip,29,Which prominent urban centers can be found close to the land-water-land area dividing Sweden and Denmark known for its coastal environment studies?,1.0,1,1.0,1.0,1.0,1.0,1.0,267.59
energy,baseline_clip,30,"Which values were set for agitation speed, electrical current, experiment length, and counter material in the additive evaluation process using a Hull-cell for plating lead?",1.0,1,0.5,1.0,1.0,1.0,1.0,232.41
energy,baseline_clip,31,What were the variations in year-over-year shifts in auction outcomes across each LDA between the 2020/2021 and 2021/2022 delivery periods within the PJM market?,1.0,1,1.0,1.0,1.0,1.0,1.0,257.03
energy,baseline_clip,32,"For the 5500XL, which problems could lead to the unit failing to achieve sufficient heat to engage the circulation fan, as described under trouble code three?",1.0,1,0.25,1.0,1.0,1.0,1.0,281.03
energy,baseline_clip,33,What trends are observed in global primary energy use between 1990 and 2060 when considering major scenario projections developed by various international organizations and companies?,1.0,1,1.0,1.0,1.0,1.0,1.0,299.13
energy,baseline_clip,34,"Within the stage focused on direct field evaluations in the chemical analysis protocol, what are the subsections included?",1.0,1,0.5,0.5,0.5,1.0,1.0,242.9
energy,baseline_clip,35,"What process does the FINIX software use to alternate between temperature-related and structural calculations for fuel rods, including the sequence of steps and criteria for repeating thermal or mechanical evaluations?",1.0,1,1.0,1.0,1.0,1.0,1.0,239.38
energy,baseline_clip,36,"By how much did the UK natural gas benchmark value denominated in US dollars per MMBtu differ from July 20 to July 21, 2021?",1.0,1,0.25,0.75,0.75,1.0,0.9166666666666666,249.19
energy,baseline_clip,37,What are the differences in calculated life expectancy at 80°C and 100°C for NYCWY 0.6/1 kV 4x10/10 mm2 power cable samples following 11-hour and 15-hour high-temperature treatments at either 125°C or 140°C?,1.0,1,0.5,1.0,1.0,1.0,1.0,251.93
energy,baseline_clip,38,In what way does the light reflection behavior differ between flat indium phosphide and nanostructured indium phosphide films with a range of pore extensions when measured across various wavelengths?,1.0,1,1.0,1.0,1.0,1.0,1.0,260.21
energy,baseline_clip,39,"How do the roles of residents in running and managing solar energy systems vary across the segmented, shared, and both types of direct sale models in apartment complexes?",1.0,1,0.3333333333333333,1.0,1.0,1.0,1.0,271.1
energy,baseline_clip,40,"How did the main US and Asia LNG benchmark contracts for the prompt delivery month shift in value in dollars per MMBtu from July 20 to July 21, 2021?",1.0,1,0.25,0.5,0.75,1.0,0.7916666666666666,546.83
energy,baseline_clip,41,"In simulations of liberalized power sector markets using autonomous decision-making entities, what icons are used to indicate major world monetary units such as the US, European, and British currencies?",1.0,1,1.0,1.0,1.0,1.0,1.0,252.06
energy,baseline_clip,42,"At the Sapphire Wind Farm Community Consultative Committee gathering, who has ongoing responsibility for communicating updates on talks related to lighting for aircraft?",1.0,1,0.5,1.0,1.0,1.0,1.0,254.45
energy,baseline_clip,43,"In the Nepal-TRNSCGE framework, how are the different segments of household travel demand organized into individually-owned and externally-provided options, and what are the subsequent breakdowns based on mode of vehicle and types of propulsion systems?",1.0,1,1.0,1.0,1.0,1.0,1.0,499.71
energy,baseline_clip,44,"To what extent do emissions differ from the 1990 benchmark across the four modeled pathways for the electricity, natural gas, and transportation categories?",1.0,1,0.5,1.0,1.0,1.0,0.75,256.1
energy,baseline_clip,45,What variation is observed in the computed flapwise and chordwise cyclic bending moments for wind turbine blades when applying Spera's formulas across different standard deviation indices from zero to three?,1.0,1,0.5,1.0,1.0,1.0,1.0,246.85
energy,baseline_clip,46,"According to Part L of the Building Regulations 2002, how does the permitted thermal transmittance for wall structures compare between newly constructed properties and those undergoing significant changes?",1.0,1,0.5,0.5,1.0,1.0,0.625,250.65
energy,baseline_clip,47,"How does the amount of immediate energy received by a crystalline module, according to the SQ Flex Sizing WinCAPS calculations, vary throughout daylight hours?",1.0,1,1.0,1.0,1.0,1.0,1.0,250.77
energy,baseline_clip,48,"How did the value of Algerian hydrocarbon shipments to Europe evolve from 2017 through 2020 as reported by Eurostat, and what was the scale of the drop following the highest point?",1.0,1,0.5,1.0,1.0,1.0,1.0,250.82
energy,baseline_clip,49,"Between April and June 2021, what differences were observed in the spot market trajectories for 37kt shipments from the UK Continent to the US Atlantic Coast and 30kt movements from Singapore to Australia?",1.0,1,1.0,1.0,1.0,1.0,1.0,230.69
energy,baseline_clip,50,"Can you provide the specific values of overall heat transfer and correction factors applied to the heat exchangers, namely the heater processing flue gas to CO2, the recuperator exchanging CO2 with itself, and the cooler transferring heat from CO2 to water, as determined in the sCO2 cycle cost assessment by Matteo Marchionni and colleagues in 2017?",1.0,1,0.3333333333333333,1.0,1.0,1.0,0.9166666666666666,244.17
energy,baseline_clip,51,"For a detached residential building featuring a slab-on-grade foundation located in the 6A climate region, how much did building expenses change when moving from the 2012 to the 2015 International Energy Conservation Code?",1.0,1,0.3333333333333333,1.0,1.0,1.0,1.0,234.25
energy,baseline_clip,52,"Identify the entry among the geospatial datasets that offers height measurements in a collection of spatial points, specifying its file format and the organization responsible for supplying it.",1.0,1,0.5,1.0,1.0,1.0,1.0,255.82
energy,baseline_clip,53,"In a floating wind turbine system, which structural section is designed to house more than one type of ballast, and how are these ballast types positioned relative to one another within that section?",1.0,1,1.0,1.0,1.0,1.0,1.0,254.5
energy,baseline_clip,54,"In what manner do meteorological inputs and half-hourly operational checks influence the proposal, validation, and execution of electricity sales and delivery within a virtual power plant arrangement?",1.0,1,1.0,1.0,1.0,1.0,1.0,287.11
energy,baseline_clip,55,"During the 2016 efforts by California's regulatory authorities following the SoCalGas Aliso Canyon incident, which measure accounted for the greatest decrease in the use of natural gas, based on therm equivalents?",1.0,1,0.5,1.0,1.0,1.0,1.0,374.6
energy,baseline_clip,56,"What are the differences in the percentage allocation of operating expenses such as electricity, wages, asset write-off, and miscellaneous costs between the hydroponic cultivation approach using traditional lighting and the intended OZEPf configuration?",1.0,1,1.0,1.0,1.0,1.0,1.0,250.7
energy,baseline_clip,57,"When utilizing pineapple residues for glucose utilization in the SSCF procedure, what numerical value is obtained for the parameter γ in the Logistic-based modified Luedeking-Piret kinetic modeling?",1.0,1,0.3333333333333333,1.0,1.0,1.0,1.0,334.83
energy,baseline_clip,58,"In harmonic phase angle studies, what impact does varying the direction of incoming flow have on the spatial distributions observed for Ur at values of 6 and 8?",2.0,2-5,0.0,1.0,1.0,0.5,0.5,245.31
energy,baseline_clip,59,"What arrangement and modes of engagement were evident among those discussing energy priorities and governmental involvement in the Yukon, particularly in relation to collaborative brainstorming tools?",1.0,1,1.0,1.0,1.0,1.0,1.0,229.44
energy,baseline_clip,60,"What hardware elements and their interconnections, such as those that manage electrical storage, regulation, and monitoring, can be found in the Helios 2 solar setup?",2.0,2-5,0.0,1.0,1.0,0.5,0.5,246.66
energy,baseline_clip,61,"During the 2009 ZESCO performance review covering January through September, what was the cumulative weighted result attributed to System Losses?",1.0,1,0.3333333333333333,1.0,1.0,1.0,1.0,329.59
energy,baseline_clip,62,What was the impact on cumulative purified water output per unit area when air movement increased from still conditions to 10 meters per second during the July 6 Chabahar solar distillation test?,1.0,1,0.5,1.0,1.0,1.0,1.0,244.71
energy,baseline_clip,63,"For the IEEE 300 bus network, what value does the mean cascading parameter reach when the system operates at 1.1 times its typical demand?",1.0,1,1.0,1.0,1.0,1.0,1.0,257.82
energy,baseline_clip,64,"For the best-performing silicon photovoltaic device featuring nanostructures and an area factor of 2.30, independently evaluated by TÜV Corporation using AM 1.5G light, what are the reported metrics for maximum open-circuit voltage, short-circuit current, fill factor, and conversion efficiency?",1.0,1,1.0,1.0,1.0,1.0,1.0,254.4
energy,baseline_clip,65,"Which labeled repositories within the organization, specifically identified as S1 to S3, contribute information that undergoes preparation before being included in the CRM system?",1.0,1,1.0,1.0,1.0,1.0,1.0,278.3
energy,baseline_clip,66,What was the combined aerodynamic resistance value for all main structural elements of the experimental setup when using the rotor area as the basis for calculation?,1.0,1,0.5,1.0,1.0,1.0,1.0,222.76
energy,baseline_clip,67,"How is a phasor-based evaluation of harmonics systematically performed in an ISM-based distribution network, beginning with the starting condition and specifying the procedure for deciding when to halt the iterative assessment?",1.0,1,1.0,1.0,1.0,1.0,1.0,261.74
energy,baseline_clip,68,"How do the values of generated electricity per unit of water for fish farming operations compare among the main Spanish river basins such as Duero, Ebro, Jucar, and Tajo?",1.0,1,1.0,1.0,1.0,1.0,1.0,251.8
energy,baseline_clip,69,Over what decade following the adoption of robust state measures targeting non-renewable energy usage is the most significant decrease in fossil energy use achieved?,1.0,1,1.0,1.0,1.0,1.0,1.0,280.05
energy,baseline_clip,70,Which parts of New York City are powered by electrical energy originating from both fossil-based gaseous and liquid fuels?,1.0,1,1.0,1.0,1.0,1.0,1.0,263.71
energy,baseline_clip,71,"Between 2016 and 2020, what shift occurred in the share of API-based offerings for the electricity market platform operated by Nord Pool?",1.0,1,1.0,1.0,1.0,1.0,1.0,352.09
energy,baseline_clip,72,What trends and major year-to-year variations were observed in the proportion of NEM Forward Market activity relative to physical volume between the financial years 1999/00 and 2018/19?,1.0,1,1.0,1.0,1.0,1.0,1.0,258.52
energy,baseline_clip,73,"How does the use of fuel supplied to local power plants like Astoria, Arthur Kill, and Ravenswood contrast with electricity brought in from outside regions when serving New York City’s energy demands?",1.0,1,1.0,1.0,1.0,1.0,1.0,246.03
energy,baseline_clip,74,"For individuals renting in apartment complexes, which of the four listed solar energy arrangements minimizes paperwork and organizational tasks for residents?",1.0,1,0.3333333333333333,1.0,1.0,1.0,1.0,251.18
energy,baseline_clip,75,"In the scenario of an inter-turn winding issue within a large-capacity oil-immersed distribution transformer, what trend is observed in the phase A leakage inductance as the proportion of damaged winding turns increases?",1.0,1,1.0,1.0,1.0,1.0,1.0,263.46
energy,baseline_clip,76,"Over the years 2006 to 2031, what was the impact of mechanisms aimed at emissions reduction on the balance of power output between advanced and conventional natural gas combined cycle technologies?",2.0,2-5,0.0,1.0,1.0,0.5,0.5,496.99
energy,baseline_clip,77,Which designated initiative focuses on long-term scenario exploration and challenging assumptions about energy futures in Europe for the year 2050?,2.0,2-5,0.0,1.0,1.0,0.5,0.5,251.47
energy,baseline_clip,78,"How do the upfront investment requirements per kilowatt for wind and solar power installations evolve from the start of the period in 2020 to the end in 2050, based on figures provided in the 2021 Energy Systems Research conference?",1.0,1,0.5,0.5,1.0,1.0,0.625,458.83
energy,baseline_clip,79,"Which measures related to aircraft warning lights were listed as follow-up tasks at the April 30, 2019 gathering of the consultative group for the Sapphire Wind Farm in Inverell?",1.0,1,0.5,1.0,1.0,1.0,1.0,261.25
energy,baseline_clip,80,What was the effect on the precision of peripheral assembly power estimates when comparing two different TCP0 scattering treatments during benchmark simulations of a one-dimensional reactor model proposed by a South Korean institution?,1.0,1,0.5,1.0,1.0,1.0,1.0,295.41
energy,baseline_clip,81,"In the context of vessel loading or unloading, what are the specified practices for maintaining crew communications throughout the transfer, such as the use of specific radio equipment and channels?",1.0,1,0.5,1.0,1.0,1.0,1.0,237.37
energy,baseline_clip,82,What secondary heading appears under the main title for the summary report concerning the 8.8-megawatt wind energy development at Parzeczew in Poland?,1.0,1,0.3333333333333333,1.0,1.0,1.0,1.0,266.22
energy,baseline_clip,83,"How did TDO's ownership percentages in the VIC/P57 and VIC/L31 sites within the Gippsland Basin, Victoria alter from the end of June 2014 to the end of December 2014?",1.0,1,0.5,1.0,1.0,1.0,1.0,236.91
energy,baseline_clip,84,"For the Enhanced Affiliate Actual Cost Transparency initiative involving PSEG Long Island and LIPA, which people handled modifications to each project draft, and when and why were these updates carried out?",1.0,1,0.5,1.0,1.0,1.0,1.0,290.72
energy,baseline_clip,85,"Which values correspond to the building heating load factors for each of the eight time intervals described in the 2013 optimization analysis featured in Volume 1, Issue 4 of the Journal of Sustainable Development of Energy, Water and Environment Systems?",1.0,1,0.5,0.5,0.5,1.0,1.0,248.6
energy,baseline_clip,86,What was the difference in the operating activity cash outflows for EQTEC plc comparing the end of 2015 to the same date in 2016?,1.0,1,1.0,1.0,1.0,1.0,1.0,260.83
energy,baseline_clip,87,Which web address corresponds to the organisation providing assistance to at-risk residents in Clackmannanshire through the energy-focused LEAP initiative?,1.0,1,1.0,1.0,1.0,1.0,1.0,248.11
energy,baseline_clip,88,"How did the front-month settlement for Henry Hub, measured in US dollars per MMBtu, change from July 20 to July 21, 2021?",1.0,1,0.25,0.5,0.75,1.0,0.8333333333333334,249.42
energy,baseline_clip,89,"What shifts occurred in atomic power usage patterns among major world areas, particularly growth in Asia Pacific and changes in North America, over the period 1990 to 2015?",1.0,1,1.0,1.0,1.0,1.0,1.0,236.97
energy,baseline_clip,90,Which short-form denotes the method of transforming gaseous substances into liquid products using the X-to-Liquids approach in the energy sector?,1.0,1,1.0,1.0,1.0,1.0,1.0,384.21
energy,baseline_clip,91,"Within the boundaries of Vic/P57, how are the various leads distributed between those associated with the higher and lower stratigraphic sections of the Latrobe Group?",1.0,1,0.5,0.5,1.0,1.0,0.625,259.74
energy,baseline_clip,92,"Over the colder months spanning from late autumn to early spring, which device out of the heater, computer, dishwasher, and toaster reaches the most pronounced spikes in power usage, and how does its maximum consumption differ from the others during these months?",1.0,1,0.5,1.0,1.0,1.0,1.0,268.55
energy,baseline_clip,93,"How do the measured quantities of conventional fuel used per kilowatt-hour of electricity differ among the Exergetic, ORGRES, SFU, and Physical calculation approaches when both electric and thermal outputs are generated together?",1.0,1,0.5,1.0,1.0,1.0,1.0,234.27
energy,baseline_clip,94,"Between the two sodium-based electrolyte formulations, which one demonstrates the highest heat-releasing event upon heating, and near what temperature does this event take place?",1.0,1,1.0,1.0,1.0,1.0,1.0,259.3
energy,baseline_clip,95,"In community-focused initiatives aimed at expanding sustainable power solutions, how is small-batch biofuel fabrication carried out to support local economic activity when implemented by groups skilled in advancing access for underserved populations?",2.0,2-5,0.0,1.0,1.0,0.5,0.5,269.85
energy,baseline_clip,96,How does the total capacity for onshore wind installations evolve between 2020 and 2050 in the study conducted by Michael Child and colleagues published in Energy Procedia 135 (2017)?,2.0,2-5,0.0,1.0,1.0,0.5,0.5,340.31
energy,baseline_clip,97,"Which quantitative feed composition values and molar ratios were set for methane, carbon dioxide, water, and O/R during experiments with the fixed-bed system for chemical looping?",1.0,1,1.0,1.0,1.0,1.0,1.0,239.15
energy,baseline_clip,98,"Which high, medium, and lower voltage dataset categories are managed by the intelligent remote control unit within the advanced substation framework?",1.0,1,1.0,1.0,1.0,1.0,1.0,241.75
energy,baseline_clip,99,"Which aspects related to ecological value, such as habitat surroundings, legally designated areas, avian and bat species, and other organisms of concern, are highlighted in the summary of the wind energy development?",1.0,1,1.0,1.0,1.0,1.0,1.0,251.35
energy,baseline_ocr,0,How does the electrical potential vary between starting and ending states when charging at a higher temperature and discharging at a lower temperature in this experiment?,,>10,0.0,0.0,0.0,0.0,0.0,375.73
energy,baseline_ocr,1,"In an alkaline environment with oxygen reduction at potentials ranging from 0.4 to 0.8 V versus RHE, what differences are observed in the efficiency of H2O2 generation between graphite electrodes modified with anthraquinone and those without modification?",,>10,0.0,0.0,0.0,0.0,0.0,411.7
energy,baseline_ocr,2,Which procedures were employed for enzymatic conversion and fermentation after treating rice straw with a mixture of sodium carbonate and sodium sulfite at elevated temperature?,,>10,0.0,0.0,0.0,0.0,0.0,707.25
energy,baseline_ocr,3,"Between 2010 and 2015 in the Western Canada Sedimentary Basin, what is the difference in the share of high-magnitude seismic occurrences linked to wells used for fluid disposal compared to those utilized for hydraulic fracturing?",,>10,0.0,0.0,0.0,0.0,0.0,671.86
energy,baseline_ocr,4,What was the shift in accumulated profits for EQTEC plc over the period from mid-2015 to the end of 2016?,,>10,0.0,0.0,0.0,0.0,0.0,338.79
energy,baseline_ocr,5,"In the Chabahar solar still investigation conducted on July 6, how did shifting the surrounding air temperature from 20 degrees Celsius to 40 degrees Celsius influence the overall volume of distilled water collected per unit area?",10.0,6-10,0.0,0.0,0.5,0.1,0.1,270.19
energy,baseline_ocr,6,Which entity is acknowledged as the central technology institution in the Q2 2021 overview addressing regulatory changes in net metering and distributed solar generation initiatives within The 50 States of Solar analysis?,,>10,0.0,0.0,0.0,0.0,0.0,308.32
energy,baseline_ocr,7,"When the methane input is held constant at 9 NL min⁻¹ during the gas-solid equilibrium tests, what impact does varying the ratio of oxidant to reformer stream have on process conditions?",,>10,0.0,0.0,0.0,0.0,0.0,403.15
energy,baseline_ocr,8,How does the average fluid output per second of the solar-based sprayer compare when run exclusively from solar energy versus when using either the 1SMF or MF9-B backup batteries throughout daylight hours?,,>10,0.0,0.0,0.0,0.0,0.0,431.08
energy,baseline_ocr,9,"For applicants seeking funding through the REF Brownfield initiative who are incorporating energy storage, what are the detailed stipulations for the signed agreement covering the storage aspect?",,>10,0.0,0.0,0.0,0.0,0.0,388.48
energy,baseline_ocr,10,How does the electron transfer count during the oxygen reduction process differ between a graphite electrode modified with anthraquinone and an unmodified graphite rod when examined across 0.4 to 0.8 volts versus the reversible hydrogen electrode?,,>10,0.0,0.0,0.0,0.0,0.0,523.17
energy,baseline_ocr,11,By how much did the gap between the US and UK natural gas benchmarks increase from one day to the next on 20 and 21 July 2021?,9.0,6-10,0.0,0.0,0.25,0.1111111111111111,0.1111111111111111,517.78
energy,baseline_ocr,12,"During the interval from 1972 to 2013 in the Raton Basin area, when did the most powerful seismic event with a magnitude of 5.3 occur?",,>10,0.0,0.0,0.0,0.0,0.0,498.58
energy,baseline_ocr,13,How thick is the a-MoSx film produced by the cyclic voltammetry-based deposition onto the Ti/p-InP structure according to the reported experimental procedure?,,>10,0.0,0.0,0.0,0.0,0.0,755.63
energy,baseline_ocr,14,What were the significant shifts and turning points in the monthly average petroleum cost (in USD) between the spring of 2008 and the end of winter 2012 as tracked by the Department of Commerce?,,>10,0.0,0.0,0.0,0.0,0.0,2319.01
energy,baseline_ocr,15,How do the high and statistically notable estimates for specific parameters in the B matrix of the asymmetric BEKK model clarify the ongoing influence of prior fluctuations on subsequent volatility in EUA returns throughout the second stage of the EU Emissions Trading System?,,>10,0.0,0.0,0.0,0.0,0.0,286.57
energy,baseline_ocr,16,"Which steps concerning advance planning, authority notifications, environmental assessments, crew briefings, and securing the vessel must be followed before and during mooring according to the listed requirements?",,>10,0.0,0.0,0.0,0.0,0.0,344.45
energy,baseline_ocr,17,"For the NEK region, what proportions of passenger vehicles are expected to operate on electric power in 2025, 2035, and 2050 based on anticipated shifts away from internal combustion engines?",,>10,0.0,0.0,0.0,0.0,0.0,321.61
energy,baseline_ocr,18,"What trend is observed in the percentage of light reflected as a function of light wavelength for indium phosphide nanostructures with different measured depths of 4.3, 9.2, 16.9, and 24.5 micrometers under laboratory testing?",,>10,0.0,0.0,0.0,0.0,0.0,318.26
energy,baseline_ocr,19,"During the period from 1990 to 2015, what differences are evident in how petroleum use evolved in the Asia Pacific region compared to North America?",,>10,0.0,0.0,0.0,0.0,0.0,256.32
energy,baseline_ocr,20,"How are expenses distributed among key areas such as equipment, chemical usage, labor, and management in algae-based biofuel manufacturing using either alkali or enzyme-driven approaches?",,>10,0.0,0.0,0.0,0.0,0.0,378.64
energy,baseline_ocr,21,"Within the computational scenarios outlined for various parameter settings, what range was assigned to the vertical placement of the chimney connection?",,>10,0.0,0.0,0.0,0.0,0.0,355.87
energy,baseline_ocr,22,Which path is anticipated for the specialized transport carrying decommissioned Navy reactor material between the Ballston Spa Rail Spur and the Kesselring facility?,,>10,0.0,0.0,0.0,0.0,0.0,254.84
energy,baseline_ocr,23,List the principal actions and their associated timestamps during the B5.1 experimental protocol for nuclear system evaluation.,,>10,0.0,0.0,0.0,0.0,0.0,265.09
energy,baseline_ocr,24,"During the 2008-2012 period of the EU Emissions Trading System, what does the statistically significant value of the parameter reflecting the transfer of fluctuations from the carbon permits market to Brent crude oil suggest according to the asymmetric BEKK approach?",,>10,0.0,0.0,0.0,0.0,0.0,269.94
energy,baseline_ocr,25,"How much backing do people give to ending the use of gasoline and diesel vehicles, based on the research by Adrian Rinscheid and colleagues?",,>10,0.0,0.0,0.0,0.0,0.0,397.84
energy,baseline_ocr,26,"Across the six weeks, how much did stored energy values fluctuate among the twenty participants applying the quartet of control approaches in Australia?",,>10,0.0,0.0,0.0,0.0,0.0,274.88
energy,baseline_ocr,27,In what way does the depiction of a vivid sunset reflect environmental concerns addressed during the 2020 Australian Bushfire summit?,,>10,0.0,0.0,0.0,0.0,0.0,397.54
energy,baseline_ocr,28,How do the estimated values of propagation rate and starting load reduction compare across the three examined system loading conditions in the IEEE 300 bus cascading failure simulations?,,>10,0.0,0.0,0.0,0.0,0.0,411.68
energy,baseline_ocr,29,Which prominent urban centers can be found close to the land-water-land area dividing Sweden and Denmark known for its coastal environment studies?,,>10,0.0,0.0,0.0,0.0,0.0,256.18
energy,baseline_ocr,30,"Which values were set for agitation speed, electrical current, experiment length, and counter material in the additive evaluation process using a Hull-cell for plating lead?",,>10,0.0,0.0,0.0,0.0,0.0,331.55
energy,baseline_ocr,31,What were the variations in year-over-year shifts in auction outcomes across each LDA between the 2020/2021 and 2021/2022 delivery periods within the PJM market?,,>10,0.0,0.0,0.0,0.0,0.0,297.99
energy,baseline_ocr,32,"For the 5500XL, which problems could lead to the unit failing to achieve sufficient heat to engage the circulation fan, as described under trouble code three?",,>10,0.0,0.0,0.0,0.0,0.0,290.17
energy,baseline_ocr,33,What trends are observed in global primary energy use between 1990 and 2060 when considering major scenario projections developed by various international organizations and companies?,,>10,0.0,0.0,0.0,0.0,0.0,265.75
energy,baseline_ocr,34,"Within the stage focused on direct field evaluations in the chemical analysis protocol, what are the subsections included?",3.0,2-5,0.0,1.0,1.0,0.3333333333333333,0.41666666666666663,317.51
energy,baseline_ocr,35,"What process does the FINIX software use to alternate between temperature-related and structural calculations for fuel rods, including the sequence of steps and criteria for repeating thermal or mechanical evaluations?",,>10,0.0,0.0,0.0,0.0,0.0,331.53
energy,baseline_ocr,36,"By how much did the UK natural gas benchmark value denominated in US dollars per MMBtu differ from July 20 to July 21, 2021?",9.0,6-10,0.0,0.0,0.25,0.1111111111111111,0.1111111111111111,277.94
energy,baseline_ocr,37,What are the differences in calculated life expectancy at 80°C and 100°C for NYCWY 0.6/1 kV 4x10/10 mm2 power cable samples following 11-hour and 15-hour high-temperature treatments at either 125°C or 140°C?,,>10,0.0,0.0,0.0,0.0,0.0,418.5
energy,baseline_ocr,38,In what way does the light reflection behavior differ between flat indium phosphide and nanostructured indium phosphide films with a range of pore extensions when measured across various wavelengths?,,>10,0.0,0.0,0.0,0.0,0.0,300.82
energy,baseline_ocr,39,"How do the roles of residents in running and managing solar energy systems vary across the segmented, shared, and both types of direct sale models in apartment complexes?",,>10,0.0,0.0,0.0,0.0,0.0,398.15
energy,baseline_ocr,40,"How did the main US and Asia LNG benchmark contracts for the prompt delivery month shift in value in dollars per MMBtu from July 20 to July 21, 2021?",9.0,6-10,0.0,0.0,0.25,0.1111111111111111,0.1111111111111111,312.62
energy,baseline_ocr,41,"In simulations of liberalized power sector markets using autonomous decision-making entities, what icons are used to indicate major world monetary units such as the US, European, and British currencies?",,>10,0.0,0.0,0.0,0.0,0.0,353.74
energy,baseline_ocr,42,"At the Sapphire Wind Farm Community Consultative Committee gathering, who has ongoing responsibility for communicating updates on talks related to lighting for aircraft?",,>10,0.0,0.0,0.0,0.0,0.0,312.86
energy,baseline_ocr,43,"In the Nepal-TRNSCGE framework, how are the different segments of household travel demand organized into individually-owned and externally-provided options, and what are the subsequent breakdowns based on mode of vehicle and types of propulsion systems?",,>10,0.0,0.0,0.0,0.0,0.0,385.05
energy,baseline_ocr,44,"To what extent do emissions differ from the 1990 benchmark across the four modeled pathways for the electricity, natural gas, and transportation categories?",,>10,0.0,0.0,0.0,0.0,0.0,331.45
energy,baseline_ocr,45,What variation is observed in the computed flapwise and chordwise cyclic bending moments for wind turbine blades when applying Spera's formulas across different standard deviation indices from zero to three?,,>10,0.0,0.0,0.0,0.0,0.0,258.99
energy,baseline_ocr,46,"According to Part L of the Building Regulations 2002, how does the permitted thermal transmittance for wall structures compare between newly constructed properties and those undergoing significant changes?",8.0,6-10,0.0,0.0,0.5,0.125,0.125,288.84
energy,baseline_ocr,47,"How does the amount of immediate energy received by a crystalline module, according to the SQ Flex Sizing WinCAPS calculations, vary throughout daylight hours?",,>10,0.0,0.0,0.0,0.0,0.0,309.85
energy,baseline_ocr,48,"How did the value of Algerian hydrocarbon shipments to Europe evolve from 2017 through 2020 as reported by Eurostat, and what was the scale of the drop following the highest point?",,>10,0.0,0.0,0.0,0.0,0.0,278.57
energy,baseline_ocr,49,"Between April and June 2021, what differences were observed in the spot market trajectories for 37kt shipments from the UK Continent to the US Atlantic Coast and 30kt movements from Singapore to Australia?",,>10,0.0,0.0,0.0,0.0,0.0,261.72
energy,baseline_ocr,50,"Can you provide the specific values of overall heat transfer and correction factors applied to the heat exchangers, namely the heater processing flue gas to CO2, the recuperator exchanging CO2 with itself, and the cooler transferring heat from CO2 to water, as determined in the sCO2 cycle cost assessment by Matteo Marchionni and colleagues in 2017?",,>10,0.0,0.0,0.0,0.0,0.0,250.42
energy,baseline_ocr,51,"For a detached residential building featuring a slab-on-grade foundation located in the 6A climate region, how much did building expenses change when moving from the 2012 to the 2015 International Energy Conservation Code?",,>10,0.0,0.0,0.0,0.0,0.0,253.15
energy,baseline_ocr,52,"Identify the entry among the geospatial datasets that offers height measurements in a collection of spatial points, specifying its file format and the organization responsible for supplying it.",,>10,0.0,0.0,0.0,0.0,0.0,275.16
energy,baseline_ocr,53,"In a floating wind turbine system, which structural section is designed to house more than one type of ballast, and how are these ballast types positioned relative to one another within that section?",,>10,0.0,0.0,0.0,0.0,0.0,300.31
energy,baseline_ocr,54,"In what manner do meteorological inputs and half-hourly operational checks influence the proposal, validation, and execution of electricity sales and delivery within a virtual power plant arrangement?",,>10,0.0,0.0,0.0,0.0,0.0,332.52
energy,baseline_ocr,55,"During the 2016 efforts by California's regulatory authorities following the SoCalGas Aliso Canyon incident, which measure accounted for the greatest decrease in the use of natural gas, based on therm equivalents?",,>10,0.0,0.0,0.0,0.0,0.0,292.66
energy,baseline_ocr,56,"What are the differences in the percentage allocation of operating expenses such as electricity, wages, asset write-off, and miscellaneous costs between the hydroponic cultivation approach using traditional lighting and the intended OZEPf configuration?",,>10,0.0,0.0,0.0,0.0,0.0,318.51
energy,baseline_ocr,57,"When utilizing pineapple residues for glucose utilization in the SSCF procedure, what numerical value is obtained for the parameter γ in the Logistic-based modified Luedeking-Piret kinetic modeling?",5.0,2-5,0.0,0.3333333333333333,0.3333333333333333,0.2,0.2,285.54
energy,baseline_ocr,58,"In harmonic phase angle studies, what impact does varying the direction of incoming flow have on the spatial distributions observed for Ur at values of 6 and 8?",,>10,0.0,0.0,0.0,0.0,0.0,306.85
energy,baseline_ocr,59,"What arrangement and modes of engagement were evident among those discussing energy priorities and governmental involvement in the Yukon, particularly in relation to collaborative brainstorming tools?",,>10,0.0,0.0,0.0,0.0,0.0,255.25
energy,baseline_ocr,60,"What hardware elements and their interconnections, such as those that manage electrical storage, regulation, and monitoring, can be found in the Helios 2 solar setup?",,>10,0.0,0.0,0.0,0.0,0.0,294.18
energy,baseline_ocr,61,"During the 2009 ZESCO performance review covering January through September, what was the cumulative weighted result attributed to System Losses?",,>10,0.0,0.0,0.0,0.0,0.0,383.76
energy,baseline_ocr,62,What was the impact on cumulative purified water output per unit area when air movement increased from still conditions to 10 meters per second during the July 6 Chabahar solar distillation test?,10.0,6-10,0.0,0.0,0.5,0.1,0.1,297.59
energy,baseline_ocr,63,"For the IEEE 300 bus network, what value does the mean cascading parameter reach when the system operates at 1.1 times its typical demand?",,>10,0.0,0.0,0.0,0.0,0.0,292.36
energy,baseline_ocr,64,"For the best-performing silicon photovoltaic device featuring nanostructures and an area factor of 2.30, independently evaluated by TÜV Corporation using AM 1.5G light, what are the reported metrics for maximum open-circuit voltage, short-circuit current, fill factor, and conversion efficiency?",,>10,0.0,0.0,0.0,0.0,0.0,271.28
energy,baseline_ocr,65,"Which labeled repositories within the organization, specifically identified as S1 to S3, contribute information that undergoes preparation before being included in the CRM system?",,>10,0.0,0.0,0.0,0.0,0.0,274.19
energy,baseline_ocr,66,What was the combined aerodynamic resistance value for all main structural elements of the experimental setup when using the rotor area as the basis for calculation?,,>10,0.0,0.0,0.0,0.0,0.0,1046.07
energy,baseline_ocr,67,"How is a phasor-based evaluation of harmonics systematically performed in an ISM-based distribution network, beginning with the starting condition and specifying the procedure for deciding when to halt the iterative assessment?",,>10,0.0,0.0,0.0,0.0,0.0,335.73
energy,baseline_ocr,68,"How do the values of generated electricity per unit of water for fish farming operations compare among the main Spanish river basins such as Duero, Ebro, Jucar, and Tajo?",,>10,0.0,0.0,0.0,0.0,0.0,274.05
energy,baseline_ocr,69,Over what decade following the adoption of robust state measures targeting non-renewable energy usage is the most significant decrease in fossil energy use achieved?,1.0,1,1.0,1.0,1.0,1.0,1.0,478.76
energy,baseline_ocr,70,Which parts of New York City are powered by electrical energy originating from both fossil-based gaseous and liquid fuels?,,>10,0.0,0.0,0.0,0.0,0.0,298.35
energy,baseline_ocr,71,"Between 2016 and 2020, what shift occurred in the share of API-based offerings for the electricity market platform operated by Nord Pool?",,>10,0.0,0.0,0.0,0.0,0.0,274.81
energy,baseline_ocr,72,What trends and major year-to-year variations were observed in the proportion of NEM Forward Market activity relative to physical volume between the financial years 1999/00 and 2018/19?,,>10,0.0,0.0,0.0,0.0,0.0,390.69
energy,baseline_ocr,73,"How does the use of fuel supplied to local power plants like Astoria, Arthur Kill, and Ravenswood contrast with electricity brought in from outside regions when serving New York City’s energy demands?",,>10,0.0,0.0,0.0,0.0,0.0,367.48
energy,baseline_ocr,74,"For individuals renting in apartment complexes, which of the four listed solar energy arrangements minimizes paperwork and organizational tasks for residents?",,>10,0.0,0.0,0.0,0.0,0.0,292.12
energy,baseline_ocr,75,"In the scenario of an inter-turn winding issue within a large-capacity oil-immersed distribution transformer, what trend is observed in the phase A leakage inductance as the proportion of damaged winding turns increases?",,>10,0.0,0.0,0.0,0.0,0.0,313.46
energy,baseline_ocr,76,"Over the years 2006 to 2031, what was the impact of mechanisms aimed at emissions reduction on the balance of power output between advanced and conventional natural gas combined cycle technologies?",,>10,0.0,0.0,0.0,0.0,0.0,300.54
energy,baseline_ocr,77,Which designated initiative focuses on long-term scenario exploration and challenging assumptions about energy futures in Europe for the year 2050?,,>10,0.0,0.0,0.0,0.0,0.0,275.81
energy,baseline_ocr,78,"How do the upfront investment requirements per kilowatt for wind and solar power installations evolve from the start of the period in 2020 to the end in 2050, based on figures provided in the 2021 Energy Systems Research conference?",,>10,0.0,0.0,0.0,0.0,0.0,252.23
energy,baseline_ocr,79,"Which measures related to aircraft warning lights were listed as follow-up tasks at the April 30, 2019 gathering of the consultative group for the Sapphire Wind Farm in Inverell?",,>10,0.0,0.0,0.0,0.0,0.0,267.27
energy,baseline_ocr,80,What was the effect on the precision of peripheral assembly power estimates when comparing two different TCP0 scattering treatments during benchmark simulations of a one-dimensional reactor model proposed by a South Korean institution?,,>10,0.0,0.0,0.0,0.0,0.0,645.6
energy,baseline_ocr,81,"In the context of vessel loading or unloading, what are the specified practices for maintaining crew communications throughout the transfer, such as the use of specific radio equipment and channels?",,>10,0.0,0.0,0.0,0.0,0.0,270.31
energy,baseline_ocr,82,What secondary heading appears under the main title for the summary report concerning the 8.8-megawatt wind energy development at Parzeczew in Poland?,,>10,0.0,0.0,0.0,0.0,0.0,299.49
energy,baseline_ocr,83,"How did TDO's ownership percentages in the VIC/P57 and VIC/L31 sites within the Gippsland Basin, Victoria alter from the end of June 2014 to the end of December 2014?",,>10,0.0,0.0,0.0,0.0,0.0,257.16
energy,baseline_ocr,84,"For the Enhanced Affiliate Actual Cost Transparency initiative involving PSEG Long Island and LIPA, which people handled modifications to each project draft, and when and why were these updates carried out?",2.0,2-5,0.0,0.5,0.5,0.5,0.5,281.82
energy,baseline_ocr,85,"Which values correspond to the building heating load factors for each of the eight time intervals described in the 2013 optimization analysis featured in Volume 1, Issue 4 of the Journal of Sustainable Development of Energy, Water and Environment Systems?",,>10,0.0,0.0,0.0,0.0,0.0,321.94
energy,baseline_ocr,86,What was the difference in the operating activity cash outflows for EQTEC plc comparing the end of 2015 to the same date in 2016?,,>10,0.0,0.0,0.0,0.0,0.0,332.5
energy,baseline_ocr,87,Which web address corresponds to the organisation providing assistance to at-risk residents in Clackmannanshire through the energy-focused LEAP initiative?,,>10,0.0,0.0,0.0,0.0,0.0,355.79
energy,baseline_ocr,88,"How did the front-month settlement for Henry Hub, measured in US dollars per MMBtu, change from July 20 to July 21, 2021?",9.0,6-10,0.0,0.0,0.25,0.1111111111111111,0.1111111111111111,251.7
energy,baseline_ocr,89,"What shifts occurred in atomic power usage patterns among major world areas, particularly growth in Asia Pacific and changes in North America, over the period 1990 to 2015?",,>10,0.0,0.0,0.0,0.0,0.0,494.75
energy,baseline_ocr,90,Which short-form denotes the method of transforming gaseous substances into liquid products using the X-to-Liquids approach in the energy sector?,,>10,0.0,0.0,0.0,0.0,0.0,503.79
energy,baseline_ocr,91,"Within the boundaries of Vic/P57, how are the various leads distributed between those associated with the higher and lower stratigraphic sections of the Latrobe Group?",,>10,0.0,0.0,0.0,0.0,0.0,874.86
energy,baseline_ocr,92,"Over the colder months spanning from late autumn to early spring, which device out of the heater, computer, dishwasher, and toaster reaches the most pronounced spikes in power usage, and how does its maximum consumption differ from the others during these months?",6.0,6-10,0.0,0.0,1.0,0.16666666666666666,0.22619047619047616,266.81
energy,baseline_ocr,93,"How do the measured quantities of conventional fuel used per kilowatt-hour of electricity differ among the Exergetic, ORGRES, SFU, and Physical calculation approaches when both electric and thermal outputs are generated together?",,>10,0.0,0.0,0.0,0.0,0.0,829.96
energy,baseline_ocr,94,"Between the two sodium-based electrolyte formulations, which one demonstrates the highest heat-releasing event upon heating, and near what temperature does this event take place?",,>10,0.0,0.0,0.0,0.0,0.0,301.39
energy,baseline_ocr,95,"In community-focused initiatives aimed at expanding sustainable power solutions, how is small-batch biofuel fabrication carried out to support local economic activity when implemented by groups skilled in advancing access for underserved populations?",,>10,0.0,0.0,0.0,0.0,0.0,280.5
energy,baseline_ocr,96,How does the total capacity for onshore wind installations evolve between 2020 and 2050 in the study conducted by Michael Child and colleagues published in Energy Procedia 135 (2017)?,,>10,0.0,0.0,0.0,0.0,0.0,333.47
energy,baseline_ocr,97,"Which quantitative feed composition values and molar ratios were set for methane, carbon dioxide, water, and O/R during experiments with the fixed-bed system for chemical looping?",,>10,0.0,0.0,0.0,0.0,0.0,288.01
energy,baseline_ocr,98,"Which high, medium, and lower voltage dataset categories are managed by the intelligent remote control unit within the advanced substation framework?",,>10,0.0,0.0,0.0,0.0,0.0,266.02
energy,baseline_ocr,99,"Which aspects related to ecological value, such as habitat surroundings, legally designated areas, avian and bat species, and other organisms of concern, are highlighted in the summary of the wind energy development?",,>10,0.0,0.0,0.0,0.0,0.0,389.08
energy,proposed,0,How does the electrical potential vary between starting and ending states when charging at a higher temperature and discharging at a lower temperature in this experiment?,1.0,1,1.0,1.0,1.0,1.0,1.0,646.31
energy,proposed,1,"In an alkaline environment with oxygen reduction at potentials ranging from 0.4 to 0.8 V versus RHE, what differences are observed in the efficiency of H2O2 generation between graphite electrodes modified with anthraquinone and those without modification?",1.0,1,1.0,1.0,1.0,1.0,1.0,368.62
energy,proposed,2,Which procedures were employed for enzymatic conversion and fermentation after treating rice straw with a mixture of sodium carbonate and sodium sulfite at elevated temperature?,1.0,1,0.5,1.0,1.0,1.0,1.0,2203.81
energy,proposed,3,"Between 2010 and 2015 in the Western Canada Sedimentary Basin, what is the difference in the share of high-magnitude seismic occurrences linked to wells used for fluid disposal compared to those utilized for hydraulic fracturing?",1.0,1,1.0,1.0,1.0,1.0,1.0,969.29
energy,proposed,4,What was the shift in accumulated profits for EQTEC plc over the period from mid-2015 to the end of 2016?,1.0,1,0.3333333333333333,1.0,1.0,1.0,1.0,525.96
energy,proposed,5,"In the Chabahar solar still investigation conducted on July 6, how did shifting the surrounding air temperature from 20 degrees Celsius to 40 degrees Celsius influence the overall volume of distilled water collected per unit area?",1.0,1,0.5,1.0,1.0,1.0,1.0,1040.68
energy,proposed,6,Which entity is acknowledged as the central technology institution in the Q2 2021 overview addressing regulatory changes in net metering and distributed solar generation initiatives within The 50 States of Solar analysis?,1.0,1,1.0,1.0,1.0,1.0,1.0,1414.09
energy,proposed,7,"When the methane input is held constant at 9 NL min⁻¹ during the gas-solid equilibrium tests, what impact does varying the ratio of oxidant to reformer stream have on process conditions?",1.0,1,1.0,1.0,1.0,1.0,1.0,480.99
energy,proposed,8,How does the average fluid output per second of the solar-based sprayer compare when run exclusively from solar energy versus when using either the 1SMF or MF9-B backup batteries throughout daylight hours?,1.0,1,0.5,1.0,1.0,1.0,1.0,1232.76
energy,proposed,9,"For applicants seeking funding through the REF Brownfield initiative who are incorporating energy storage, what are the detailed stipulations for the signed agreement covering the storage aspect?",1.0,1,1.0,1.0,1.0,1.0,1.0,474.97
energy,proposed,10,How does the electron transfer count during the oxygen reduction process differ between a graphite electrode modified with anthraquinone and an unmodified graphite rod when examined across 0.4 to 0.8 volts versus the reversible hydrogen electrode?,1.0,1,1.0,1.0,1.0,1.0,1.0,733.22
energy,proposed,11,By how much did the gap between the US and UK natural gas benchmarks increase from one day to the next on 20 and 21 July 2021?,1.0,1,0.25,0.75,0.75,1.0,0.8666666666666667,980.14
energy,proposed,12,"During the interval from 1972 to 2013 in the Raton Basin area, when did the most powerful seismic event with a magnitude of 5.3 occur?",1.0,1,1.0,1.0,1.0,1.0,1.0,1029.36
energy,proposed,13,How thick is the a-MoSx film produced by the cyclic voltammetry-based deposition onto the Ti/p-InP structure according to the reported experimental procedure?,1.0,1,1.0,1.0,1.0,1.0,1.0,490.56
energy,proposed,14,What were the significant shifts and turning points in the monthly average petroleum cost (in USD) between the spring of 2008 and the end of winter 2012 as tracked by the Department of Commerce?,1.0,1,1.0,1.0,1.0,1.0,1.0,992.06
energy,proposed,15,How do the high and statistically notable estimates for specific parameters in the B matrix of the asymmetric BEKK model clarify the ongoing influence of prior fluctuations on subsequent volatility in EUA returns throughout the second stage of the EU Emissions Trading System?,1.0,1,0.5,1.0,1.0,1.0,1.0,2180.42
energy,proposed,16,"Which steps concerning advance planning, authority notifications, environmental assessments, crew briefings, and securing the vessel must be followed before and during mooring according to the listed requirements?",1.0,1,0.5,1.0,1.0,1.0,1.0,1952.1
energy,proposed,17,"For the NEK region, what proportions of passenger vehicles are expected to operate on electric power in 2025, 2035, and 2050 based on anticipated shifts away from internal combustion engines?",1.0,1,1.0,1.0,1.0,1.0,1.0,492.63
energy,proposed,18,"What trend is observed in the percentage of light reflected as a function of light wavelength for indium phosphide nanostructures with different measured depths of 4.3, 9.2, 16.9, and 24.5 micrometers under laboratory testing?",1.0,1,1.0,1.0,1.0,1.0,1.0,982.73
energy,proposed,19,"During the period from 1990 to 2015, what differences are evident in how petroleum use evolved in the Asia Pacific region compared to North America?",2.0,2-5,0.0,1.0,1.0,0.5,0.5,509.86
energy,proposed,20,"How are expenses distributed among key areas such as equipment, chemical usage, labor, and management in algae-based biofuel manufacturing using either alkali or enzyme-driven approaches?",1.0,1,0.5,1.0,1.0,1.0,1.0,720.12
energy,proposed,21,"Within the computational scenarios outlined for various parameter settings, what range was assigned to the vertical placement of the chimney connection?",1.0,1,0.5,1.0,1.0,1.0,1.0,491.41
energy,proposed,22,Which path is anticipated for the specialized transport carrying decommissioned Navy reactor material between the Ballston Spa Rail Spur and the Kesselring facility?,1.0,1,1.0,1.0,1.0,1.0,1.0,488.61
energy,proposed,23,List the principal actions and their associated timestamps during the B5.1 experimental protocol for nuclear system evaluation.,1.0,1,1.0,1.0,1.0,1.0,1.0,1973.73
energy,proposed,24,"During the 2008-2012 period of the EU Emissions Trading System, what does the statistically significant value of the parameter reflecting the transfer of fluctuations from the carbon permits market to Brent crude oil suggest according to the asymmetric BEKK approach?",1.0,1,0.5,1.0,1.0,1.0,1.0,771.33
energy,proposed,25,"How much backing do people give to ending the use of gasoline and diesel vehicles, based on the research by Adrian Rinscheid and colleagues?",1.0,1,1.0,1.0,1.0,1.0,1.0,454.78
energy,proposed,26,"Across the six weeks, how much did stored energy values fluctuate among the twenty participants applying the quartet of control approaches in Australia?",1.0,1,1.0,1.0,1.0,1.0,1.0,496.33
energy,proposed,27,In what way does the depiction of a vivid sunset reflect environmental concerns addressed during the 2020 Australian Bushfire summit?,1.0,1,1.0,1.0,1.0,1.0,1.0,487.72
energy,proposed,28,How do the estimated values of propagation rate and starting load reduction compare across the three examined system loading conditions in the IEEE 300 bus cascading failure simulations?,1.0,1,1.0,1.0,1.0,1.0,1.0,488.18
energy,proposed,29,Which prominent urban centers can be found close to the land-water-land area dividing Sweden and Denmark known for its coastal environment studies?,1.0,1,1.0,1.0,1.0,1.0,1.0,491.69
energy,proposed,30,"Which values were set for agitation speed, electrical current, experiment length, and counter material in the additive evaluation process using a Hull-cell for plating lead?",1.0,1,0.5,1.0,1.0,1.0,1.0,502.59
energy,proposed,31,What were the variations in year-over-year shifts in auction outcomes across each LDA between the 2020/2021 and 2021/2022 delivery periods within the PJM market?,1.0,1,1.0,1.0,1.0,1.0,1.0,488.0
energy,proposed,32,"For the 5500XL, which problems could lead to the unit failing to achieve sufficient heat to engage the circulation fan, as described under trouble code three?",1.0,1,0.25,1.0,1.0,1.0,1.0,486.3
energy,proposed,33,What trends are observed in global primary energy use between 1990 and 2060 when considering major scenario projections developed by various international organizations and companies?,1.0,1,1.0,1.0,1.0,1.0,1.0,500.4
energy,proposed,34,"Within the stage focused on direct field evaluations in the chemical analysis protocol, what are the subsections included?",1.0,1,0.5,1.0,1.0,1.0,1.0,484.27
energy,proposed,35,"What process does the FINIX software use to alternate between temperature-related and structural calculations for fuel rods, including the sequence of steps and criteria for repeating thermal or mechanical evaluations?",1.0,1,1.0,1.0,1.0,1.0,1.0,494.59
energy,proposed,36,"By how much did the UK natural gas benchmark value denominated in US dollars per MMBtu differ from July 20 to July 21, 2021?",1.0,1,0.25,0.75,0.75,1.0,1.0,759.11
energy,proposed,37,What are the differences in calculated life expectancy at 80°C and 100°C for NYCWY 0.6/1 kV 4x10/10 mm2 power cable samples following 11-hour and 15-hour high-temperature treatments at either 125°C or 140°C?,1.0,1,0.5,1.0,1.0,1.0,1.0,479.62
energy,proposed,38,In what way does the light reflection behavior differ between flat indium phosphide and nanostructured indium phosphide films with a range of pore extensions when measured across various wavelengths?,1.0,1,1.0,1.0,1.0,1.0,1.0,482.72
energy,proposed,39,"How do the roles of residents in running and managing solar energy systems vary across the segmented, shared, and both types of direct sale models in apartment complexes?",1.0,1,0.3333333333333333,1.0,1.0,1.0,1.0,499.23
energy,proposed,40,"How did the main US and Asia LNG benchmark contracts for the prompt delivery month shift in value in dollars per MMBtu from July 20 to July 21, 2021?",1.0,1,0.25,0.5,0.5,1.0,1.0,588.07
energy,proposed,41,"In simulations of liberalized power sector markets using autonomous decision-making entities, what icons are used to indicate major world monetary units such as the US, European, and British currencies?",1.0,1,1.0,1.0,1.0,1.0,1.0,390.76
energy,proposed,42,"At the Sapphire Wind Farm Community Consultative Committee gathering, who has ongoing responsibility for communicating updates on talks related to lighting for aircraft?",1.0,1,0.5,1.0,1.0,1.0,1.0,499.58
energy,proposed,43,"In the Nepal-TRNSCGE framework, how are the different segments of household travel demand organized into individually-owned and externally-provided options, and what are the subsequent breakdowns based on mode of vehicle and types of propulsion systems?",1.0,1,1.0,1.0,1.0,1.0,1.0,1312.12
energy,proposed,44,"To what extent do emissions differ from the 1990 benchmark across the four modeled pathways for the electricity, natural gas, and transportation categories?",1.0,1,0.5,1.0,1.0,1.0,1.0,646.85
energy,proposed,45,What variation is observed in the computed flapwise and chordwise cyclic bending moments for wind turbine blades when applying Spera's formulas across different standard deviation indices from zero to three?,1.0,1,0.5,1.0,1.0,1.0,1.0,492.44
energy,proposed,46,"According to Part L of the Building Regulations 2002, how does the permitted thermal transmittance for wall structures compare between newly constructed properties and those undergoing significant changes?",1.0,1,0.5,1.0,1.0,1.0,0.75,490.64
energy,proposed,47,"How does the amount of immediate energy received by a crystalline module, according to the SQ Flex Sizing WinCAPS calculations, vary throughout daylight hours?",1.0,1,1.0,1.0,1.0,1.0,1.0,492.07
energy,proposed,48,"How did the value of Algerian hydrocarbon shipments to Europe evolve from 2017 through 2020 as reported by Eurostat, and what was the scale of the drop following the highest point?",1.0,1,0.5,1.0,1.0,1.0,1.0,506.14
energy,proposed,49,"Between April and June 2021, what differences were observed in the spot market trajectories for 37kt shipments from the UK Continent to the US Atlantic Coast and 30kt movements from Singapore to Australia?",1.0,1,1.0,1.0,1.0,1.0,1.0,479.45
energy,proposed,50,"Can you provide the specific values of overall heat transfer and correction factors applied to the heat exchangers, namely the heater processing flue gas to CO2, the recuperator exchanging CO2 with itself, and the cooler transferring heat from CO2 to water, as determined in the sCO2 cycle cost assessment by Matteo Marchionni and colleagues in 2017?",1.0,1,0.3333333333333333,1.0,1.0,1.0,1.0,510.88
energy,proposed,51,"For a detached residential building featuring a slab-on-grade foundation located in the 6A climate region, how much did building expenses change when moving from the 2012 to the 2015 International Energy Conservation Code?",1.0,1,0.3333333333333333,1.0,1.0,1.0,1.0,534.7
energy,proposed,52,"Identify the entry among the geospatial datasets that offers height measurements in a collection of spatial points, specifying its file format and the organization responsible for supplying it.",1.0,1,0.5,1.0,1.0,1.0,0.75,429.33
energy,proposed,53,"In a floating wind turbine system, which structural section is designed to house more than one type of ballast, and how are these ballast types positioned relative to one another within that section?",1.0,1,1.0,1.0,1.0,1.0,1.0,491.73
energy,proposed,54,"In what manner do meteorological inputs and half-hourly operational checks influence the proposal, validation, and execution of electricity sales and delivery within a virtual power plant arrangement?",1.0,1,1.0,1.0,1.0,1.0,1.0,490.54
energy,proposed,55,"During the 2016 efforts by California's regulatory authorities following the SoCalGas Aliso Canyon incident, which measure accounted for the greatest decrease in the use of natural gas, based on therm equivalents?",1.0,1,0.5,1.0,1.0,1.0,1.0,506.43
energy,proposed,56,"What are the differences in the percentage allocation of operating expenses such as electricity, wages, asset write-off, and miscellaneous costs between the hydroponic cultivation approach using traditional lighting and the intended OZEPf configuration?",1.0,1,1.0,1.0,1.0,1.0,1.0,730.45
energy,proposed,57,"When utilizing pineapple residues for glucose utilization in the SSCF procedure, what numerical value is obtained for the parameter γ in the Logistic-based modified Luedeking-Piret kinetic modeling?",1.0,1,0.3333333333333333,1.0,1.0,1.0,1.0,485.3
energy,proposed,58,"In harmonic phase angle studies, what impact does varying the direction of incoming flow have on the spatial distributions observed for Ur at values of 6 and 8?",2.0,2-5,0.0,1.0,1.0,0.5,0.5,506.34
energy,proposed,59,"What arrangement and modes of engagement were evident among those discussing energy priorities and governmental involvement in the Yukon, particularly in relation to collaborative brainstorming tools?",1.0,1,1.0,1.0,1.0,1.0,1.0,727.66
energy,proposed,60,"What hardware elements and their interconnections, such as those that manage electrical storage, regulation, and monitoring, can be found in the Helios 2 solar setup?",1.0,1,1.0,1.0,1.0,1.0,1.0,485.61
energy,proposed,61,"During the 2009 ZESCO performance review covering January through September, what was the cumulative weighted result attributed to System Losses?",1.0,1,0.3333333333333333,1.0,1.0,1.0,1.0,580.36
energy,proposed,62,What was the impact on cumulative purified water output per unit area when air movement increased from still conditions to 10 meters per second during the July 6 Chabahar solar distillation test?,1.0,1,0.5,1.0,1.0,1.0,1.0,439.37
energy,proposed,63,"For the IEEE 300 bus network, what value does the mean cascading parameter reach when the system operates at 1.1 times its typical demand?",1.0,1,1.0,1.0,1.0,1.0,1.0,510.27
energy,proposed,64,"For the best-performing silicon photovoltaic device featuring nanostructures and an area factor of 2.30, independently evaluated by TÜV Corporation using AM 1.5G light, what are the reported metrics for maximum open-circuit voltage, short-circuit current, fill factor, and conversion efficiency?",1.0,1,1.0,1.0,1.0,1.0,1.0,450.85
energy,proposed,65,"Which labeled repositories within the organization, specifically identified as S1 to S3, contribute information that undergoes preparation before being included in the CRM system?",1.0,1,1.0,1.0,1.0,1.0,1.0,592.55
energy,proposed,66,What was the combined aerodynamic resistance value for all main structural elements of the experimental setup when using the rotor area as the basis for calculation?,1.0,1,0.5,1.0,1.0,1.0,1.0,1237.14
energy,proposed,67,"How is a phasor-based evaluation of harmonics systematically performed in an ISM-based distribution network, beginning with the starting condition and specifying the procedure for deciding when to halt the iterative assessment?",1.0,1,1.0,1.0,1.0,1.0,1.0,1125.63
energy,proposed,68,"How do the values of generated electricity per unit of water for fish farming operations compare among the main Spanish river basins such as Duero, Ebro, Jucar, and Tajo?",1.0,1,1.0,1.0,1.0,1.0,1.0,1284.35
energy,proposed,69,Over what decade following the adoption of robust state measures targeting non-renewable energy usage is the most significant decrease in fossil energy use achieved?,4.0,2-5,0.0,1.0,1.0,0.25,0.25,422.82
energy,proposed,70,Which parts of New York City are powered by electrical energy originating from both fossil-based gaseous and liquid fuels?,1.0,1,1.0,1.0,1.0,1.0,1.0,747.67
energy,proposed,71,"Between 2016 and 2020, what shift occurred in the share of API-based offerings for the electricity market platform operated by Nord Pool?",1.0,1,1.0,1.0,1.0,1.0,1.0,498.46
energy,proposed,72,What trends and major year-to-year variations were observed in the proportion of NEM Forward Market activity relative to physical volume between the financial years 1999/00 and 2018/19?,1.0,1,1.0,1.0,1.0,1.0,1.0,475.93
energy,proposed,73,"How does the use of fuel supplied to local power plants like Astoria, Arthur Kill, and Ravenswood contrast with electricity brought in from outside regions when serving New York City’s energy demands?",1.0,1,1.0,1.0,1.0,1.0,1.0,488.34
energy,proposed,74,"For individuals renting in apartment complexes, which of the four listed solar energy arrangements minimizes paperwork and organizational tasks for residents?",1.0,1,0.3333333333333333,1.0,1.0,1.0,1.0,495.33
energy,proposed,75,"In the scenario of an inter-turn winding issue within a large-capacity oil-immersed distribution transformer, what trend is observed in the phase A leakage inductance as the proportion of damaged winding turns increases?",1.0,1,1.0,1.0,1.0,1.0,1.0,532.07
energy,proposed,76,"Over the years 2006 to 2031, what was the impact of mechanisms aimed at emissions reduction on the balance of power output between advanced and conventional natural gas combined cycle technologies?",1.0,1,1.0,1.0,1.0,1.0,1.0,523.25
energy,proposed,77,Which designated initiative focuses on long-term scenario exploration and challenging assumptions about energy futures in Europe for the year 2050?,2.0,2-5,0.0,1.0,1.0,0.5,0.5,451.97
energy,proposed,78,"How do the upfront investment requirements per kilowatt for wind and solar power installations evolve from the start of the period in 2020 to the end in 2050, based on figures provided in the 2021 Energy Systems Research conference?",1.0,1,0.5,0.5,1.0,1.0,0.6111111111111112,460.79
energy,proposed,79,"Which measures related to aircraft warning lights were listed as follow-up tasks at the April 30, 2019 gathering of the consultative group for the Sapphire Wind Farm in Inverell?",1.0,1,0.5,1.0,1.0,1.0,1.0,497.11
energy,proposed,80,What was the effect on the precision of peripheral assembly power estimates when comparing two different TCP0 scattering treatments during benchmark simulations of a one-dimensional reactor model proposed by a South Korean institution?,1.0,1,0.5,1.0,1.0,1.0,1.0,504.07
energy,proposed,81,"In the context of vessel loading or unloading, what are the specified practices for maintaining crew communications throughout the transfer, such as the use of specific radio equipment and channels?",1.0,1,0.5,1.0,1.0,1.0,1.0,476.6
energy,proposed,82,What secondary heading appears under the main title for the summary report concerning the 8.8-megawatt wind energy development at Parzeczew in Poland?,1.0,1,0.3333333333333333,1.0,1.0,1.0,1.0,489.58
energy,proposed,83,"How did TDO's ownership percentages in the VIC/P57 and VIC/L31 sites within the Gippsland Basin, Victoria alter from the end of June 2014 to the end of December 2014?",1.0,1,0.5,1.0,1.0,1.0,1.0,493.58
energy,proposed,84,"For the Enhanced Affiliate Actual Cost Transparency initiative involving PSEG Long Island and LIPA, which people handled modifications to each project draft, and when and why were these updates carried out?",1.0,1,0.5,1.0,1.0,1.0,1.0,735.8
energy,proposed,85,"Which values correspond to the building heating load factors for each of the eight time intervals described in the 2013 optimization analysis featured in Volume 1, Issue 4 of the Journal of Sustainable Development of Energy, Water and Environment Systems?",1.0,1,0.5,1.0,1.0,1.0,1.0,487.89
energy,proposed,86,What was the difference in the operating activity cash outflows for EQTEC plc comparing the end of 2015 to the same date in 2016?,1.0,1,1.0,1.0,1.0,1.0,1.0,986.71
energy,proposed,87,Which web address corresponds to the organisation providing assistance to at-risk residents in Clackmannanshire through the energy-focused LEAP initiative?,1.0,1,1.0,1.0,1.0,1.0,1.0,740.24
energy,proposed,88,"How did the front-month settlement for Henry Hub, measured in US dollars per MMBtu, change from July 20 to July 21, 2021?",1.0,1,0.25,0.5,0.75,1.0,0.8333333333333334,630.59
energy,proposed,89,"What shifts occurred in atomic power usage patterns among major world areas, particularly growth in Asia Pacific and changes in North America, over the period 1990 to 2015?",1.0,1,1.0,1.0,1.0,1.0,1.0,371.76
energy,proposed,90,Which short-form denotes the method of transforming gaseous substances into liquid products using the X-to-Liquids approach in the energy sector?,1.0,1,1.0,1.0,1.0,1.0,1.0,474.64
energy,proposed,91,"Within the boundaries of Vic/P57, how are the various leads distributed between those associated with the higher and lower stratigraphic sections of the Latrobe Group?",1.0,1,0.5,1.0,1.0,1.0,0.8333333333333333,490.42
energy,proposed,92,"Over the colder months spanning from late autumn to early spring, which device out of the heater, computer, dishwasher, and toaster reaches the most pronounced spikes in power usage, and how does its maximum consumption differ from the others during these months?",1.0,1,0.5,1.0,1.0,1.0,1.0,488.73
energy,proposed,93,"How do the measured quantities of conventional fuel used per kilowatt-hour of electricity differ among the Exergetic, ORGRES, SFU, and Physical calculation approaches when both electric and thermal outputs are generated together?",1.0,1,0.5,1.0,1.0,1.0,1.0,1246.9
energy,proposed,94,"Between the two sodium-based electrolyte formulations, which one demonstrates the highest heat-releasing event upon heating, and near what temperature does this event take place?",1.0,1,1.0,1.0,1.0,1.0,1.0,517.89
energy,proposed,95,"In community-focused initiatives aimed at expanding sustainable power solutions, how is small-batch biofuel fabrication carried out to support local economic activity when implemented by groups skilled in advancing access for underserved populations?",1.0,1,1.0,1.0,1.0,1.0,1.0,455.28
energy,proposed,96,How does the total capacity for onshore wind installations evolve between 2020 and 2050 in the study conducted by Michael Child and colleagues published in Energy Procedia 135 (2017)?,1.0,1,1.0,1.0,1.0,1.0,1.0,502.25
energy,proposed,97,"Which quantitative feed composition values and molar ratios were set for methane, carbon dioxide, water, and O/R during experiments with the fixed-bed system for chemical looping?",1.0,1,1.0,1.0,1.0,1.0,1.0,502.22
energy,proposed,98,"Which high, medium, and lower voltage dataset categories are managed by the intelligent remote control unit within the advanced substation framework?",1.0,1,1.0,1.0,1.0,1.0,1.0,498.21
energy,proposed,99,"Which aspects related to ecological value, such as habitat surroundings, legally designated areas, avian and bat species, and other organisms of concern, are highlighted in the summary of the wind energy development?",2.0,2-5,0.0,1.0,1.0,0.5,0.5,802.48
finance,baseline_clip,0,"In the context of WAM Active's financials, how does the NTA before tax differ between June 2021 and the previous month, May 2021?",1.0,1,0.5,1.0,1.0,1.0,1.0,370.34
finance,baseline_clip,1,"In the World Political Economy blog, which economic concern is tied to the concept of 'Regulatory Expansion' as it pertains to global political and economic discussions?",1.0,1,1.0,1.0,1.0,1.0,1.0,291.38
finance,baseline_clip,2,What impact do alterations in mating patterns and distribution shifts have on the Gini index and Lorenz curves for income disparity in the years 1960 and 2005?,1.0,1,0.3333333333333333,1.0,1.0,1.0,1.0,538.5
finance,baseline_clip,3,What was the variation in the net book value for right-of-use assets reported in property and equipment categories from early April to the end of September 2019 with the application of HKFRS 16?,1.0,1,0.5,1.0,1.0,1.0,1.0,546.2
finance,baseline_clip,4,Was funding allocated for the call center services outsourcing in the 2020 budget plan?,1.0,1,0.5,1.0,1.0,1.0,1.0,887.98
finance,baseline_clip,5,"How has the RIT Capital discount or premium rate changed in the years before May 2021, as noted by BSE Limited?",4.0,2-5,0.0,1.0,1.0,0.25,0.25,439.64
finance,baseline_clip,6,What approaches were emphasized at the APEC 2017 gathering to improve food security and support sustainable farming amidst climate challenges?,1.0,1,1.0,1.0,1.0,1.0,1.0,388.8
finance,baseline_clip,7,What is the relationship between the £3.90 million forecast variance and the allocation of £2 million from the Covid reserve in the 2021/22 budget?,1.0,1,0.3333333333333333,1.0,1.0,1.0,1.0,318.92
finance,baseline_clip,8,"Within the financial groups mentioned, which one is associated with managing European funds and assets?",1.0,1,1.0,1.0,1.0,1.0,1.0,291.22
finance,baseline_clip,9,What were the notable fluctuations and highest points in the quota percentage of fund arrangements from 2000 to 2007 according to the GRA Credit Outstanding data?,1.0,1,1.0,1.0,1.0,1.0,1.0,340.52
finance,baseline_clip,10,What are the variations in GDP impact for the PRC due to Covid-19 under several potential cases as discussed in the 2020 publication of the International Journal of Advanced Science and Technology?,1.0,1,1.0,1.0,1.0,1.0,1.0,328.85
finance,baseline_clip,11,"According to the EXPRESSCREDIT SIA financial statements, how did the value of 1 EUR change between the end of 2017 and the end of 2018?",1.0,1,1.0,1.0,1.0,1.0,1.0,350.72
finance,baseline_clip,12,How are the dependent and independent variables connected within the neural network's experimental framework?,1.0,1,1.0,1.0,1.0,1.0,1.0,269.99
finance,baseline_clip,13,How does the financial data detail the yearly access assumptions for specific arrangements such as SBA/PRGF/SAF and SRF?,1.0,1,0.5,1.0,1.0,1.0,0.8333333333333333,312.22
finance,baseline_clip,14,"Which factors are considered important for investment decisions concerning BA’s role, the quality of the product or service, and market appeal, according to the hierarchical structure?",1.0,1,1.0,1.0,1.0,1.0,1.0,285.66
finance,baseline_clip,15,Which forms and certificates are required for overseas investors to benefit from the treaty-adjusted tax rate?,1.0,1,1.0,1.0,1.0,1.0,1.0,294.27
finance,baseline_clip,16,"What variation occurred in the Bureau de Change (BDC) segment's average exchange rate in Nigeria between the first quarter of 2012 and the last quarter of 2013, as detailed in the FY-2013 Economic Report and 2014 Outlook?",1.0,1,1.0,1.0,1.0,1.0,1.0,317.23
finance,baseline_clip,17,"How much funding has been designated for the utility expenditures and bulk buying in the town's financial ledger, specifically under the code 1089200?",1.0,1,0.5,1.0,1.0,1.0,1.0,296.3
finance,baseline_clip,18,"Which investment considerations, such as involvement from business angels and the appeal of products and markets, are emphasized for making decisions?",1.0,1,1.0,1.0,1.0,1.0,1.0,277.02
finance,baseline_clip,19,How has the insider trading ratio of sales to purchases changed in the latest data provided by Washington Service and Bloomberg?,1.0,1,1.0,1.0,1.0,1.0,1.0,293.25
finance,baseline_clip,20,What is the relationship between NLP-based policy indicators and the actual policy balance throughout the years in the context of Federal Reserve reviews?,1.0,1,1.0,1.0,1.0,1.0,1.0,335.62
finance,baseline_clip,21,"By the end of April 2021, how did the components of the BDC loan under the Highly Affected Sectors Credit Availability Program adjust?",1.0,1,0.5,1.0,1.0,1.0,1.0,301.89
finance,baseline_clip,22,"How many contracts must be controlled in Corporate Tax Futures to meet the accountability level of more than 50,000 contracts?",1.0,1,0.5,1.0,1.0,1.0,1.0,306.93
finance,baseline_clip,23,How has the South African Rand's value changed relative to the US Dollar over the last five decades in terms of its purchasing power alignment?,1.0,1,0.5,1.0,1.0,1.0,1.0,293.44
finance,baseline_clip,24,How does VOL_DER relate to SP500 based on the quantitative findings for the US financial market?,1.0,1,1.0,1.0,1.0,1.0,1.0,275.67
finance,baseline_clip,25,"According to the 2003 Executive Opinion Survey, how were countries ranked by the quality of their education systems?",1.0,1,1.0,1.0,1.0,1.0,1.0,303.34
finance,baseline_clip,26,What is the comparison between the current trade receivables and those overdue by more than a year as of mid-2010 for Filinvest Development Corporation?,1.0,1,0.5,1.0,1.0,1.0,1.0,312.83
finance,baseline_clip,27,How did currency fluctuations affect the valuation of mine plant and equipment in ZCI Limited's financials for the fiscal year ending 2014?,1.0,1,1.0,1.0,1.0,1.0,1.0,281.18
finance,baseline_clip,28,"Can you detail the breakdown of the company's 2016 income tax, covering Hong Kong and international taxes as well as deferred tax?",1.0,1,0.5,1.0,1.0,1.0,1.0,445.24
finance,baseline_clip,29,What is the difference between the MSCI World Index's cumulative price and total returns over the period from 1988 to mid-2021?,1.0,1,1.0,1.0,1.0,1.0,1.0,611.47
finance,baseline_clip,30,"According to the Nahmani Grunder forecast as of April 2021, what were the anticipated percentage shifts for the S&P 500, Europe Stoxx 600, and MSCI EM indices in the year 2020?",1.0,1,1.0,1.0,1.0,1.0,1.0,460.51
finance,baseline_clip,31,"What explains the connection between owning a tax haven subsidiary and reduced effective tax rates, according to the statistical analyses involving GETR and Naively-Averaged ExTR?",1.0,1,0.25,1.0,1.0,1.0,1.0,458.94
finance,baseline_clip,32,What was the comparison between the COVID-19 basket inflation's annual rate change and the official inflation rate from early 2020 to March 2021?,,>10,0.0,0.0,0.0,0.0,0.0,509.51
finance,baseline_clip,33,"In comparing the various parameters like ω2 and β2, what are their respective η2 measurements?",1.0,1,1.0,1.0,1.0,1.0,1.0,532.95
finance,baseline_clip,34,"Based on Lea's 2010 analysis, which nations prioritize variable rate mortgages over other mortgage types?",1.0,1,1.0,1.0,1.0,1.0,1.0,387.69
finance,baseline_clip,35,"Based on the statistics from 1994 to 2011, how many children do women in Denmark and Sweden have on average a decade after their first childbirth?",1.0,1,0.5,1.0,1.0,1.0,0.75,1596.45
finance,baseline_clip,36,"For the fiscal year 2018, what was the quantity of entitlements given to Mr. Brayan within the framework of the Special plan?",1.0,1,1.0,1.0,1.0,1.0,1.0,454.3
finance,baseline_clip,37,How did output per worker change between 2010 and 2018 in certain emerging markets like Indonesia and Mexico?,1.0,1,1.0,1.0,1.0,1.0,1.0,374.98
finance,baseline_clip,38,"At South University, how do the financial reduction goals of the Provost and the President contrast?",1.0,1,1.0,1.0,1.0,1.0,1.0,576.8
finance,baseline_clip,39,"In the timeframe from April 2016 to March 2019, what is the difference in volatility of ETH's CG – CC spreads when comparing Q3-18 to Q1-19?",1.0,1,1.0,1.0,1.0,1.0,1.0,431.08
finance,baseline_clip,40,"How are the allowances for outdated and sluggish items allocated for raw materials and trading inventories as of mid-2018, covering both the start and during the period?",1.0,1,0.5,1.0,1.0,1.0,1.0,392.93
finance,baseline_clip,41,How can premature redemption of a financial instrument lead to losses for a client?,1.0,1,0.5,1.0,1.0,1.0,1.0,348.32
finance,baseline_clip,42,What were the differences between temporary-layoff and jobless unemployment rates regarding their trend from early 2020 to mid-2021?,1.0,1,1.0,1.0,1.0,1.0,1.0,280.03
finance,baseline_clip,43,How much equity is allocated to the Company's shareholders in 2012 under HKFRS?,3.0,2-5,0.0,1.0,1.0,0.3333333333333333,0.3666666666666667,281.2
finance,baseline_clip,44,"Within the Webcon BPS workflow for registering sales opportunities, what happens if the negotiation phase ends without a positive outcome?",1.0,1,1.0,1.0,1.0,1.0,1.0,285.86
finance,baseline_clip,45,Can you identify the GWAC percentages for home loans from the years 2009 and 2010 based on the given information?,1.0,1,1.0,1.0,1.0,1.0,1.0,289.94
finance,baseline_clip,46,"Identify the unique statistical measures ω2, γ2, θ2, β2, η2, ξ2, p22, and UV2 along with their intervals used in the evaluation of complex models.",1.0,1,1.0,1.0,1.0,1.0,1.0,279.23
finance,baseline_clip,47,What changes occurred in the 30-Year Fixed Mortgage rate between the second quarter of 2015 and the third quarter of 2018 in the scenario outlined by PNC during their 2016 Mid-Cycle Stress Test?,1.0,1,1.0,1.0,1.0,1.0,1.0,279.7
finance,baseline_clip,48,In which time frame were initial child births recorded in Austria based on the labor statistics?,1.0,1,0.5,1.0,1.0,1.0,1.0,319.63
finance,baseline_clip,49,"In the potential new EMU group, which nations exhibit the highest average disparity in interest rates?",1.0,1,1.0,1.0,1.0,1.0,1.0,322.12
finance,baseline_clip,50,"How did the number of COVID-19 cases progress in France during the first half of 2021, culminating in a total exceeding 6 million?",1.0,1,1.0,1.0,1.0,1.0,1.0,343.44
finance,baseline_clip,51,"In what way do the 1997-2019 trends in policy signals and balance, based on NLP methods, exhibit changes as per the AXA IM Research findings?",1.0,1,1.0,1.0,1.0,1.0,1.0,320.31
finance,baseline_clip,52,What was the shift in the CG – CC price difference for Bitcoin from Q3 2017 to Q1 2018?,1.0,1,1.0,1.0,1.0,1.0,1.0,281.37
finance,baseline_clip,53,How did the financial results of Filinvest Development Corporation's aggregated activities in 2010 differ from those in 2009?,1.0,1,0.5,1.0,1.0,1.0,1.0,321.43
finance,baseline_clip,54,"In the May 2021 financial model by the KIUC Board, what are the proportions of equity and liabilities?",1.0,1,1.0,1.0,1.0,1.0,1.0,285.21
finance,baseline_clip,55,"By the conclusion of June 2021, which portfolio showed the greatest unfavorable deviation in the 2021/22 fiscal year?",1.0,1,0.3333333333333333,0.3333333333333333,1.0,1.0,0.5535714285714285,263.98
finance,baseline_clip,56,How did U.S. energy-related petroleum import values change from the start of 2012 to early 2015 based on Commerce Department data?,1.0,1,1.0,1.0,1.0,1.0,1.0,301.95
finance,baseline_clip,57,How did the Real GDP index of Peru evolve between 1970 and 2010 based on data from the Banco Central de Reserva del Perú?,1.0,1,1.0,1.0,1.0,1.0,1.0,320.39
finance,baseline_clip,58,How much is allocated under miscellaneous costs for the police department in the town's fiscal records?,1.0,1,0.5,1.0,1.0,1.0,1.0,264.99
finance,baseline_clip,59,How long was the average duration of commercial paper held by TexPool Prime during the year 2020?,1.0,1,1.0,1.0,1.0,1.0,1.0,277.36
finance,baseline_clip,60,"Which economic topics are emphasized in the 'World Political Economy' blog concerning global politics, with an emphasis on increasing regulations?",1.0,1,1.0,1.0,1.0,1.0,1.0,253.99
finance,baseline_clip,61,"What were the variations in adjusted net savings as a percentage of GNI across different 2005 regions, focusing on low versus middle income groups?",1.0,1,0.5,1.0,1.0,1.0,1.0,351.97
finance,baseline_clip,62,"How much was credited for the 2020 ordinance concerning CR 519 Sidewalks in the fiscal overview from July 27, 2020?",1.0,1,0.5,1.0,1.0,1.0,1.0,291.34
finance,baseline_clip,63,"From 2000 to 2014, which nation within the ASEAN bloc saw the greatest increase in foreign direct investment, based on the ASEAN Economic Community analysis?",1.0,1,1.0,1.0,1.0,1.0,1.0,282.24
finance,baseline_clip,64,Where are the new crossing points located in the Falcon Zone that trends northwest-southeast at Hemi?,1.0,1,1.0,1.0,1.0,1.0,1.0,369.69
finance,baseline_clip,65,"What was the pattern in the Non-Profitable Tech Stock Index over the years 2014 to 2020, with emphasis on the change from 2019 to 2020?",1.0,1,1.0,1.0,1.0,1.0,1.0,409.2
finance,baseline_clip,66,"During the fiscal year 2021-22, which act saw the least number of audits of financial statements performed?",1.0,1,0.25,0.75,1.0,1.0,0.9166666666666666,280.55
finance,baseline_clip,67,What is the method for determining the ending settlement value of Corporate Tax Futures using the top marginal US Corporate Tax Rate at settlement time?,1.0,1,0.5,1.0,1.0,1.0,1.0,260.45
finance,baseline_clip,68,What were the economic impacts of minimizing physical contact on worldwide industries such as aviation and travel amid COVID-19?,1.0,1,0.3333333333333333,1.0,1.0,1.0,1.0,407.89
finance,baseline_clip,69,"According to the analysis by Research Affiliates, which asset class shows the highest percentage variance in exposure levels?",1.0,1,1.0,1.0,1.0,1.0,1.0,282.44
finance,baseline_clip,70,What were the trends in the shares of API versus Non-API services in Nord Pool from 2016 to 2020 based on the 2020 Annual Review?,1.0,1,1.0,1.0,1.0,1.0,1.0,278.93
finance,baseline_clip,71,"As of June 30, 2018, what amounts are recorded for trade deposits and for prepayments linked to customs and letters of credit?",1.0,1,1.0,1.0,1.0,1.0,1.0,320.03
finance,baseline_clip,72,"How does the duration of approved arrangements fluctuate from 2000 to 2007, highlighting changes in both precautionary and non-precautionary categories?",1.0,1,1.0,1.0,1.0,1.0,1.0,296.31
finance,baseline_clip,73,"In PNC's adverse scenario covering Q3 2017 through Q3 2019, what is the estimated loss percentage for Commercial Real Estate?",1.0,1,1.0,1.0,1.0,1.0,1.0,285.59
finance,baseline_clip,74,What are the relative performance percentages of various investment categories as analyzed by Research Affiliates?,1.0,1,1.0,1.0,1.0,1.0,1.0,292.7
finance,baseline_clip,75,What are the variations between the median and mean outcomes following a technological disturbance as depicted in the fifth figure?,1.0,1,0.3333333333333333,0.3333333333333333,0.3333333333333333,1.0,1.0,309.19
finance,baseline_clip,76,"During the years 2000 to 2007, how did the typical duration of fund arrangements change, and in which year was this duration the greatest?",1.0,1,1.0,1.0,1.0,1.0,1.0,294.33
finance,baseline_clip,77,"What phrase is associated with the auditing company Keefe McCullough for HANDY, Inc.?",1.0,1,0.5,1.0,1.0,1.0,1.0,301.7
finance,baseline_clip,78,What is the difference in non-current asset values between 2013 and 2012 in the provided financial figures in HKD?,1.0,1,0.5,1.0,1.0,1.0,0.75,346.96
finance,baseline_clip,79,"In the analysis of the US market, what is the calculated covariance for VOL_DER and CPI_US?",1.0,1,1.0,1.0,1.0,1.0,1.0,269.74
finance,baseline_clip,80,How do different trade scenario models affect the economic output of Northern Asia?,1.0,1,1.0,1.0,1.0,1.0,1.0,349.21
finance,baseline_clip,81,"What were the significant patterns in the fluctuations of oil prices from 2008 to 2012, based on the Department of Commerce figures?",1.0,1,1.0,1.0,1.0,1.0,1.0,400.05
finance,baseline_clip,82,What was the variation in the after-tax NTA from May to June 2021 based on the available data?,1.0,1,0.5,1.0,1.0,1.0,1.0,344.9
finance,baseline_clip,83,"For the year 2016, what are the reported amounts for taxes related to Hong Kong Profits and those outside Hong Kong, including deferred taxes?",1.0,1,0.5,1.0,1.0,1.0,1.0,307.85
finance,baseline_clip,84,What are the reasons that employing credit leverage can elevate a client's financial commitments?,1.0,1,0.5,1.0,1.0,1.0,0.8333333333333333,332.78
finance,baseline_clip,85,What were the reasons that led economic analysts to expect different global GDP reductions between -0.089% and -0.404% during the Covid-19 outbreak?,1.0,1,1.0,1.0,1.0,1.0,1.0,280.81
finance,baseline_clip,86,"In the January 2020 assembly at South University, what were the main conclusions regarding the strategy to lower costs and the $2.4M objective?",1.0,1,0.2,0.8,1.0,1.0,0.9428571428571428,307.06
finance,baseline_clip,87,How much are Finders Resources Limited's current liabilities listed for mid-2012?,1.0,1,0.5,1.0,1.0,1.0,1.0,292.86
finance,baseline_clip,88,What are the main financial insights from inventory and bank balances for the six months ending June 2018?,1.0,1,0.5,1.0,1.0,1.0,1.0,319.58
finance,baseline_clip,89,What is the GDP effect on various regions when considering the Asia-wide Free Trade Area according to the 2004 APEC Economic Outlook?,1.0,1,1.0,1.0,1.0,1.0,1.0,320.33
finance,baseline_clip,90,Can you provide the main points of the changes to the BPO call center service contracts that were covered during the June 2020 committee and board meetings?,1.0,1,0.5,1.0,1.0,1.0,1.0,268.03
finance,baseline_clip,91,"How much was earned from external customer sales in Hong Kong, SAR, during the years 2001 and 2002 according to the segment revenue?",1.0,1,1.0,1.0,1.0,1.0,1.0,388.66
finance,baseline_clip,92,"How did the U.S. Home Price Index, tracked by S&P/Case-Shiller, change from mid-2015 to late 2018 under the PNC stress test conditions?",1.0,1,0.5,1.0,1.0,1.0,1.0,297.03
finance,baseline_clip,93,"How do active management strategies, including asset allocation and security selection, affect the performance and risk of pension plans relative to their policy benchmarks?",1.0,1,0.3333333333333333,1.0,1.0,1.0,1.0,317.49
finance,baseline_clip,94,How do the estimates for Pareto's Alpha change from 95 to 70 across various implicate scenarios?,1.0,1,1.0,1.0,1.0,1.0,1.0,301.73
finance,baseline_clip,95,In what way do the impacts of having a tax haven subsidiary on effective tax rates vary when comparing naively-averaged and revenue-weighted ExTR measures?,1.0,1,0.25,1.0,1.0,1.0,1.0,271.75
finance,baseline_clip,96,"In the primary scenario of the HFCS research, what is the threshold set for the original dataset regarding household net wealth?",1.0,1,1.0,1.0,1.0,1.0,1.0,337.63
finance,baseline_clip,97,"According to the 2003 Executive Opinion Survey, how did different nations rank in terms of limiting foreign ownership?",1.0,1,1.0,1.0,1.0,1.0,1.0,278.16
finance,baseline_clip,98,"In 2005, how did the adjusted net saving percentages of GNI compare among the low, middle, and high-income classifications?",1.0,1,0.5,1.0,1.0,1.0,1.0,303.57
finance,baseline_clip,99,What trend is observed in unemployment rates over the years from 1995 to 2020 based on Figure 12?,2.0,2-5,0.0,1.0,1.0,0.5,0.5,381.64
finance,baseline_ocr,0,"In the context of WAM Active's financials, how does the NTA before tax differ between June 2021 and the previous month, May 2021?",,>10,0.0,0.0,0.0,0.0,0.0,546.83
finance,baseline_ocr,1,"In the World Political Economy blog, which economic concern is tied to the concept of 'Regulatory Expansion' as it pertains to global political and economic discussions?",,>10,0.0,0.0,0.0,0.0,0.0,878.49
finance,baseline_ocr,2,What impact do alterations in mating patterns and distribution shifts have on the Gini index and Lorenz curves for income disparity in the years 1960 and 2005?,,>10,0.0,0.0,0.0,0.0,0.0,326.53
finance,baseline_ocr,3,What was the variation in the net book value for right-of-use assets reported in property and equipment categories from early April to the end of September 2019 with the application of HKFRS 16?,,>10,0.0,0.0,0.0,0.0,0.0,299.32
finance,baseline_ocr,4,Was funding allocated for the call center services outsourcing in the 2020 budget plan?,7.0,6-10,0.0,0.0,0.5,0.14285714285714285,0.14285714285714285,329.93
finance,baseline_ocr,5,"How has the RIT Capital discount or premium rate changed in the years before May 2021, as noted by BSE Limited?",,>10,0.0,0.0,0.0,0.0,0.0,309.1
finance,baseline_ocr,6,What approaches were emphasized at the APEC 2017 gathering to improve food security and support sustainable farming amidst climate challenges?,,>10,0.0,0.0,0.0,0.0,0.0,292.82
finance,baseline_ocr,7,What is the relationship between the £3.90 million forecast variance and the allocation of £2 million from the Covid reserve in the 2021/22 budget?,2.0,2-5,0.0,0.3333333333333333,0.3333333333333333,0.5,0.5,752.8
finance,baseline_ocr,8,"Within the financial groups mentioned, which one is associated with managing European funds and assets?",,>10,0.0,0.0,0.0,0.0,0.0,305.08
finance,baseline_ocr,9,What were the notable fluctuations and highest points in the quota percentage of fund arrangements from 2000 to 2007 according to the GRA Credit Outstanding data?,,>10,0.0,0.0,0.0,0.0,0.0,562.0
finance,baseline_ocr,10,What are the variations in GDP impact for the PRC due to Covid-19 under several potential cases as discussed in the 2020 publication of the International Journal of Advanced Science and Technology?,,>10,0.0,0.0,0.0,0.0,0.0,382.43
finance,baseline_ocr,11,"According to the EXPRESSCREDIT SIA financial statements, how did the value of 1 EUR change between the end of 2017 and the end of 2018?",,>10,0.0,0.0,0.0,0.0,0.0,376.38
finance,baseline_ocr,12,How are the dependent and independent variables connected within the neural network's experimental framework?,,>10,0.0,0.0,0.0,0.0,0.0,455.25
finance,baseline_ocr,13,How does the financial data detail the yearly access assumptions for specific arrangements such as SBA/PRGF/SAF and SRF?,,>10,0.0,0.0,0.0,0.0,0.0,372.77
finance,baseline_ocr,14,"Which factors are considered important for investment decisions concerning BA’s role, the quality of the product or service, and market appeal, according to the hierarchical structure?",,>10,0.0,0.0,0.0,0.0,0.0,350.44
finance,baseline_ocr,15,Which forms and certificates are required for overseas investors to benefit from the treaty-adjusted tax rate?,,>10,0.0,0.0,0.0,0.0,0.0,314.42
finance,baseline_ocr,16,"What variation occurred in the Bureau de Change (BDC) segment's average exchange rate in Nigeria between the first quarter of 2012 and the last quarter of 2013, as detailed in the FY-2013 Economic Report and 2014 Outlook?",,>10,0.0,0.0,0.0,0.0,0.0,283.22
finance,baseline_ocr,17,"How much funding has been designated for the utility expenditures and bulk buying in the town's financial ledger, specifically under the code 1089200?",,>10,0.0,0.0,0.0,0.0,0.0,307.46
finance,baseline_ocr,18,"Which investment considerations, such as involvement from business angels and the appeal of products and markets, are emphasized for making decisions?",,>10,0.0,0.0,0.0,0.0,0.0,313.94
finance,baseline_ocr,19,How has the insider trading ratio of sales to purchases changed in the latest data provided by Washington Service and Bloomberg?,,>10,0.0,0.0,0.0,0.0,0.0,318.62
finance,baseline_ocr,20,What is the relationship between NLP-based policy indicators and the actual policy balance throughout the years in the context of Federal Reserve reviews?,,>10,0.0,0.0,0.0,0.0,0.0,335.13
finance,baseline_ocr,21,"By the end of April 2021, how did the components of the BDC loan under the Highly Affected Sectors Credit Availability Program adjust?",,>10,0.0,0.0,0.0,0.0,0.0,335.67
finance,baseline_ocr,22,"How many contracts must be controlled in Corporate Tax Futures to meet the accountability level of more than 50,000 contracts?",,>10,0.0,0.0,0.0,0.0,0.0,343.85
finance,baseline_ocr,23,How has the South African Rand's value changed relative to the US Dollar over the last five decades in terms of its purchasing power alignment?,,>10,0.0,0.0,0.0,0.0,0.0,294.58
finance,baseline_ocr,24,How does VOL_DER relate to SP500 based on the quantitative findings for the US financial market?,,>10,0.0,0.0,0.0,0.0,0.0,822.86
finance,baseline_ocr,25,"According to the 2003 Executive Opinion Survey, how were countries ranked by the quality of their education systems?",,>10,0.0,0.0,0.0,0.0,0.0,305.09
finance,baseline_ocr,26,What is the comparison between the current trade receivables and those overdue by more than a year as of mid-2010 for Filinvest Development Corporation?,,>10,0.0,0.0,0.0,0.0,0.0,323.93
finance,baseline_ocr,27,How did currency fluctuations affect the valuation of mine plant and equipment in ZCI Limited's financials for the fiscal year ending 2014?,,>10,0.0,0.0,0.0,0.0,0.0,308.49
finance,baseline_ocr,28,"Can you detail the breakdown of the company's 2016 income tax, covering Hong Kong and international taxes as well as deferred tax?",,>10,0.0,0.0,0.0,0.0,0.0,295.69
finance,baseline_ocr,29,What is the difference between the MSCI World Index's cumulative price and total returns over the period from 1988 to mid-2021?,,>10,0.0,0.0,0.0,0.0,0.0,312.15
finance,baseline_ocr,30,"According to the Nahmani Grunder forecast as of April 2021, what were the anticipated percentage shifts for the S&P 500, Europe Stoxx 600, and MSCI EM indices in the year 2020?",,>10,0.0,0.0,0.0,0.0,0.0,309.15
finance,baseline_ocr,31,"What explains the connection between owning a tax haven subsidiary and reduced effective tax rates, according to the statistical analyses involving GETR and Naively-Averaged ExTR?",3.0,2-5,0.0,0.25,0.25,0.3333333333333333,0.3333333333333333,303.2
finance,baseline_ocr,32,What was the comparison between the COVID-19 basket inflation's annual rate change and the official inflation rate from early 2020 to March 2021?,,>10,0.0,0.0,0.0,0.0,0.0,279.72
finance,baseline_ocr,33,"In comparing the various parameters like ω2 and β2, what are their respective η2 measurements?",,>10,0.0,0.0,0.0,0.0,0.0,308.44
finance,baseline_ocr,34,"Based on Lea's 2010 analysis, which nations prioritize variable rate mortgages over other mortgage types?",,>10,0.0,0.0,0.0,0.0,0.0,318.06
finance,baseline_ocr,35,"Based on the statistics from 1994 to 2011, how many children do women in Denmark and Sweden have on average a decade after their first childbirth?",,>10,0.0,0.0,0.0,0.0,0.0,304.59
finance,baseline_ocr,36,"For the fiscal year 2018, what was the quantity of entitlements given to Mr. Brayan within the framework of the Special plan?",,>10,0.0,0.0,0.0,0.0,0.0,361.59
finance,baseline_ocr,37,How did output per worker change between 2010 and 2018 in certain emerging markets like Indonesia and Mexico?,,>10,0.0,0.0,0.0,0.0,0.0,338.58
finance,baseline_ocr,38,"At South University, how do the financial reduction goals of the Provost and the President contrast?",8.0,6-10,0.0,0.0,1.0,0.125,0.125,311.19
finance,baseline_ocr,39,"In the timeframe from April 2016 to March 2019, what is the difference in volatility of ETH's CG – CC spreads when comparing Q3-18 to Q1-19?",,>10,0.0,0.0,0.0,0.0,0.0,313.25
finance,baseline_ocr,40,"How are the allowances for outdated and sluggish items allocated for raw materials and trading inventories as of mid-2018, covering both the start and during the period?",,>10,0.0,0.0,0.0,0.0,0.0,300.79
finance,baseline_ocr,41,How can premature redemption of a financial instrument lead to losses for a client?,,>10,0.0,0.0,0.0,0.0,0.0,316.74
finance,baseline_ocr,42,What were the differences between temporary-layoff and jobless unemployment rates regarding their trend from early 2020 to mid-2021?,,>10,0.0,0.0,0.0,0.0,0.0,304.32
finance,baseline_ocr,43,How much equity is allocated to the Company's shareholders in 2012 under HKFRS?,10.0,6-10,0.0,0.0,0.5,0.1,0.1,322.33
finance,baseline_ocr,44,"Within the Webcon BPS workflow for registering sales opportunities, what happens if the negotiation phase ends without a positive outcome?",,>10,0.0,0.0,0.0,0.0,0.0,336.82
finance,baseline_ocr,45,Can you identify the GWAC percentages for home loans from the years 2009 and 2010 based on the given information?,,>10,0.0,0.0,0.0,0.0,0.0,291.88
finance,baseline_ocr,46,"Identify the unique statistical measures ω2, γ2, θ2, β2, η2, ξ2, p22, and UV2 along with their intervals used in the evaluation of complex models.",,>10,0.0,0.0,0.0,0.0,0.0,301.7
finance,baseline_ocr,47,What changes occurred in the 30-Year Fixed Mortgage rate between the second quarter of 2015 and the third quarter of 2018 in the scenario outlined by PNC during their 2016 Mid-Cycle Stress Test?,,>10,0.0,0.0,0.0,0.0,0.0,282.29
finance,baseline_ocr,48,In which time frame were initial child births recorded in Austria based on the labor statistics?,,>10,0.0,0.0,0.0,0.0,0.0,698.52
finance,baseline_ocr,49,"In the potential new EMU group, which nations exhibit the highest average disparity in interest rates?",,>10,0.0,0.0,0.0,0.0,0.0,1374.41
finance,baseline_ocr,50,"How did the number of COVID-19 cases progress in France during the first half of 2021, culminating in a total exceeding 6 million?",,>10,0.0,0.0,0.0,0.0,0.0,358.81
finance,baseline_ocr,51,"In what way do the 1997-2019 trends in policy signals and balance, based on NLP methods, exhibit changes as per the AXA IM Research findings?",,>10,0.0,0.0,0.0,0.0,0.0,301.55
finance,baseline_ocr,52,What was the shift in the CG – CC price difference for Bitcoin from Q3 2017 to Q1 2018?,,>10,0.0,0.0,0.0,0.0,0.0,316.32
finance,baseline_ocr,53,How did the financial results of Filinvest Development Corporation's aggregated activities in 2010 differ from those in 2009?,,>10,0.0,0.0,0.0,0.0,0.0,345.68
finance,baseline_ocr,54,"In the May 2021 financial model by the KIUC Board, what are the proportions of equity and liabilities?",,>10,0.0,0.0,0.0,0.0,0.0,314.65
finance,baseline_ocr,55,"By the conclusion of June 2021, which portfolio showed the greatest unfavorable deviation in the 2021/22 fiscal year?",2.0,2-5,0.0,0.3333333333333333,0.3333333333333333,0.5,0.5,352.13
finance,baseline_ocr,56,How did U.S. energy-related petroleum import values change from the start of 2012 to early 2015 based on Commerce Department data?,,>10,0.0,0.0,0.0,0.0,0.0,284.17
finance,baseline_ocr,57,How did the Real GDP index of Peru evolve between 1970 and 2010 based on data from the Banco Central de Reserva del Perú?,,>10,0.0,0.0,0.0,0.0,0.0,302.93
finance,baseline_ocr,58,How much is allocated under miscellaneous costs for the police department in the town's fiscal records?,,>10,0.0,0.0,0.0,0.0,0.0,381.81
finance,baseline_ocr,59,How long was the average duration of commercial paper held by TexPool Prime during the year 2020?,,>10,0.0,0.0,0.0,0.0,0.0,296.21
finance,baseline_ocr,60,"Which economic topics are emphasized in the 'World Political Economy' blog concerning global politics, with an emphasis on increasing regulations?",,>10,0.0,0.0,0.0,0.0,0.0,322.04
finance,baseline_ocr,61,"What were the variations in adjusted net savings as a percentage of GNI across different 2005 regions, focusing on low versus middle income groups?",6.0,6-10,0.0,0.0,0.5,0.16666666666666666,0.16666666666666666,1445.99
finance,baseline_ocr,62,"How much was credited for the 2020 ordinance concerning CR 519 Sidewalks in the fiscal overview from July 27, 2020?",,>10,0.0,0.0,0.0,0.0,0.0,375.37
finance,baseline_ocr,63,"From 2000 to 2014, which nation within the ASEAN bloc saw the greatest increase in foreign direct investment, based on the ASEAN Economic Community analysis?",,>10,0.0,0.0,0.0,0.0,0.0,306.65
finance,baseline_ocr,64,Where are the new crossing points located in the Falcon Zone that trends northwest-southeast at Hemi?,,>10,0.0,0.0,0.0,0.0,0.0,508.38
finance,baseline_ocr,65,"What was the pattern in the Non-Profitable Tech Stock Index over the years 2014 to 2020, with emphasis on the change from 2019 to 2020?",,>10,0.0,0.0,0.0,0.0,0.0,379.54
finance,baseline_ocr,66,"During the fiscal year 2021-22, which act saw the least number of audits of financial statements performed?",,>10,0.0,0.0,0.0,0.0,0.0,292.26
finance,baseline_ocr,67,What is the method for determining the ending settlement value of Corporate Tax Futures using the top marginal US Corporate Tax Rate at settlement time?,,>10,0.0,0.0,0.0,0.0,0.0,306.49
finance,baseline_ocr,68,What were the economic impacts of minimizing physical contact on worldwide industries such as aviation and travel amid COVID-19?,,>10,0.0,0.0,0.0,0.0,0.0,444.9
finance,baseline_ocr,69,"According to the analysis by Research Affiliates, which asset class shows the highest percentage variance in exposure levels?",,>10,0.0,0.0,0.0,0.0,0.0,414.03
finance,baseline_ocr,70,What were the trends in the shares of API versus Non-API services in Nord Pool from 2016 to 2020 based on the 2020 Annual Review?,,>10,0.0,0.0,0.0,0.0,0.0,298.32
finance,baseline_ocr,71,"As of June 30, 2018, what amounts are recorded for trade deposits and for prepayments linked to customs and letters of credit?",,>10,0.0,0.0,0.0,0.0,0.0,301.31
finance,baseline_ocr,72,"How does the duration of approved arrangements fluctuate from 2000 to 2007, highlighting changes in both precautionary and non-precautionary categories?",,>10,0.0,0.0,0.0,0.0,0.0,428.13
finance,baseline_ocr,73,"In PNC's adverse scenario covering Q3 2017 through Q3 2019, what is the estimated loss percentage for Commercial Real Estate?",,>10,0.0,0.0,0.0,0.0,0.0,282.92
finance,baseline_ocr,74,What are the relative performance percentages of various investment categories as analyzed by Research Affiliates?,,>10,0.0,0.0,0.0,0.0,0.0,256.52
finance,baseline_ocr,75,What are the variations between the median and mean outcomes following a technological disturbance as depicted in the fifth figure?,,>10,0.0,0.0,0.0,0.0,0.0,263.62
finance,baseline_ocr,76,"During the years 2000 to 2007, how did the typical duration of fund arrangements change, and in which year was this duration the greatest?",,>10,0.0,0.0,0.0,0.0,0.0,296.27
finance,baseline_ocr,77,"What phrase is associated with the auditing company Keefe McCullough for HANDY, Inc.?",,>10,0.0,0.0,0.0,0.0,0.0,287.22
finance,baseline_ocr,78,What is the difference in non-current asset values between 2013 and 2012 in the provided financial figures in HKD?,10.0,6-10,0.0,0.0,0.5,0.1,0.1,286.22
finance,baseline_ocr,79,"In the analysis of the US market, what is the calculated covariance for VOL_DER and CPI_US?",,>10,0.0,0.0,0.0,0.0,0.0,717.32
finance,baseline_ocr,80,How do different trade scenario models affect the economic output of Northern Asia?,1.0,1,1.0,1.0,1.0,1.0,1.0,865.75
finance,baseline_ocr,81,"What were the significant patterns in the fluctuations of oil prices from 2008 to 2012, based on the Department of Commerce figures?",,>10,0.0,0.0,0.0,0.0,0.0,347.29
finance,baseline_ocr,82,What was the variation in the after-tax NTA from May to June 2021 based on the available data?,,>10,0.0,0.0,0.0,0.0,0.0,906.44
finance,baseline_ocr,83,"For the year 2016, what are the reported amounts for taxes related to Hong Kong Profits and those outside Hong Kong, including deferred taxes?",,>10,0.0,0.0,0.0,0.0,0.0,423.6
finance,baseline_ocr,84,What are the reasons that employing credit leverage can elevate a client's financial commitments?,,>10,0.0,0.0,0.0,0.0,0.0,276.18
finance,baseline_ocr,85,What were the reasons that led economic analysts to expect different global GDP reductions between -0.089% and -0.404% during the Covid-19 outbreak?,,>10,0.0,0.0,0.0,0.0,0.0,526.42
finance,baseline_ocr,86,"In the January 2020 assembly at South University, what were the main conclusions regarding the strategy to lower costs and the $2.4M objective?",8.0,6-10,0.0,0.0,0.4,0.125,0.1736111111111111,311.71
finance,baseline_ocr,87,How much are Finders Resources Limited's current liabilities listed for mid-2012?,,>10,0.0,0.0,0.0,0.0,0.0,314.49
finance,baseline_ocr,88,What are the main financial insights from inventory and bank balances for the six months ending June 2018?,,>10,0.0,0.0,0.0,0.0,0.0,346.89
finance,baseline_ocr,89,What is the GDP effect on various regions when considering the Asia-wide Free Trade Area according to the 2004 APEC Economic Outlook?,1.0,1,1.0,1.0,1.0,1.0,1.0,271.19
finance,baseline_ocr,90,Can you provide the main points of the changes to the BPO call center service contracts that were covered during the June 2020 committee and board meetings?,7.0,6-10,0.0,0.0,0.5,0.14285714285714285,0.14285714285714285,315.21
finance,baseline_ocr,91,"How much was earned from external customer sales in Hong Kong, SAR, during the years 2001 and 2002 according to the segment revenue?",5.0,2-5,0.0,1.0,1.0,0.2,0.2,327.2
finance,baseline_ocr,92,"How did the U.S. Home Price Index, tracked by S&P/Case-Shiller, change from mid-2015 to late 2018 under the PNC stress test conditions?",,>10,0.0,0.0,0.0,0.0,0.0,283.54
finance,baseline_ocr,93,"How do active management strategies, including asset allocation and security selection, affect the performance and risk of pension plans relative to their policy benchmarks?",4.0,2-5,0.0,0.3333333333333333,0.3333333333333333,0.25,0.25,307.41
finance,baseline_ocr,94,How do the estimates for Pareto's Alpha change from 95 to 70 across various implicate scenarios?,,>10,0.0,0.0,0.0,0.0,0.0,362.14
finance,baseline_ocr,95,In what way do the impacts of having a tax haven subsidiary on effective tax rates vary when comparing naively-averaged and revenue-weighted ExTR measures?,3.0,2-5,0.0,0.25,0.25,0.3333333333333333,0.3333333333333333,318.41
finance,baseline_ocr,96,"In the primary scenario of the HFCS research, what is the threshold set for the original dataset regarding household net wealth?",,>10,0.0,0.0,0.0,0.0,0.0,309.01
finance,baseline_ocr,97,"According to the 2003 Executive Opinion Survey, how did different nations rank in terms of limiting foreign ownership?",,>10,0.0,0.0,0.0,0.0,0.0,282.61
finance,baseline_ocr,98,"In 2005, how did the adjusted net saving percentages of GNI compare among the low, middle, and high-income classifications?",6.0,6-10,0.0,0.0,0.5,0.16666666666666666,0.16666666666666666,284.77
finance,baseline_ocr,99,What trend is observed in unemployment rates over the years from 1995 to 2020 based on Figure 12?,,>10,0.0,0.0,0.0,0.0,0.0,335.35
finance,proposed,0,"In the context of WAM Active's financials, how does the NTA before tax differ between June 2021 and the previous month, May 2021?",1.0,1,0.5,1.0,1.0,1.0,1.0,511.8
finance,proposed,1,"In the World Political Economy blog, which economic concern is tied to the concept of 'Regulatory Expansion' as it pertains to global political and economic discussions?",3.0,2-5,0.0,1.0,1.0,0.3333333333333333,0.3333333333333333,321.05
finance,proposed,2,What impact do alterations in mating patterns and distribution shifts have on the Gini index and Lorenz curves for income disparity in the years 1960 and 2005?,1.0,1,0.3333333333333333,1.0,1.0,1.0,1.0,693.49
finance,proposed,3,What was the variation in the net book value for right-of-use assets reported in property and equipment categories from early April to the end of September 2019 with the application of HKFRS 16?,1.0,1,0.5,1.0,1.0,1.0,1.0,275.58
finance,proposed,4,Was funding allocated for the call center services outsourcing in the 2020 budget plan?,1.0,1,0.5,1.0,1.0,1.0,0.75,318.38
finance,proposed,5,"How has the RIT Capital discount or premium rate changed in the years before May 2021, as noted by BSE Limited?",4.0,2-5,0.0,1.0,1.0,0.25,0.25,332.08
finance,proposed,6,What approaches were emphasized at the APEC 2017 gathering to improve food security and support sustainable farming amidst climate challenges?,1.0,1,1.0,1.0,1.0,1.0,1.0,821.73
finance,proposed,7,What is the relationship between the £3.90 million forecast variance and the allocation of £2 million from the Covid reserve in the 2021/22 budget?,1.0,1,0.3333333333333333,1.0,1.0,1.0,1.0,285.34
finance,proposed,8,"Within the financial groups mentioned, which one is associated with managing European funds and assets?",1.0,1,1.0,1.0,1.0,1.0,1.0,284.1
finance,proposed,9,What were the notable fluctuations and highest points in the quota percentage of fund arrangements from 2000 to 2007 according to the GRA Credit Outstanding data?,1.0,1,1.0,1.0,1.0,1.0,1.0,1493.61
finance,proposed,10,What are the variations in GDP impact for the PRC due to Covid-19 under several potential cases as discussed in the 2020 publication of the International Journal of Advanced Science and Technology?,1.0,1,1.0,1.0,1.0,1.0,1.0,401.46
finance,proposed,11,"According to the EXPRESSCREDIT SIA financial statements, how did the value of 1 EUR change between the end of 2017 and the end of 2018?",1.0,1,1.0,1.0,1.0,1.0,1.0,372.2
finance,proposed,12,How are the dependent and independent variables connected within the neural network's experimental framework?,1.0,1,1.0,1.0,1.0,1.0,1.0,331.01
finance,proposed,13,How does the financial data detail the yearly access assumptions for specific arrangements such as SBA/PRGF/SAF and SRF?,1.0,1,0.5,1.0,1.0,1.0,0.8333333333333333,267.1
finance,proposed,14,"Which factors are considered important for investment decisions concerning BA’s role, the quality of the product or service, and market appeal, according to the hierarchical structure?",1.0,1,1.0,1.0,1.0,1.0,1.0,261.11
finance,proposed,15,Which forms and certificates are required for overseas investors to benefit from the treaty-adjusted tax rate?,1.0,1,1.0,1.0,1.0,1.0,1.0,284.43
finance,proposed,16,"What variation occurred in the Bureau de Change (BDC) segment's average exchange rate in Nigeria between the first quarter of 2012 and the last quarter of 2013, as detailed in the FY-2013 Economic Report and 2014 Outlook?",1.0,1,1.0,1.0,1.0,1.0,1.0,283.32
finance,proposed,17,"How much funding has been designated for the utility expenditures and bulk buying in the town's financial ledger, specifically under the code 1089200?",1.0,1,0.5,1.0,1.0,1.0,0.8333333333333333,651.98
finance,proposed,18,"Which investment considerations, such as involvement from business angels and the appeal of products and markets, are emphasized for making decisions?",1.0,1,1.0,1.0,1.0,1.0,1.0,304.34
finance,proposed,19,How has the insider trading ratio of sales to purchases changed in the latest data provided by Washington Service and Bloomberg?,1.0,1,1.0,1.0,1.0,1.0,1.0,255.1
finance,proposed,20,What is the relationship between NLP-based policy indicators and the actual policy balance throughout the years in the context of Federal Reserve reviews?,1.0,1,1.0,1.0,1.0,1.0,1.0,270.0
finance,proposed,21,"By the end of April 2021, how did the components of the BDC loan under the Highly Affected Sectors Credit Availability Program adjust?",1.0,1,0.5,1.0,1.0,1.0,1.0,279.78
finance,proposed,22,"How many contracts must be controlled in Corporate Tax Futures to meet the accountability level of more than 50,000 contracts?",1.0,1,0.5,1.0,1.0,1.0,1.0,1070.71
finance,proposed,23,How has the South African Rand's value changed relative to the US Dollar over the last five decades in terms of its purchasing power alignment?,1.0,1,0.5,1.0,1.0,1.0,1.0,343.3
finance,proposed,24,How does VOL_DER relate to SP500 based on the quantitative findings for the US financial market?,1.0,1,1.0,1.0,1.0,1.0,1.0,274.29
finance,proposed,25,"According to the 2003 Executive Opinion Survey, how were countries ranked by the quality of their education systems?",1.0,1,1.0,1.0,1.0,1.0,1.0,296.09
finance,proposed,26,What is the comparison between the current trade receivables and those overdue by more than a year as of mid-2010 for Filinvest Development Corporation?,1.0,1,0.5,1.0,1.0,1.0,1.0,304.8
finance,proposed,27,How did currency fluctuations affect the valuation of mine plant and equipment in ZCI Limited's financials for the fiscal year ending 2014?,1.0,1,1.0,1.0,1.0,1.0,1.0,365.72
finance,proposed,28,"Can you detail the breakdown of the company's 2016 income tax, covering Hong Kong and international taxes as well as deferred tax?",1.0,1,0.5,1.0,1.0,1.0,1.0,1851.43
finance,proposed,29,What is the difference between the MSCI World Index's cumulative price and total returns over the period from 1988 to mid-2021?,1.0,1,1.0,1.0,1.0,1.0,1.0,462.71
finance,proposed,30,"According to the Nahmani Grunder forecast as of April 2021, what were the anticipated percentage shifts for the S&P 500, Europe Stoxx 600, and MSCI EM indices in the year 2020?",1.0,1,1.0,1.0,1.0,1.0,1.0,277.57
finance,proposed,31,"What explains the connection between owning a tax haven subsidiary and reduced effective tax rates, according to the statistical analyses involving GETR and Naively-Averaged ExTR?",1.0,1,0.25,1.0,1.0,1.0,1.0,270.45
finance,proposed,32,What was the comparison between the COVID-19 basket inflation's annual rate change and the official inflation rate from early 2020 to March 2021?,10.0,6-10,0.0,0.0,1.0,0.1,0.1,366.37
finance,proposed,33,"In comparing the various parameters like ω2 and β2, what are their respective η2 measurements?",2.0,2-5,0.0,1.0,1.0,0.5,0.5,306.13
finance,proposed,34,"Based on Lea's 2010 analysis, which nations prioritize variable rate mortgages over other mortgage types?",1.0,1,1.0,1.0,1.0,1.0,1.0,270.33
finance,proposed,35,"Based on the statistics from 1994 to 2011, how many children do women in Denmark and Sweden have on average a decade after their first childbirth?",1.0,1,0.5,1.0,1.0,1.0,1.0,258.23
finance,proposed,36,"For the fiscal year 2018, what was the quantity of entitlements given to Mr. Brayan within the framework of the Special plan?",1.0,1,1.0,1.0,1.0,1.0,1.0,308.61
finance,proposed,37,How did output per worker change between 2010 and 2018 in certain emerging markets like Indonesia and Mexico?,1.0,1,1.0,1.0,1.0,1.0,1.0,490.35
finance,proposed,38,"At South University, how do the financial reduction goals of the Provost and the President contrast?",1.0,1,1.0,1.0,1.0,1.0,1.0,506.24
finance,proposed,39,"In the timeframe from April 2016 to March 2019, what is the difference in volatility of ETH's CG – CC spreads when comparing Q3-18 to Q1-19?",1.0,1,1.0,1.0,1.0,1.0,1.0,1463.29
finance,proposed,40,"How are the allowances for outdated and sluggish items allocated for raw materials and trading inventories as of mid-2018, covering both the start and during the period?",1.0,1,0.5,1.0,1.0,1.0,1.0,301.82
finance,proposed,41,How can premature redemption of a financial instrument lead to losses for a client?,1.0,1,0.5,1.0,1.0,1.0,1.0,1348.83
finance,proposed,42,What were the differences between temporary-layoff and jobless unemployment rates regarding their trend from early 2020 to mid-2021?,1.0,1,1.0,1.0,1.0,1.0,1.0,514.91
finance,proposed,43,How much equity is allocated to the Company's shareholders in 2012 under HKFRS?,4.0,2-5,0.0,0.5,1.0,0.25,0.26785714285714285,298.43
finance,proposed,44,"Within the Webcon BPS workflow for registering sales opportunities, what happens if the negotiation phase ends without a positive outcome?",1.0,1,1.0,1.0,1.0,1.0,1.0,1701.89
finance,proposed,45,Can you identify the GWAC percentages for home loans from the years 2009 and 2010 based on the given information?,1.0,1,1.0,1.0,1.0,1.0,1.0,289.88
finance,proposed,46,"Identify the unique statistical measures ω2, γ2, θ2, β2, η2, ξ2, p22, and UV2 along with their intervals used in the evaluation of complex models.",2.0,2-5,0.0,1.0,1.0,0.5,0.5,404.68
finance,proposed,47,What changes occurred in the 30-Year Fixed Mortgage rate between the second quarter of 2015 and the third quarter of 2018 in the scenario outlined by PNC during their 2016 Mid-Cycle Stress Test?,1.0,1,1.0,1.0,1.0,1.0,1.0,272.69
finance,proposed,48,In which time frame were initial child births recorded in Austria based on the labor statistics?,1.0,1,0.5,1.0,1.0,1.0,1.0,476.85
finance,proposed,49,"In the potential new EMU group, which nations exhibit the highest average disparity in interest rates?",1.0,1,1.0,1.0,1.0,1.0,1.0,625.22
finance,proposed,50,"How did the number of COVID-19 cases progress in France during the first half of 2021, culminating in a total exceeding 6 million?",2.0,2-5,0.0,1.0,1.0,0.5,0.5,828.53
finance,proposed,51,"In what way do the 1997-2019 trends in policy signals and balance, based on NLP methods, exhibit changes as per the AXA IM Research findings?",1.0,1,1.0,1.0,1.0,1.0,1.0,272.77
finance,proposed,52,What was the shift in the CG – CC price difference for Bitcoin from Q3 2017 to Q1 2018?,1.0,1,1.0,1.0,1.0,1.0,1.0,362.76
finance,proposed,53,How did the financial results of Filinvest Development Corporation's aggregated activities in 2010 differ from those in 2009?,1.0,1,0.5,1.0,1.0,1.0,1.0,579.2
finance,proposed,54,"In the May 2021 financial model by the KIUC Board, what are the proportions of equity and liabilities?",1.0,1,1.0,1.0,1.0,1.0,1.0,308.18
finance,proposed,55,"By the conclusion of June 2021, which portfolio showed the greatest unfavorable deviation in the 2021/22 fiscal year?",1.0,1,0.3333333333333333,0.3333333333333333,1.0,1.0,0.5535714285714285,947.96
finance,proposed,56,How did U.S. energy-related petroleum import values change from the start of 2012 to early 2015 based on Commerce Department data?,1.0,1,1.0,1.0,1.0,1.0,1.0,685.44
finance,proposed,57,How did the Real GDP index of Peru evolve between 1970 and 2010 based on data from the Banco Central de Reserva del Perú?,1.0,1,1.0,1.0,1.0,1.0,1.0,432.43
finance,proposed,58,How much is allocated under miscellaneous costs for the police department in the town's fiscal records?,1.0,1,0.5,1.0,1.0,1.0,0.75,277.13
finance,proposed,59,How long was the average duration of commercial paper held by TexPool Prime during the year 2020?,1.0,1,1.0,1.0,1.0,1.0,1.0,308.39
finance,proposed,60,"Which economic topics are emphasized in the 'World Political Economy' blog concerning global politics, with an emphasis on increasing regulations?",1.0,1,1.0,1.0,1.0,1.0,1.0,290.03
finance,proposed,61,"What were the variations in adjusted net savings as a percentage of GNI across different 2005 regions, focusing on low versus middle income groups?",1.0,1,0.5,1.0,1.0,1.0,1.0,274.27
finance,proposed,62,"How much was credited for the 2020 ordinance concerning CR 519 Sidewalks in the fiscal overview from July 27, 2020?",1.0,1,0.5,0.5,1.0,1.0,0.6,261.76
finance,proposed,63,"From 2000 to 2014, which nation within the ASEAN bloc saw the greatest increase in foreign direct investment, based on the ASEAN Economic Community analysis?",1.0,1,1.0,1.0,1.0,1.0,1.0,319.81
finance,proposed,64,Where are the new crossing points located in the Falcon Zone that trends northwest-southeast at Hemi?,1.0,1,1.0,1.0,1.0,1.0,1.0,294.2
finance,proposed,65,"What was the pattern in the Non-Profitable Tech Stock Index over the years 2014 to 2020, with emphasis on the change from 2019 to 2020?",1.0,1,1.0,1.0,1.0,1.0,1.0,273.42
finance,proposed,66,"During the fiscal year 2021-22, which act saw the least number of audits of financial statements performed?",1.0,1,0.25,0.75,1.0,1.0,0.8125,265.05
finance,proposed,67,What is the method for determining the ending settlement value of Corporate Tax Futures using the top marginal US Corporate Tax Rate at settlement time?,1.0,1,0.5,1.0,1.0,1.0,1.0,251.25
finance,proposed,68,What were the economic impacts of minimizing physical contact on worldwide industries such as aviation and travel amid COVID-19?,1.0,1,0.3333333333333333,1.0,1.0,1.0,1.0,283.68
finance,proposed,69,"According to the analysis by Research Affiliates, which asset class shows the highest percentage variance in exposure levels?",1.0,1,1.0,1.0,1.0,1.0,1.0,304.24
finance,proposed,70,What were the trends in the shares of API versus Non-API services in Nord Pool from 2016 to 2020 based on the 2020 Annual Review?,1.0,1,1.0,1.0,1.0,1.0,1.0,1086.62
finance,proposed,71,"As of June 30, 2018, what amounts are recorded for trade deposits and for prepayments linked to customs and letters of credit?",1.0,1,1.0,1.0,1.0,1.0,1.0,283.01
finance,proposed,72,"How does the duration of approved arrangements fluctuate from 2000 to 2007, highlighting changes in both precautionary and non-precautionary categories?",1.0,1,1.0,1.0,1.0,1.0,1.0,357.15
finance,proposed,73,"In PNC's adverse scenario covering Q3 2017 through Q3 2019, what is the estimated loss percentage for Commercial Real Estate?",1.0,1,1.0,1.0,1.0,1.0,1.0,2526.13
finance,proposed,74,What are the relative performance percentages of various investment categories as analyzed by Research Affiliates?,1.0,1,1.0,1.0,1.0,1.0,1.0,289.99
finance,proposed,75,What are the variations between the median and mean outcomes following a technological disturbance as depicted in the fifth figure?,1.0,1,0.3333333333333333,1.0,1.0,1.0,0.9166666666666666,1035.17
finance,proposed,76,"During the years 2000 to 2007, how did the typical duration of fund arrangements change, and in which year was this duration the greatest?",1.0,1,1.0,1.0,1.0,1.0,1.0,319.99
finance,proposed,77,"What phrase is associated with the auditing company Keefe McCullough for HANDY, Inc.?",1.0,1,0.5,1.0,1.0,1.0,1.0,278.07
finance,proposed,78,What is the difference in non-current asset values between 2013 and 2012 in the provided financial figures in HKD?,1.0,1,0.5,1.0,1.0,1.0,1.0,272.29
finance,proposed,79,"In the analysis of the US market, what is the calculated covariance for VOL_DER and CPI_US?",1.0,1,1.0,1.0,1.0,1.0,1.0,572.95
finance,proposed,80,How do different trade scenario models affect the economic output of Northern Asia?,1.0,1,1.0,1.0,1.0,1.0,1.0,317.68
finance,proposed,81,"What were the significant patterns in the fluctuations of oil prices from 2008 to 2012, based on the Department of Commerce figures?",1.0,1,1.0,1.0,1.0,1.0,1.0,280.59
finance,proposed,82,What was the variation in the after-tax NTA from May to June 2021 based on the available data?,,>10,0.0,0.0,0.0,0.0,0.0,385.7
finance,proposed,83,"For the year 2016, what are the reported amounts for taxes related to Hong Kong Profits and those outside Hong Kong, including deferred taxes?",1.0,1,0.5,1.0,1.0,1.0,1.0,858.1
finance,proposed,84,What are the reasons that employing credit leverage can elevate a client's financial commitments?,2.0,2-5,0.0,1.0,1.0,0.5,0.45,674.31
finance,proposed,85,What were the reasons that led economic analysts to expect different global GDP reductions between -0.089% and -0.404% during the Covid-19 outbreak?,1.0,1,1.0,1.0,1.0,1.0,1.0,1176.71
finance,proposed,86,"In the January 2020 assembly at South University, what were the main conclusions regarding the strategy to lower costs and the $2.4M objective?",1.0,1,0.2,0.8,1.0,1.0,0.9666666666666666,596.38
finance,proposed,87,How much are Finders Resources Limited's current liabilities listed for mid-2012?,1.0,1,0.5,1.0,1.0,1.0,1.0,431.46
finance,proposed,88,What are the main financial insights from inventory and bank balances for the six months ending June 2018?,1.0,1,0.5,1.0,1.0,1.0,1.0,392.62
finance,proposed,89,What is the GDP effect on various regions when considering the Asia-wide Free Trade Area according to the 2004 APEC Economic Outlook?,1.0,1,1.0,1.0,1.0,1.0,1.0,275.63
finance,proposed,90,Can you provide the main points of the changes to the BPO call center service contracts that were covered during the June 2020 committee and board meetings?,1.0,1,0.5,1.0,1.0,1.0,1.0,278.07
finance,proposed,91,"How much was earned from external customer sales in Hong Kong, SAR, during the years 2001 and 2002 according to the segment revenue?",1.0,1,1.0,1.0,1.0,1.0,1.0,374.37
finance,proposed,92,"How did the U.S. Home Price Index, tracked by S&P/Case-Shiller, change from mid-2015 to late 2018 under the PNC stress test conditions?",1.0,1,0.5,1.0,1.0,1.0,1.0,513.92
finance,proposed,93,"How do active management strategies, including asset allocation and security selection, affect the performance and risk of pension plans relative to their policy benchmarks?",1.0,1,0.3333333333333333,1.0,1.0,1.0,1.0,286.9
finance,proposed,94,How do the estimates for Pareto's Alpha change from 95 to 70 across various implicate scenarios?,1.0,1,1.0,1.0,1.0,1.0,1.0,311.78
finance,proposed,95,In what way do the impacts of having a tax haven subsidiary on effective tax rates vary when comparing naively-averaged and revenue-weighted ExTR measures?,1.0,1,0.25,1.0,1.0,1.0,1.0,329.08
finance,proposed,96,"In the primary scenario of the HFCS research, what is the threshold set for the original dataset regarding household net wealth?",1.0,1,1.0,1.0,1.0,1.0,1.0,303.12
finance,proposed,97,"According to the 2003 Executive Opinion Survey, how did different nations rank in terms of limiting foreign ownership?",1.0,1,1.0,1.0,1.0,1.0,1.0,1494.73
finance,proposed,98,"In 2005, how did the adjusted net saving percentages of GNI compare among the low, middle, and high-income classifications?",1.0,1,0.5,1.0,1.0,1.0,1.0,1035.22
finance,proposed,99,What trend is observed in unemployment rates over the years from 1995 to 2020 based on Figure 12?,3.0,2-5,0.0,1.0,1.0,0.3333333333333333,0.3333333333333333,366.99
healthcare,baseline_clip,0,What is the scientific meaning of the abbreviation 'L-NAME' as it relates to Nω-L-nitro arginine methyl ester?,1.0,1,1.0,1.0,1.0,1.0,1.0,682.61
healthcare,baseline_clip,1,"In the glucocorticoid research, which reason was predominantly cited for patient exclusion involving 679 cases?",1.0,1,1.0,1.0,1.0,1.0,1.0,444.27
healthcare,baseline_clip,2,How long should one wait to vaccinate after completing IVIG treatment for conditions other than COVID-19 to prevent possible side effects?,1.0,1,0.5,1.0,1.0,1.0,1.0,481.86
healthcare,baseline_clip,3,"In a cardiac rehab interval workout, what are the different stages and how long does each last?",1.0,1,1.0,1.0,1.0,1.0,1.0,497.09
healthcare,baseline_clip,4,"According to Meng et al. (2020), how does ACEI or ARB treatment impact those with hypertension and COVID-19?",1.0,1,1.0,1.0,1.0,1.0,1.0,791.59
healthcare,baseline_clip,5,"For individuals experiencing amnesia with a history of encephalitis examined in the 1990s, what was identified as the cause?",1.0,1,1.0,1.0,1.0,1.0,1.0,440.59
healthcare,baseline_clip,6,In what way did the damage to the superficial femoral artery impact the surgical strategy for a high-level leg amputation?,1.0,1,1.0,1.0,1.0,1.0,1.0,493.43
healthcare,baseline_clip,7,"Identify the reasons and initial years for memory loss in individuals A.B., L.J., E.P., and G.T. with varying spans.",1.0,1,1.0,1.0,1.0,1.0,1.0,487.11
healthcare,baseline_clip,8,Could you provide the ISSN and edition details for the February 2014 issue of the Journal of Environmental Protection?,1.0,1,1.0,1.0,1.0,1.0,1.0,499.19
healthcare,baseline_clip,9,How is unstructured database information transformed into a final dataset for studying breast cancer using Python?,1.0,1,1.0,1.0,1.0,1.0,1.0,479.71
healthcare,baseline_clip,10,"In the analysis of obesity risk elements related to home and school, what are the z-scores for the group categorized as the third class for aspects such as 'TV in Room' and 'Can buy Salty Snacks at School'?",1.0,1,1.0,1.0,1.0,1.0,1.0,500.13
healthcare,baseline_clip,11,How does A172R-exo treatment affect the spheroid size in U87 and A172 cell cultures?,1.0,1,1.0,1.0,1.0,1.0,1.0,487.2
healthcare,baseline_clip,12,How much of the demographic distribution covers nations reached by the top recognized scientists with IntechOpen?,3.0,2-5,0.0,1.0,1.0,0.3333333333333333,0.3333333333333333,492.22
healthcare,baseline_clip,13,"In the examination of A561V HERG transport, how does CRT mRNA expression in CRT-overexpressed cells compare to that in the vector control?",1.0,1,1.0,1.0,1.0,1.0,1.0,492.9
healthcare,baseline_clip,14,"How did the tube filtration assessments turn out across the distinct diagnostic locations including G1, G2, M1, M2, P1, and P2?",1.0,1,1.0,1.0,1.0,1.0,1.0,488.79
healthcare,baseline_clip,15,"What differences were observed in severe disease occurrence and blood markers between those on ACEI or ARB treatment and patients using alternative blood pressure medications during COVID-19, according to Meng et al. (2020)?",1.0,1,1.0,1.0,1.0,1.0,1.0,500.34
healthcare,baseline_clip,16,"What is the impact on Cyc D* levels as ks_egr3 changes, according to the 2017 study in BMC Systems Biology?",1.0,1,1.0,1.0,1.0,1.0,1.0,484.18
healthcare,baseline_clip,17,What impact does the expression of Egr3 have on the concentrations of Cyc D* and Cyc E* with rising ks_egr3 values?,1.0,1,1.0,1.0,1.0,1.0,1.0,490.77
healthcare,baseline_clip,18,"In what ways does the growth of Bifidobacterium fluctuate across varied FS treatments, including FS-Pla and FS-Syn, over a timeline?",1.0,1,1.0,1.0,1.0,1.0,1.0,488.32
healthcare,baseline_clip,19,Which symptoms are recorded for patients on the medical history page of Klinik Citra Bunda?,1.0,1,1.0,1.0,1.0,1.0,1.0,496.49
healthcare,baseline_clip,20,How does the expression of miR-25-3p differ between A172R-exo and A172-exo within TMZ-resistant GBM cells?,1.0,1,1.0,1.0,1.0,1.0,1.0,494.56
healthcare,baseline_clip,21,"Among the psychiatric patient demographics at Ibn Baja Taza Hospital, which age bracket shows the greatest male majority?",1.0,1,0.5,1.0,1.0,1.0,1.0,493.44
healthcare,baseline_clip,22,How many nuclei are typically found in AX2 and AT-Kneg cells as they grow?,1.0,1,1.0,1.0,1.0,1.0,1.0,488.37
healthcare,baseline_clip,23,"In the research on preventing cholesteatoma in rats with intratympanic Mesna, what differences are observed in tympanic bulla mucosal thickness between the experimental and control groups?",1.0,1,0.5,1.0,1.0,1.0,1.0,491.42
healthcare,baseline_clip,24,Can you provide the ITS4 and ITS5 primer sequences applied in the genetic study of A. flavus?,1.0,1,0.5,1.0,1.0,1.0,1.0,493.89
healthcare,baseline_clip,25,"How do the RMSEA values differ among the models assessing WM storage, and what does this indicate about their fit?",1.0,1,1.0,1.0,1.0,1.0,1.0,490.19
healthcare,baseline_clip,26,How does Egr3 influence the proportion of cells remaining in the G0 phase as described in the BMC Systems Biology 2017 study?,1.0,1,1.0,1.0,1.0,1.0,1.0,484.08
healthcare,baseline_clip,27,How does CARBENOXOLONE interact with NAAA and HSD11B1 based on CRISPR screening results?,1.0,1,1.0,1.0,1.0,1.0,1.0,493.68
healthcare,baseline_clip,28,"For the GS1 DataMatrix, how is the serial number characterized in terms of type and allowable length, specifically using Application Identifier 21?",1.0,1,0.5,1.0,1.0,1.0,1.0,499.54
healthcare,baseline_clip,29,How does introducing Egr3 influence the growth rate of cells relative to a non-transduced control?,1.0,1,1.0,1.0,1.0,1.0,1.0,487.11
healthcare,baseline_clip,30,Which individual is listed as the chief editor in the document detailing the historical perspective on vitamin D?,1.0,1,1.0,1.0,1.0,1.0,1.0,488.32
healthcare,baseline_clip,31,What is the difference in average monitoring duration for chronic hepatitis C patients who developed cirrhosis compared to those who did not after successful treatment?,1.0,1,0.5,1.0,1.0,1.0,1.0,495.01
healthcare,baseline_clip,32,What effect do optimal spacing choices within text have on its ease of reading?,1.0,1,0.5,1.0,1.0,1.0,1.0,494.1
healthcare,baseline_clip,33,"In the PEACE analysis using Kaplan-Meier estimates, what interval is noted for the coverage probability?",1.0,1,1.0,1.0,1.0,1.0,1.0,498.13
healthcare,baseline_clip,34,What are the initial QUICKI measurements for diabetic and nondiabetic participants in the LCD intervention?,1.0,1,1.0,1.0,1.0,1.0,1.0,483.17
healthcare,baseline_clip,35,"In the process of viral DNA packaging, how is the variation in free energy linked to the different stages along the reaction path?",1.0,1,1.0,1.0,1.0,1.0,1.0,493.06
healthcare,baseline_clip,36,"What was the focus of the study conducted by Dr. Nadia Shafique and Prof. Nasim Chaudhry, which received approval on the 23rd of July, 2020, with the NBC code NBC-517?",1.0,1,0.5,1.0,1.0,1.0,1.0,487.31
healthcare,baseline_clip,37,"What are the differences in the years of retrograde memory loss for A.B., L.J., E.P., and G.T.?",1.0,1,1.0,1.0,1.0,1.0,1.0,495.28
healthcare,baseline_clip,38,"In the LCD intervention trial, how do the initial plasma total testosterone levels differ between diabetic participants and the control group?",1.0,1,1.0,1.0,1.0,1.0,1.0,486.85
healthcare,baseline_clip,39,"Among the WM storage models, which one exhibits the smallest RMSEA?",1.0,1,1.0,1.0,1.0,1.0,1.0,499.8
healthcare,baseline_clip,40,How are the incompressibility parameters adjusted in the iLogDemons setup when tracking heart movement?,1.0,1,0.5,1.0,1.0,1.0,1.0,495.39
healthcare,baseline_clip,41,"How do the CAT activity levels compare in HeLa cells when transfected with the plasmids pBLCAT3, E1bTATACAT, and 4EBECAT?",1.0,1,1.0,1.0,1.0,1.0,1.0,483.26
healthcare,baseline_clip,42,Which procedure was used to stabilize the injury from a rapid impact resulting in an open pelvic fracture?,1.0,1,1.0,1.0,1.0,1.0,1.0,498.76
healthcare,baseline_clip,43,How were severe fractures in the left leg addressed following a transfemoral amputation?,1.0,1,1.0,1.0,1.0,1.0,1.0,484.26
healthcare,baseline_clip,44,What effect does administering corticosterone have on the duration of exploration for both younger and older test subjects in the study?,1.0,1,1.0,1.0,1.0,1.0,1.0,960.15
healthcare,baseline_clip,45,"In the case of TTC Osteotomy -001, what are the highest and lowest von-Mises stress values recorded for talus cartilage?",1.0,1,1.0,1.0,1.0,1.0,1.0,515.65
healthcare,baseline_clip,46,What is the difference in the onset age of symptoms between approved and rejected applications in the UDN dataset?,1.0,1,0.5,1.0,1.0,1.0,0.8333333333333333,492.05
healthcare,baseline_clip,47,"According to Table 5, what are the mean platelet levels for individuals with both positive and negative IgG anti-cardiolipin antibodies?",1.0,1,0.3333333333333333,1.0,1.0,1.0,0.8666666666666667,490.49
healthcare,baseline_clip,48,"In scientific literature, what substances are noted as inhibitors for the gene HSD11B1, where their inhibitory action is validated by the gene effect?",1.0,1,1.0,1.0,1.0,1.0,1.0,490.88
healthcare,baseline_clip,49,How are the iLogDemons parameters configured for tracking cardiac motion in the dataset from the STACOM 2011 challenge?,1.0,1,0.5,1.0,1.0,1.0,1.0,490.78
healthcare,baseline_clip,50,How are ages distributed among those who faced issues after circumcision?,3.0,2-5,0.0,0.5,1.0,0.3333333333333333,0.29166666666666663,497.34
healthcare,baseline_clip,51,"What is the effect on application processing time when altering the count of applications reviewed in each 7-day session using FIFO, Best-classifier, and Accept-first approaches?",1.0,1,1.0,1.0,1.0,1.0,1.0,487.94
healthcare,baseline_clip,52,"In the chart depicting pooling metrics, which of the combinations CFS, CMS, CFU, or CMU exhibits the minimum sensitivity level?",1.0,1,1.0,1.0,1.0,1.0,1.0,493.0
healthcare,baseline_clip,53,Which approach attained the top F1-score in the WeiboNER knowledge transfer experiment as indicated in the results?,1.0,1,1.0,1.0,1.0,1.0,1.0,490.37
healthcare,baseline_clip,54,"In the 2020 Cancer Cytopathology study, how was the accuracy of circulating tumor cells as a marker for lung cancer diagnosis different between the discovery, validation, and overall groups?",1.0,1,1.0,1.0,1.0,1.0,1.0,501.48
healthcare,baseline_clip,55,How did the staining patterns of p-H2AX and Ki 67 change at 24 hours post-radiation exposure of 5 Gy compared to untreated samples?,1.0,1,1.0,1.0,1.0,1.0,1.0,495.08
healthcare,baseline_clip,56,What is the alteration in Lgr5 expression 24 hours following exposure to a 5 Gy radiation dose in comparison to no treatment?,1.0,1,1.0,1.0,1.0,1.0,1.0,492.91
healthcare,baseline_clip,57,How do fundamental color pairings influence the capacity to distinguish colors?,3.0,2-5,0.0,1.0,1.0,0.3333333333333333,0.3666666666666667,482.03
healthcare,baseline_clip,58,How do varying levels of homocysteine impact the rates of amputation and mortality in peripheral artery surgeries as per the study's findings?,1.0,1,0.5,1.0,1.0,1.0,1.0,492.7
healthcare,baseline_clip,59,"In studies examining the subtraction of single digits from letter strings, what are the coordinate ranges for activation in the three dimensions?",1.0,1,1.0,1.0,1.0,1.0,1.0,492.19
healthcare,baseline_clip,60,"In the French study on cardiac rehabilitation for CHD patients, what was the number of individuals assigned to the intervention group following randomisation?",1.0,1,1.0,1.0,1.0,1.0,1.0,490.0
healthcare,baseline_clip,61,How do different microbial groups like DPANN and Patescibacteria cluster when examining their distribution along principal component axes?,1.0,1,1.0,1.0,1.0,1.0,1.0,488.44
healthcare,baseline_clip,62,How does the expansion of intraretinal fluid by 0.1 mm3 influence best-corrected visual acuity within the central millimeter for individuals with neovascular AMD?,1.0,1,0.5,1.0,1.0,1.0,1.0,496.77
healthcare,baseline_clip,63,"In the UDN research, which symptoms had a notably different frequency between those whose applications were accepted and those who were not, after adjusting for multiple comparisons?",1.0,1,0.5,1.0,1.0,1.0,0.8333333333333333,489.31
healthcare,baseline_clip,64,How does the I2S percentage in Batch11 differ from that in Enoxaparin based on their saccharide compositions?,1.0,1,1.0,1.0,1.0,1.0,1.0,496.11
healthcare,baseline_clip,65,"In the 2013 research on externalizing behavior disorders, how do Theory of Mind emotions relate to various developmental and self-regulatory variables in children?",1.0,1,0.5,1.0,1.0,1.0,1.0,503.79
healthcare,baseline_clip,66,"For Measurement Model 5, which considers separate AC, capacity, and SM factors, what are the NNFI and CFI results related to WM storage?",1.0,1,1.0,1.0,1.0,1.0,1.0,473.4
healthcare,baseline_clip,67,How does Factor IXa's residual inhibition activity change with different levels of inhibitor in the research on S. broughtonii's anticoagulant properties?,1.0,1,1.0,1.0,1.0,1.0,1.0,496.67
healthcare,baseline_clip,68,Which digits are used for encoding the National Trade Item Number in pharmaceutical GS1 standards?,1.0,1,0.5,1.0,1.0,1.0,1.0,952.61
healthcare,baseline_clip,69,"In the ENRICH research, what alteration is seen in the MDASI-CML Specific Symptom Score from the first to the twelfth EOC for individuals with CML?",1.0,1,1.0,1.0,1.0,1.0,1.0,773.64
healthcare,baseline_clip,70,What impact did the administration of αCD25 and αCD4 have on the secretion levels of IFN-γ in B6 WT compared to langDTR mice in the context of DC subset analysis?,1.0,1,1.0,1.0,1.0,1.0,1.0,720.76
healthcare,baseline_clip,71,In what way do SeVhAng-1 engineered MSCs impact the density of capillaries in ischemic heart regions of rats?,1.0,1,1.0,1.0,1.0,1.0,1.0,489.5
healthcare,baseline_clip,72,What methods are utilized in developing concepts for integrated care technology acceptance as per Harst and colleagues' study?,1.0,1,1.0,1.0,1.0,1.0,1.0,511.85
healthcare,baseline_clip,73,Which sequences are categorized within the MR exam guidelines?,,>10,0.0,0.0,0.0,0.0,0.0,481.18
healthcare,baseline_clip,74,"In the study focusing on auricular acupuncture, which randomized group showed the most significant decrease in waist size from the beginning to the end of the study?",1.0,1,0.5,1.0,1.0,1.0,1.0,497.59
healthcare,baseline_clip,75,Why were individuals not included in the ω-3 fatty acid supplementation research with EPA and DHA capsules?,1.0,1,1.0,1.0,1.0,1.0,1.0,485.82
healthcare,baseline_clip,76,"In the 8-week study with LCD intervention, how did baseline QUICKI values compare across the diabetic, nondiabetic, and control participants?",1.0,1,1.0,1.0,1.0,1.0,1.0,732.45
healthcare,baseline_clip,77,Can you provide the activation peak Talairach coordinates for subjects 1 through 5 when comparing letter strings to digit strings?,1.0,1,1.0,1.0,1.0,1.0,1.0,739.91
healthcare,baseline_clip,78,How was the open pelvic ring fracture managed following the high-speed injury?,1.0,1,1.0,1.0,1.0,1.0,1.0,491.43
healthcare,baseline_clip,79,"What are the recognition and error rates for each grouping of body parts like wrist, upper arm, pelvis, thigh, and ankle in the research?",1.0,1,0.5,1.0,1.0,1.0,1.0,494.23
healthcare,baseline_clip,80,"After concluding treatment with cyclosporine/ATG for aplastic anemia, when should vaccinations be considered?",1.0,1,0.5,1.0,1.0,1.0,1.0,486.11
healthcare,baseline_clip,81,"Following evaluation in the clinical study, what conditions led to participant exclusion, including duration of psychosis, treatment history, and cognitive assessment?",1.0,1,1.0,1.0,1.0,1.0,1.0,500.46
healthcare,baseline_clip,82,"What are the initial IIEF score differences between the control, nondiabetic LCD, and diabetic LCD groups?",1.0,1,1.0,1.0,1.0,1.0,1.0,486.45
healthcare,baseline_clip,83,How do SVR rates compare between chronic hepatitis C patients who did and did not develop cirrhosis?,1.0,1,0.5,1.0,1.0,1.0,1.0,493.12
healthcare,baseline_clip,84,How are gene families formed in Staphylococcus aureus using techniques like CDS re-annotation and homolog filtering?,1.0,1,1.0,1.0,1.0,1.0,1.0,519.44
healthcare,baseline_clip,85,"In the rat study concerning intratympanic Mesna use, what is the range of tympanic membrane thicknesses observed in the experimental cohort?",1.0,1,0.5,1.0,1.0,1.0,1.0,751.74
healthcare,baseline_clip,86,"During the study on hot towel application times, which duration led to the highest frequency of being perceived as very warm: 10s, 15s, or 20s?",1.0,1,1.0,1.0,1.0,1.0,1.0,741.09
healthcare,baseline_clip,87,"In the transfer task for WeiboNER, how does the performance of La-DTL in terms of F1-score stand against other approaches?",1.0,1,1.0,1.0,1.0,1.0,1.0,426.95
healthcare,baseline_clip,88,"In what way did A.B.'s memory for public occurrences change over the years relative to control participants, focusing on the period leading up to his amnesia?",1.0,1,1.0,1.0,1.0,1.0,1.0,518.72
healthcare,baseline_clip,89,"In the experiment using QT6 cells with Myb, C/EBP, and PU.1 vectors, how do the luciferase activity levels of fl-Enh and min-Enh compare?",1.0,1,1.0,1.0,1.0,1.0,1.0,491.0
healthcare,baseline_clip,90,"In the research at Ibn Baja Taza Hospital, what was the psychiatric condition with the second greatest occurrence?",1.0,1,0.5,1.0,1.0,1.0,1.0,485.54
healthcare,baseline_clip,91,"What changes occur in axial force with increasing depth in phantom models, particularly at the interface of healthy and cancerous tissues?",,>10,0.0,0.0,0.0,0.0,0.0,490.91
healthcare,baseline_clip,92,"In the publication by IntechOpen on Open Access titles, what proportion of nations received inputs from top-cited researchers?",1.0,1,1.0,1.0,1.0,1.0,1.0,492.73
healthcare,baseline_clip,93,"In the study of kidney treatments, how does the relative optical density of HO-1 vary with different hypothermia protocols?",1.0,1,1.0,1.0,1.0,1.0,1.0,484.29
healthcare,baseline_clip,94,"How do initial plasma glucose levels, insulin, and insulin sensitivity compare between control subjects and those on low-carbohydrate diets, with and without diabetes?",1.0,1,1.0,1.0,1.0,1.0,1.0,540.81
healthcare,baseline_clip,95,How did the proportion of F4/80+CD11b+ cells in ImmTOR-Cy5 treated mice compare to those in untreated mice on the first day?,1.0,1,1.0,1.0,1.0,1.0,1.0,683.6
healthcare,baseline_clip,96,"How should the timing of COVID-19 vaccination be managed for patients undergoing autologous HSCT, both prior to and following the procedure?",1.0,1,0.5,1.0,1.0,1.0,1.0,516.4
healthcare,baseline_clip,97,What experimental evidence is linked to the function of contrast sensitivity in the context of age-related visual changes?,1.0,1,0.5,1.0,1.0,1.0,1.0,729.05
healthcare,baseline_clip,98,"How did HO-1 levels change in kidney tissues across the sham, normothermia, and various hypothermia groups?",1.0,1,1.0,1.0,1.0,1.0,1.0,733.58
healthcare,baseline_clip,99,How did the initial weight percentages alter for mice given isotype control compared to those treated with aHVEM after starting the treatment over 15 days?,,>10,0.0,0.0,0.0,0.0,0.0,487.62
healthcare,baseline_ocr,0,What is the scientific meaning of the abbreviation 'L-NAME' as it relates to Nω-L-nitro arginine methyl ester?,,>10,0.0,0.0,0.0,0.0,0.0,325.06
healthcare,baseline_ocr,1,"In the glucocorticoid research, which reason was predominantly cited for patient exclusion involving 679 cases?",,>10,0.0,0.0,0.0,0.0,0.0,523.53
healthcare,baseline_ocr,2,How long should one wait to vaccinate after completing IVIG treatment for conditions other than COVID-19 to prevent possible side effects?,9.0,6-10,0.0,0.0,0.5,0.1111111111111111,0.1111111111111111,259.62
healthcare,baseline_ocr,3,"In a cardiac rehab interval workout, what are the different stages and how long does each last?",,>10,0.0,0.0,0.0,0.0,0.0,438.76
healthcare,baseline_ocr,4,"According to Meng et al. (2020), how does ACEI or ARB treatment impact those with hypertension and COVID-19?",,>10,0.0,0.0,0.0,0.0,0.0,385.11
healthcare,baseline_ocr,5,"For individuals experiencing amnesia with a history of encephalitis examined in the 1990s, what was identified as the cause?",,>10,0.0,0.0,0.0,0.0,0.0,283.22
healthcare,baseline_ocr,6,In what way did the damage to the superficial femoral artery impact the surgical strategy for a high-level leg amputation?,,>10,0.0,0.0,0.0,0.0,0.0,961.3
healthcare,baseline_ocr,7,"Identify the reasons and initial years for memory loss in individuals A.B., L.J., E.P., and G.T. with varying spans.",,>10,0.0,0.0,0.0,0.0,0.0,341.55
healthcare,baseline_ocr,8,Could you provide the ISSN and edition details for the February 2014 issue of the Journal of Environmental Protection?,,>10,0.0,0.0,0.0,0.0,0.0,276.6
healthcare,baseline_ocr,9,How is unstructured database information transformed into a final dataset for studying breast cancer using Python?,5.0,2-5,0.0,1.0,1.0,0.2,0.2,1268.43
healthcare,baseline_ocr,10,"In the analysis of obesity risk elements related to home and school, what are the z-scores for the group categorized as the third class for aspects such as 'TV in Room' and 'Can buy Salty Snacks at School'?",,>10,0.0,0.0,0.0,0.0,0.0,788.87
healthcare,baseline_ocr,11,How does A172R-exo treatment affect the spheroid size in U87 and A172 cell cultures?,,>10,0.0,0.0,0.0,0.0,0.0,298.82
healthcare,baseline_ocr,12,How much of the demographic distribution covers nations reached by the top recognized scientists with IntechOpen?,,>10,0.0,0.0,0.0,0.0,0.0,296.19
healthcare,baseline_ocr,13,"In the examination of A561V HERG transport, how does CRT mRNA expression in CRT-overexpressed cells compare to that in the vector control?",,>10,0.0,0.0,0.0,0.0,0.0,446.65
healthcare,baseline_ocr,14,"How did the tube filtration assessments turn out across the distinct diagnostic locations including G1, G2, M1, M2, P1, and P2?",,>10,0.0,0.0,0.0,0.0,0.0,319.53
healthcare,baseline_ocr,15,"What differences were observed in severe disease occurrence and blood markers between those on ACEI or ARB treatment and patients using alternative blood pressure medications during COVID-19, according to Meng et al. (2020)?",,>10,0.0,0.0,0.0,0.0,0.0,287.09
healthcare,baseline_ocr,16,"What is the impact on Cyc D* levels as ks_egr3 changes, according to the 2017 study in BMC Systems Biology?",,>10,0.0,0.0,0.0,0.0,0.0,327.02
healthcare,baseline_ocr,17,What impact does the expression of Egr3 have on the concentrations of Cyc D* and Cyc E* with rising ks_egr3 values?,,>10,0.0,0.0,0.0,0.0,0.0,259.71
healthcare,baseline_ocr,18,"In what ways does the growth of Bifidobacterium fluctuate across varied FS treatments, including FS-Pla and FS-Syn, over a timeline?",,>10,0.0,0.0,0.0,0.0,0.0,254.09
healthcare,baseline_ocr,19,Which symptoms are recorded for patients on the medical history page of Klinik Citra Bunda?,,>10,0.0,0.0,0.0,0.0,0.0,799.3
healthcare,baseline_ocr,20,How does the expression of miR-25-3p differ between A172R-exo and A172-exo within TMZ-resistant GBM cells?,,>10,0.0,0.0,0.0,0.0,0.0,269.61
healthcare,baseline_ocr,21,"Among the psychiatric patient demographics at Ibn Baja Taza Hospital, which age bracket shows the greatest male majority?",,>10,0.0,0.0,0.0,0.0,0.0,308.81
healthcare,baseline_ocr,22,How many nuclei are typically found in AX2 and AT-Kneg cells as they grow?,,>10,0.0,0.0,0.0,0.0,0.0,368.15
healthcare,baseline_ocr,23,"In the research on preventing cholesteatoma in rats with intratympanic Mesna, what differences are observed in tympanic bulla mucosal thickness between the experimental and control groups?",,>10,0.0,0.0,0.0,0.0,0.0,398.53
healthcare,baseline_ocr,24,Can you provide the ITS4 and ITS5 primer sequences applied in the genetic study of A. flavus?,,>10,0.0,0.0,0.0,0.0,0.0,1134.78
healthcare,baseline_ocr,25,"How do the RMSEA values differ among the models assessing WM storage, and what does this indicate about their fit?",,>10,0.0,0.0,0.0,0.0,0.0,252.32
healthcare,baseline_ocr,26,How does Egr3 influence the proportion of cells remaining in the G0 phase as described in the BMC Systems Biology 2017 study?,,>10,0.0,0.0,0.0,0.0,0.0,536.96
healthcare,baseline_ocr,27,How does CARBENOXOLONE interact with NAAA and HSD11B1 based on CRISPR screening results?,,>10,0.0,0.0,0.0,0.0,0.0,330.46
healthcare,baseline_ocr,28,"For the GS1 DataMatrix, how is the serial number characterized in terms of type and allowable length, specifically using Application Identifier 21?",,>10,0.0,0.0,0.0,0.0,0.0,467.1
healthcare,baseline_ocr,29,How does introducing Egr3 influence the growth rate of cells relative to a non-transduced control?,,>10,0.0,0.0,0.0,0.0,0.0,286.98
healthcare,baseline_ocr,30,Which individual is listed as the chief editor in the document detailing the historical perspective on vitamin D?,,>10,0.0,0.0,0.0,0.0,0.0,284.76
healthcare,baseline_ocr,31,What is the difference in average monitoring duration for chronic hepatitis C patients who developed cirrhosis compared to those who did not after successful treatment?,6.0,6-10,0.0,0.0,0.5,0.16666666666666666,0.16666666666666666,1257.39
healthcare,baseline_ocr,32,What effect do optimal spacing choices within text have on its ease of reading?,8.0,6-10,0.0,0.0,0.5,0.125,0.125,437.15
healthcare,baseline_ocr,33,"In the PEACE analysis using Kaplan-Meier estimates, what interval is noted for the coverage probability?",,>10,0.0,0.0,0.0,0.0,0.0,457.09
healthcare,baseline_ocr,34,What are the initial QUICKI measurements for diabetic and nondiabetic participants in the LCD intervention?,,>10,0.0,0.0,0.0,0.0,0.0,248.4
healthcare,baseline_ocr,35,"In the process of viral DNA packaging, how is the variation in free energy linked to the different stages along the reaction path?",,>10,0.0,0.0,0.0,0.0,0.0,652.44
healthcare,baseline_ocr,36,"What was the focus of the study conducted by Dr. Nadia Shafique and Prof. Nasim Chaudhry, which received approval on the 23rd of July, 2020, with the NBC code NBC-517?",3.0,2-5,0.0,0.5,0.5,0.3333333333333333,0.3333333333333333,1648.61
healthcare,baseline_ocr,37,"What are the differences in the years of retrograde memory loss for A.B., L.J., E.P., and G.T.?",,>10,0.0,0.0,0.0,0.0,0.0,884.86
healthcare,baseline_ocr,38,"In the LCD intervention trial, how do the initial plasma total testosterone levels differ between diabetic participants and the control group?",,>10,0.0,0.0,0.0,0.0,0.0,427.54
healthcare,baseline_ocr,39,"Among the WM storage models, which one exhibits the smallest RMSEA?",,>10,0.0,0.0,0.0,0.0,0.0,349.37
healthcare,baseline_ocr,40,How are the incompressibility parameters adjusted in the iLogDemons setup when tracking heart movement?,2.0,2-5,0.0,0.5,0.5,0.5,0.5,1498.98
healthcare,baseline_ocr,41,"How do the CAT activity levels compare in HeLa cells when transfected with the plasmids pBLCAT3, E1bTATACAT, and 4EBECAT?",,>10,0.0,0.0,0.0,0.0,0.0,277.38
healthcare,baseline_ocr,42,Which procedure was used to stabilize the injury from a rapid impact resulting in an open pelvic fracture?,,>10,0.0,0.0,0.0,0.0,0.0,286.35
healthcare,baseline_ocr,43,How were severe fractures in the left leg addressed following a transfemoral amputation?,,>10,0.0,0.0,0.0,0.0,0.0,339.05
healthcare,baseline_ocr,44,What effect does administering corticosterone have on the duration of exploration for both younger and older test subjects in the study?,,>10,0.0,0.0,0.0,0.0,0.0,552.92
healthcare,baseline_ocr,45,"In the case of TTC Osteotomy -001, what are the highest and lowest von-Mises stress values recorded for talus cartilage?",,>10,0.0,0.0,0.0,0.0,0.0,268.43
healthcare,baseline_ocr,46,What is the difference in the onset age of symptoms between approved and rejected applications in the UDN dataset?,,>10,0.0,0.0,0.0,0.0,0.0,581.72
healthcare,baseline_ocr,47,"According to Table 5, what are the mean platelet levels for individuals with both positive and negative IgG anti-cardiolipin antibodies?",,>10,0.0,0.0,0.0,0.0,0.0,748.39
healthcare,baseline_ocr,48,"In scientific literature, what substances are noted as inhibitors for the gene HSD11B1, where their inhibitory action is validated by the gene effect?",,>10,0.0,0.0,0.0,0.0,0.0,441.58
healthcare,baseline_ocr,49,How are the iLogDemons parameters configured for tracking cardiac motion in the dataset from the STACOM 2011 challenge?,2.0,2-5,0.0,0.5,0.5,0.5,0.5,387.35
healthcare,baseline_ocr,50,How are ages distributed among those who faced issues after circumcision?,,>10,0.0,0.0,0.0,0.0,0.0,370.92
healthcare,baseline_ocr,51,"What is the effect on application processing time when altering the count of applications reviewed in each 7-day session using FIFO, Best-classifier, and Accept-first approaches?",,>10,0.0,0.0,0.0,0.0,0.0,290.0
healthcare,baseline_ocr,52,"In the chart depicting pooling metrics, which of the combinations CFS, CMS, CFU, or CMU exhibits the minimum sensitivity level?",,>10,0.0,0.0,0.0,0.0,0.0,996.88
healthcare,baseline_ocr,53,Which approach attained the top F1-score in the WeiboNER knowledge transfer experiment as indicated in the results?,1.0,1,1.0,1.0,1.0,1.0,1.0,253.56
healthcare,baseline_ocr,54,"In the 2020 Cancer Cytopathology study, how was the accuracy of circulating tumor cells as a marker for lung cancer diagnosis different between the discovery, validation, and overall groups?",,>10,0.0,0.0,0.0,0.0,0.0,3092.44
healthcare,baseline_ocr,55,How did the staining patterns of p-H2AX and Ki 67 change at 24 hours post-radiation exposure of 5 Gy compared to untreated samples?,,>10,0.0,0.0,0.0,0.0,0.0,319.47
healthcare,baseline_ocr,56,What is the alteration in Lgr5 expression 24 hours following exposure to a 5 Gy radiation dose in comparison to no treatment?,,>10,0.0,0.0,0.0,0.0,0.0,600.6
healthcare,baseline_ocr,57,How do fundamental color pairings influence the capacity to distinguish colors?,8.0,6-10,0.0,0.0,0.5,0.125,0.125,278.92
healthcare,baseline_ocr,58,How do varying levels of homocysteine impact the rates of amputation and mortality in peripheral artery surgeries as per the study's findings?,4.0,2-5,0.0,0.5,0.5,0.25,0.25,272.25
healthcare,baseline_ocr,59,"In studies examining the subtraction of single digits from letter strings, what are the coordinate ranges for activation in the three dimensions?",,>10,0.0,0.0,0.0,0.0,0.0,1536.04
healthcare,baseline_ocr,60,"In the French study on cardiac rehabilitation for CHD patients, what was the number of individuals assigned to the intervention group following randomisation?",,>10,0.0,0.0,0.0,0.0,0.0,391.69
healthcare,baseline_ocr,61,How do different microbial groups like DPANN and Patescibacteria cluster when examining their distribution along principal component axes?,,>10,0.0,0.0,0.0,0.0,0.0,339.76
healthcare,baseline_ocr,62,How does the expansion of intraretinal fluid by 0.1 mm3 influence best-corrected visual acuity within the central millimeter for individuals with neovascular AMD?,,>10,0.0,0.0,0.0,0.0,0.0,303.18
healthcare,baseline_ocr,63,"In the UDN research, which symptoms had a notably different frequency between those whose applications were accepted and those who were not, after adjusting for multiple comparisons?",,>10,0.0,0.0,0.0,0.0,0.0,275.65
healthcare,baseline_ocr,64,How does the I2S percentage in Batch11 differ from that in Enoxaparin based on their saccharide compositions?,10.0,6-10,0.0,0.0,1.0,0.1,0.1,772.69
healthcare,baseline_ocr,65,"In the 2013 research on externalizing behavior disorders, how do Theory of Mind emotions relate to various developmental and self-regulatory variables in children?",,>10,0.0,0.0,0.0,0.0,0.0,2467.12
healthcare,baseline_ocr,66,"For Measurement Model 5, which considers separate AC, capacity, and SM factors, what are the NNFI and CFI results related to WM storage?",,>10,0.0,0.0,0.0,0.0,0.0,299.29
healthcare,baseline_ocr,67,How does Factor IXa's residual inhibition activity change with different levels of inhibitor in the research on S. broughtonii's anticoagulant properties?,,>10,0.0,0.0,0.0,0.0,0.0,319.91
healthcare,baseline_ocr,68,Which digits are used for encoding the National Trade Item Number in pharmaceutical GS1 standards?,,>10,0.0,0.0,0.0,0.0,0.0,260.98
healthcare,baseline_ocr,69,"In the ENRICH research, what alteration is seen in the MDASI-CML Specific Symptom Score from the first to the twelfth EOC for individuals with CML?",,>10,0.0,0.0,0.0,0.0,0.0,1118.51
healthcare,baseline_ocr,70,What impact did the administration of αCD25 and αCD4 have on the secretion levels of IFN-γ in B6 WT compared to langDTR mice in the context of DC subset analysis?,,>10,0.0,0.0,0.0,0.0,0.0,366.18
healthcare,baseline_ocr,71,In what way do SeVhAng-1 engineered MSCs impact the density of capillaries in ischemic heart regions of rats?,,>10,0.0,0.0,0.0,0.0,0.0,904.69
healthcare,baseline_ocr,72,What methods are utilized in developing concepts for integrated care technology acceptance as per Harst and colleagues' study?,,>10,0.0,0.0,0.0,0.0,0.0,568.13
healthcare,baseline_ocr,73,Which sequences are categorized within the MR exam guidelines?,,>10,0.0,0.0,0.0,0.0,0.0,318.6
healthcare,baseline_ocr,74,"In the study focusing on auricular acupuncture, which randomized group showed the most significant decrease in waist size from the beginning to the end of the study?",,>10,0.0,0.0,0.0,0.0,0.0,294.42
healthcare,baseline_ocr,75,Why were individuals not included in the ω-3 fatty acid supplementation research with EPA and DHA capsules?,,>10,0.0,0.0,0.0,0.0,0.0,275.97
healthcare,baseline_ocr,76,"In the 8-week study with LCD intervention, how did baseline QUICKI values compare across the diabetic, nondiabetic, and control participants?",,>10,0.0,0.0,0.0,0.0,0.0,260.62
healthcare,baseline_ocr,77,Can you provide the activation peak Talairach coordinates for subjects 1 through 5 when comparing letter strings to digit strings?,,>10,0.0,0.0,0.0,0.0,0.0,1918.27
healthcare,baseline_ocr,78,How was the open pelvic ring fracture managed following the high-speed injury?,,>10,0.0,0.0,0.0,0.0,0.0,448.82
healthcare,baseline_ocr,79,"What are the recognition and error rates for each grouping of body parts like wrist, upper arm, pelvis, thigh, and ankle in the research?",,>10,0.0,0.0,0.0,0.0,0.0,468.86
healthcare,baseline_ocr,80,"After concluding treatment with cyclosporine/ATG for aplastic anemia, when should vaccinations be considered?",9.0,6-10,0.0,0.0,0.5,0.1111111111111111,0.1111111111111111,1141.52
healthcare,baseline_ocr,81,"Following evaluation in the clinical study, what conditions led to participant exclusion, including duration of psychosis, treatment history, and cognitive assessment?",,>10,0.0,0.0,0.0,0.0,0.0,289.05
healthcare,baseline_ocr,82,"What are the initial IIEF score differences between the control, nondiabetic LCD, and diabetic LCD groups?",,>10,0.0,0.0,0.0,0.0,0.0,491.6
healthcare,baseline_ocr,83,How do SVR rates compare between chronic hepatitis C patients who did and did not develop cirrhosis?,6.0,6-10,0.0,0.0,0.5,0.16666666666666666,0.16666666666666666,256.92
healthcare,baseline_ocr,84,How are gene families formed in Staphylococcus aureus using techniques like CDS re-annotation and homolog filtering?,,>10,0.0,0.0,0.0,0.0,0.0,272.77
healthcare,baseline_ocr,85,"In the rat study concerning intratympanic Mesna use, what is the range of tympanic membrane thicknesses observed in the experimental cohort?",,>10,0.0,0.0,0.0,0.0,0.0,811.92
healthcare,baseline_ocr,86,"During the study on hot towel application times, which duration led to the highest frequency of being perceived as very warm: 10s, 15s, or 20s?",7.0,6-10,0.0,0.0,1.0,0.14285714285714285,0.14285714285714285,268.26
healthcare,baseline_ocr,87,"In the transfer task for WeiboNER, how does the performance of La-DTL in terms of F1-score stand against other approaches?",1.0,1,1.0,1.0,1.0,1.0,1.0,1901.5
healthcare,baseline_ocr,88,"In what way did A.B.'s memory for public occurrences change over the years relative to control participants, focusing on the period leading up to his amnesia?",,>10,0.0,0.0,0.0,0.0,0.0,770.91
healthcare,baseline_ocr,89,"In the experiment using QT6 cells with Myb, C/EBP, and PU.1 vectors, how do the luciferase activity levels of fl-Enh and min-Enh compare?",,>10,0.0,0.0,0.0,0.0,0.0,1923.17
healthcare,baseline_ocr,90,"In the research at Ibn Baja Taza Hospital, what was the psychiatric condition with the second greatest occurrence?",,>10,0.0,0.0,0.0,0.0,0.0,2677.58
healthcare,baseline_ocr,91,"What changes occur in axial force with increasing depth in phantom models, particularly at the interface of healthy and cancerous tissues?",,>10,0.0,0.0,0.0,0.0,0.0,409.33
healthcare,baseline_ocr,92,"In the publication by IntechOpen on Open Access titles, what proportion of nations received inputs from top-cited researchers?",,>10,0.0,0.0,0.0,0.0,0.0,716.42
healthcare,baseline_ocr,93,"In the study of kidney treatments, how does the relative optical density of HO-1 vary with different hypothermia protocols?",,>10,0.0,0.0,0.0,0.0,0.0,322.88
healthcare,baseline_ocr,94,"How do initial plasma glucose levels, insulin, and insulin sensitivity compare between control subjects and those on low-carbohydrate diets, with and without diabetes?",,>10,0.0,0.0,0.0,0.0,0.0,271.14
healthcare,baseline_ocr,95,How did the proportion of F4/80+CD11b+ cells in ImmTOR-Cy5 treated mice compare to those in untreated mice on the first day?,,>10,0.0,0.0,0.0,0.0,0.0,254.11
healthcare,baseline_ocr,96,"How should the timing of COVID-19 vaccination be managed for patients undergoing autologous HSCT, both prior to and following the procedure?",9.0,6-10,0.0,0.0,0.5,0.1111111111111111,0.1111111111111111,301.25
healthcare,baseline_ocr,97,What experimental evidence is linked to the function of contrast sensitivity in the context of age-related visual changes?,8.0,6-10,0.0,0.0,0.5,0.125,0.125,251.34
healthcare,baseline_ocr,98,"How did HO-1 levels change in kidney tissues across the sham, normothermia, and various hypothermia groups?",,>10,0.0,0.0,0.0,0.0,0.0,1010.43
healthcare,baseline_ocr,99,How did the initial weight percentages alter for mice given isotype control compared to those treated with aHVEM after starting the treatment over 15 days?,,>10,0.0,0.0,0.0,0.0,0.0,284.33
healthcare,proposed,0,What is the scientific meaning of the abbreviation 'L-NAME' as it relates to Nω-L-nitro arginine methyl ester?,1.0,1,1.0,1.0,1.0,1.0,1.0,629.97
healthcare,proposed,1,"In the glucocorticoid research, which reason was predominantly cited for patient exclusion involving 679 cases?",1.0,1,1.0,1.0,1.0,1.0,1.0,1092.36
healthcare,proposed,2,How long should one wait to vaccinate after completing IVIG treatment for conditions other than COVID-19 to prevent possible side effects?,1.0,1,0.5,1.0,1.0,1.0,1.0,503.38
healthcare,proposed,3,"In a cardiac rehab interval workout, what are the different stages and how long does each last?",1.0,1,1.0,1.0,1.0,1.0,1.0,467.15
healthcare,proposed,4,"According to Meng et al. (2020), how does ACEI or ARB treatment impact those with hypertension and COVID-19?",1.0,1,1.0,1.0,1.0,1.0,1.0,498.1
healthcare,proposed,5,"For individuals experiencing amnesia with a history of encephalitis examined in the 1990s, what was identified as the cause?",1.0,1,1.0,1.0,1.0,1.0,1.0,735.89
healthcare,proposed,6,In what way did the damage to the superficial femoral artery impact the surgical strategy for a high-level leg amputation?,3.0,2-5,0.0,1.0,1.0,0.3333333333333333,0.3333333333333333,485.57
healthcare,proposed,7,"Identify the reasons and initial years for memory loss in individuals A.B., L.J., E.P., and G.T. with varying spans.",1.0,1,1.0,1.0,1.0,1.0,1.0,496.81
healthcare,proposed,8,Could you provide the ISSN and edition details for the February 2014 issue of the Journal of Environmental Protection?,1.0,1,1.0,1.0,1.0,1.0,1.0,494.8
healthcare,proposed,9,How is unstructured database information transformed into a final dataset for studying breast cancer using Python?,1.0,1,1.0,1.0,1.0,1.0,1.0,487.59
healthcare,proposed,10,"In the analysis of obesity risk elements related to home and school, what are the z-scores for the group categorized as the third class for aspects such as 'TV in Room' and 'Can buy Salty Snacks at School'?",1.0,1,1.0,1.0,1.0,1.0,1.0,982.0
healthcare,proposed,11,How does A172R-exo treatment affect the spheroid size in U87 and A172 cell cultures?,1.0,1,1.0,1.0,1.0,1.0,1.0,490.38
healthcare,proposed,12,How much of the demographic distribution covers nations reached by the top recognized scientists with IntechOpen?,2.0,2-5,0.0,1.0,1.0,0.5,0.5,493.75
healthcare,proposed,13,"In the examination of A561V HERG transport, how does CRT mRNA expression in CRT-overexpressed cells compare to that in the vector control?",1.0,1,1.0,1.0,1.0,1.0,1.0,498.74
healthcare,proposed,14,"How did the tube filtration assessments turn out across the distinct diagnostic locations including G1, G2, M1, M2, P1, and P2?",1.0,1,1.0,1.0,1.0,1.0,1.0,526.33
healthcare,proposed,15,"What differences were observed in severe disease occurrence and blood markers between those on ACEI or ARB treatment and patients using alternative blood pressure medications during COVID-19, according to Meng et al. (2020)?",1.0,1,1.0,1.0,1.0,1.0,1.0,484.73
healthcare,proposed,16,"What is the impact on Cyc D* levels as ks_egr3 changes, according to the 2017 study in BMC Systems Biology?",1.0,1,1.0,1.0,1.0,1.0,1.0,703.99
healthcare,proposed,17,What impact does the expression of Egr3 have on the concentrations of Cyc D* and Cyc E* with rising ks_egr3 values?,1.0,1,1.0,1.0,1.0,1.0,1.0,488.79
healthcare,proposed,18,"In what ways does the growth of Bifidobacterium fluctuate across varied FS treatments, including FS-Pla and FS-Syn, over a timeline?",1.0,1,1.0,1.0,1.0,1.0,1.0,595.43
healthcare,proposed,19,Which symptoms are recorded for patients on the medical history page of Klinik Citra Bunda?,1.0,1,1.0,1.0,1.0,1.0,1.0,389.97
healthcare,proposed,20,How does the expression of miR-25-3p differ between A172R-exo and A172-exo within TMZ-resistant GBM cells?,1.0,1,1.0,1.0,1.0,1.0,1.0,488.98
healthcare,proposed,21,"Among the psychiatric patient demographics at Ibn Baja Taza Hospital, which age bracket shows the greatest male majority?",1.0,1,0.5,1.0,1.0,1.0,1.0,497.21
healthcare,proposed,22,How many nuclei are typically found in AX2 and AT-Kneg cells as they grow?,1.0,1,1.0,1.0,1.0,1.0,1.0,490.31
healthcare,proposed,23,"In the research on preventing cholesteatoma in rats with intratympanic Mesna, what differences are observed in tympanic bulla mucosal thickness between the experimental and control groups?",1.0,1,0.5,1.0,1.0,1.0,1.0,756.71
healthcare,proposed,24,Can you provide the ITS4 and ITS5 primer sequences applied in the genetic study of A. flavus?,1.0,1,0.5,1.0,1.0,1.0,1.0,715.47
healthcare,proposed,25,"How do the RMSEA values differ among the models assessing WM storage, and what does this indicate about their fit?",1.0,1,1.0,1.0,1.0,1.0,1.0,496.51
healthcare,proposed,26,How does Egr3 influence the proportion of cells remaining in the G0 phase as described in the BMC Systems Biology 2017 study?,1.0,1,1.0,1.0,1.0,1.0,1.0,485.22
healthcare,proposed,27,How does CARBENOXOLONE interact with NAAA and HSD11B1 based on CRISPR screening results?,1.0,1,1.0,1.0,1.0,1.0,1.0,507.64
healthcare,proposed,28,"For the GS1 DataMatrix, how is the serial number characterized in terms of type and allowable length, specifically using Application Identifier 21?",1.0,1,0.5,1.0,1.0,1.0,1.0,496.67
healthcare,proposed,29,How does introducing Egr3 influence the growth rate of cells relative to a non-transduced control?,1.0,1,1.0,1.0,1.0,1.0,1.0,472.84
healthcare,proposed,30,Which individual is listed as the chief editor in the document detailing the historical perspective on vitamin D?,1.0,1,1.0,1.0,1.0,1.0,1.0,489.68
healthcare,proposed,31,What is the difference in average monitoring duration for chronic hepatitis C patients who developed cirrhosis compared to those who did not after successful treatment?,1.0,1,0.5,1.0,1.0,1.0,1.0,493.33
healthcare,proposed,32,What effect do optimal spacing choices within text have on its ease of reading?,1.0,1,0.5,1.0,1.0,1.0,1.0,544.98
healthcare,proposed,33,"In the PEACE analysis using Kaplan-Meier estimates, what interval is noted for the coverage probability?",1.0,1,1.0,1.0,1.0,1.0,1.0,683.64
healthcare,proposed,34,What are the initial QUICKI measurements for diabetic and nondiabetic participants in the LCD intervention?,1.0,1,1.0,1.0,1.0,1.0,1.0,493.03
healthcare,proposed,35,"In the process of viral DNA packaging, how is the variation in free energy linked to the different stages along the reaction path?",1.0,1,1.0,1.0,1.0,1.0,1.0,502.92
healthcare,proposed,36,"What was the focus of the study conducted by Dr. Nadia Shafique and Prof. Nasim Chaudhry, which received approval on the 23rd of July, 2020, with the NBC code NBC-517?",1.0,1,0.5,1.0,1.0,1.0,1.0,478.79
healthcare,proposed,37,"What are the differences in the years of retrograde memory loss for A.B., L.J., E.P., and G.T.?",1.0,1,1.0,1.0,1.0,1.0,1.0,492.59
healthcare,proposed,38,"In the LCD intervention trial, how do the initial plasma total testosterone levels differ between diabetic participants and the control group?",1.0,1,1.0,1.0,1.0,1.0,1.0,735.91
healthcare,proposed,39,"Among the WM storage models, which one exhibits the smallest RMSEA?",1.0,1,1.0,1.0,1.0,1.0,1.0,497.46
healthcare,proposed,40,How are the incompressibility parameters adjusted in the iLogDemons setup when tracking heart movement?,1.0,1,0.5,1.0,1.0,1.0,1.0,486.98
healthcare,proposed,41,"How do the CAT activity levels compare in HeLa cells when transfected with the plasmids pBLCAT3, E1bTATACAT, and 4EBECAT?",1.0,1,1.0,1.0,1.0,1.0,1.0,764.0
healthcare,proposed,42,Which procedure was used to stabilize the injury from a rapid impact resulting in an open pelvic fracture?,5.0,2-5,0.0,1.0,1.0,0.2,0.2,711.44
healthcare,proposed,43,How were severe fractures in the left leg addressed following a transfemoral amputation?,1.0,1,1.0,1.0,1.0,1.0,1.0,504.09
healthcare,proposed,44,What effect does administering corticosterone have on the duration of exploration for both younger and older test subjects in the study?,1.0,1,1.0,1.0,1.0,1.0,1.0,480.73
healthcare,proposed,45,"In the case of TTC Osteotomy -001, what are the highest and lowest von-Mises stress values recorded for talus cartilage?",1.0,1,1.0,1.0,1.0,1.0,1.0,493.09
healthcare,proposed,46,What is the difference in the onset age of symptoms between approved and rejected applications in the UDN dataset?,1.0,1,0.5,1.0,1.0,1.0,0.8333333333333333,488.16
healthcare,proposed,47,"According to Table 5, what are the mean platelet levels for individuals with both positive and negative IgG anti-cardiolipin antibodies?",1.0,1,0.3333333333333333,1.0,1.0,1.0,1.0,562.89
healthcare,proposed,48,"In scientific literature, what substances are noted as inhibitors for the gene HSD11B1, where their inhibitory action is validated by the gene effect?",1.0,1,1.0,1.0,1.0,1.0,1.0,672.44
healthcare,proposed,49,How are the iLogDemons parameters configured for tracking cardiac motion in the dataset from the STACOM 2011 challenge?,1.0,1,0.5,1.0,1.0,1.0,1.0,485.73
healthcare,proposed,50,How are ages distributed among those who faced issues after circumcision?,1.0,1,0.5,1.0,1.0,1.0,0.8333333333333333,493.37
healthcare,proposed,51,"What is the effect on application processing time when altering the count of applications reviewed in each 7-day session using FIFO, Best-classifier, and Accept-first approaches?",1.0,1,1.0,1.0,1.0,1.0,1.0,1260.29
healthcare,proposed,52,"In the chart depicting pooling metrics, which of the combinations CFS, CMS, CFU, or CMU exhibits the minimum sensitivity level?",1.0,1,1.0,1.0,1.0,1.0,1.0,460.83
healthcare,proposed,53,Which approach attained the top F1-score in the WeiboNER knowledge transfer experiment as indicated in the results?,1.0,1,1.0,1.0,1.0,1.0,1.0,492.5
healthcare,proposed,54,"In the 2020 Cancer Cytopathology study, how was the accuracy of circulating tumor cells as a marker for lung cancer diagnosis different between the discovery, validation, and overall groups?",1.0,1,1.0,1.0,1.0,1.0,1.0,489.34
healthcare,proposed,55,How did the staining patterns of p-H2AX and Ki 67 change at 24 hours post-radiation exposure of 5 Gy compared to untreated samples?,1.0,1,1.0,1.0,1.0,1.0,1.0,736.83
healthcare,proposed,56,What is the alteration in Lgr5 expression 24 hours following exposure to a 5 Gy radiation dose in comparison to no treatment?,1.0,1,1.0,1.0,1.0,1.0,1.0,493.58
healthcare,proposed,57,How do fundamental color pairings influence the capacity to distinguish colors?,5.0,2-5,0.0,0.5,1.0,0.2,0.225,492.37
healthcare,proposed,58,How do varying levels of homocysteine impact the rates of amputation and mortality in peripheral artery surgeries as per the study's findings?,1.0,1,0.5,1.0,1.0,1.0,1.0,981.06
healthcare,proposed,59,"In studies examining the subtraction of single digits from letter strings, what are the coordinate ranges for activation in the three dimensions?",1.0,1,1.0,1.0,1.0,1.0,1.0,1231.45
healthcare,proposed,60,"In the French study on cardiac rehabilitation for CHD patients, what was the number of individuals assigned to the intervention group following randomisation?",2.0,2-5,0.0,1.0,1.0,0.5,0.5,492.01
healthcare,proposed,61,How do different microbial groups like DPANN and Patescibacteria cluster when examining their distribution along principal component axes?,1.0,1,1.0,1.0,1.0,1.0,1.0,559.8
healthcare,proposed,62,How does the expansion of intraretinal fluid by 0.1 mm3 influence best-corrected visual acuity within the central millimeter for individuals with neovascular AMD?,1.0,1,0.5,1.0,1.0,1.0,1.0,422.71
healthcare,proposed,63,"In the UDN research, which symptoms had a notably different frequency between those whose applications were accepted and those who were not, after adjusting for multiple comparisons?",1.0,1,0.5,1.0,1.0,1.0,0.8333333333333333,985.0
healthcare,proposed,64,How does the I2S percentage in Batch11 differ from that in Enoxaparin based on their saccharide compositions?,1.0,1,1.0,1.0,1.0,1.0,1.0,1004.19
healthcare,proposed,65,"In the 2013 research on externalizing behavior disorders, how do Theory of Mind emotions relate to various developmental and self-regulatory variables in children?",1.0,1,0.5,1.0,1.0,1.0,1.0,507.03
healthcare,proposed,66,"For Measurement Model 5, which considers separate AC, capacity, and SM factors, what are the NNFI and CFI results related to WM storage?",1.0,1,1.0,1.0,1.0,1.0,1.0,820.64
healthcare,proposed,67,How does Factor IXa's residual inhibition activity change with different levels of inhibitor in the research on S. broughtonii's anticoagulant properties?,1.0,1,1.0,1.0,1.0,1.0,1.0,496.5
healthcare,proposed,68,Which digits are used for encoding the National Trade Item Number in pharmaceutical GS1 standards?,1.0,1,0.5,1.0,1.0,1.0,1.0,1011.31
healthcare,proposed,69,"In the ENRICH research, what alteration is seen in the MDASI-CML Specific Symptom Score from the first to the twelfth EOC for individuals with CML?",1.0,1,1.0,1.0,1.0,1.0,1.0,466.89
healthcare,proposed,70,What impact did the administration of αCD25 and αCD4 have on the secretion levels of IFN-γ in B6 WT compared to langDTR mice in the context of DC subset analysis?,1.0,1,1.0,1.0,1.0,1.0,1.0,484.31
healthcare,proposed,71,In what way do SeVhAng-1 engineered MSCs impact the density of capillaries in ischemic heart regions of rats?,1.0,1,1.0,1.0,1.0,1.0,1.0,491.72
healthcare,proposed,72,What methods are utilized in developing concepts for integrated care technology acceptance as per Harst and colleagues' study?,1.0,1,1.0,1.0,1.0,1.0,1.0,738.48
healthcare,proposed,73,Which sequences are categorized within the MR exam guidelines?,6.0,6-10,0.0,0.0,1.0,0.16666666666666666,0.16666666666666666,503.47
healthcare,proposed,74,"In the study focusing on auricular acupuncture, which randomized group showed the most significant decrease in waist size from the beginning to the end of the study?",1.0,1,0.5,1.0,1.0,1.0,1.0,480.78
healthcare,proposed,75,Why were individuals not included in the ω-3 fatty acid supplementation research with EPA and DHA capsules?,1.0,1,1.0,1.0,1.0,1.0,1.0,741.05
healthcare,proposed,76,"In the 8-week study with LCD intervention, how did baseline QUICKI values compare across the diabetic, nondiabetic, and control participants?",1.0,1,1.0,1.0,1.0,1.0,1.0,1022.08
healthcare,proposed,77,Can you provide the activation peak Talairach coordinates for subjects 1 through 5 when comparing letter strings to digit strings?,1.0,1,1.0,1.0,1.0,1.0,1.0,450.15
healthcare,proposed,78,How was the open pelvic ring fracture managed following the high-speed injury?,1.0,1,1.0,1.0,1.0,1.0,1.0,1479.7
healthcare,proposed,79,"What are the recognition and error rates for each grouping of body parts like wrist, upper arm, pelvis, thigh, and ankle in the research?",1.0,1,0.5,1.0,1.0,1.0,1.0,494.63
healthcare,proposed,80,"After concluding treatment with cyclosporine/ATG for aplastic anemia, when should vaccinations be considered?",1.0,1,0.5,0.5,1.0,1.0,0.6428571428571428,480.96
healthcare,proposed,81,"Following evaluation in the clinical study, what conditions led to participant exclusion, including duration of psychosis, treatment history, and cognitive assessment?",1.0,1,1.0,1.0,1.0,1.0,1.0,493.79
healthcare,proposed,82,"What are the initial IIEF score differences between the control, nondiabetic LCD, and diabetic LCD groups?",1.0,1,1.0,1.0,1.0,1.0,1.0,519.08
healthcare,proposed,83,How do SVR rates compare between chronic hepatitis C patients who did and did not develop cirrhosis?,1.0,1,0.5,1.0,1.0,1.0,1.0,465.78
healthcare,proposed,84,How are gene families formed in Staphylococcus aureus using techniques like CDS re-annotation and homolog filtering?,1.0,1,1.0,1.0,1.0,1.0,1.0,490.26
healthcare,proposed,85,"In the rat study concerning intratympanic Mesna use, what is the range of tympanic membrane thicknesses observed in the experimental cohort?",1.0,1,0.5,1.0,1.0,1.0,1.0,488.55
healthcare,proposed,86,"During the study on hot towel application times, which duration led to the highest frequency of being perceived as very warm: 10s, 15s, or 20s?",1.0,1,1.0,1.0,1.0,1.0,1.0,518.54
healthcare,proposed,87,"In the transfer task for WeiboNER, how does the performance of La-DTL in terms of F1-score stand against other approaches?",1.0,1,1.0,1.0,1.0,1.0,1.0,472.36
healthcare,proposed,88,"In what way did A.B.'s memory for public occurrences change over the years relative to control participants, focusing on the period leading up to his amnesia?",1.0,1,1.0,1.0,1.0,1.0,1.0,764.32
healthcare,proposed,89,"In the experiment using QT6 cells with Myb, C/EBP, and PU.1 vectors, how do the luciferase activity levels of fl-Enh and min-Enh compare?",1.0,1,1.0,1.0,1.0,1.0,1.0,715.85
healthcare,proposed,90,"In the research at Ibn Baja Taza Hospital, what was the psychiatric condition with the second greatest occurrence?",1.0,1,0.5,1.0,1.0,1.0,1.0,481.68
healthcare,proposed,91,"What changes occur in axial force with increasing depth in phantom models, particularly at the interface of healthy and cancerous tissues?",,>10,0.0,0.0,0.0,0.0,0.0,535.54
healthcare,proposed,92,"In the publication by IntechOpen on Open Access titles, what proportion of nations received inputs from top-cited researchers?",1.0,1,1.0,1.0,1.0,1.0,1.0,2488.62
healthcare,proposed,93,"In the study of kidney treatments, how does the relative optical density of HO-1 vary with different hypothermia protocols?",1.0,1,1.0,1.0,1.0,1.0,1.0,424.94
healthcare,proposed,94,"How do initial plasma glucose levels, insulin, and insulin sensitivity compare between control subjects and those on low-carbohydrate diets, with and without diabetes?",1.0,1,1.0,1.0,1.0,1.0,1.0,486.27
healthcare,proposed,95,How did the proportion of F4/80+CD11b+ cells in ImmTOR-Cy5 treated mice compare to those in untreated mice on the first day?,1.0,1,1.0,1.0,1.0,1.0,1.0,595.15
healthcare,proposed,96,"How should the timing of COVID-19 vaccination be managed for patients undergoing autologous HSCT, both prior to and following the procedure?",1.0,1,0.5,1.0,1.0,1.0,1.0,388.98
healthcare,proposed,97,What experimental evidence is linked to the function of contrast sensitivity in the context of age-related visual changes?,2.0,2-5,0.0,1.0,1.0,0.5,0.5,557.06
healthcare,proposed,98,"How did HO-1 levels change in kidney tissues across the sham, normothermia, and various hypothermia groups?",1.0,1,1.0,1.0,1.0,1.0,1.0,440.53
healthcare,proposed,99,How did the initial weight percentages alter for mice given isotype control compared to those treated with aHVEM after starting the treatment over 15 days?,,>10,0.0,0.0,0.0,0.0,0.0,562.38
legal,baseline_clip,0,"In 2020, how much did the Maine Insurance Guaranty Association collect from each recovery category?",1.0,1,0.3333333333333333,0.6666666666666666,0.6666666666666666,1.0,0.8333333333333333,645.51
legal,baseline_clip,1,"In the 2020 MIGA Annual Report, how much assessment ability was estimated for 'Other' categories using 2% of the 2019 net direct written premiums?",1.0,1,0.5,1.0,1.0,1.0,1.0,434.1
legal,baseline_clip,2,"In the data compiled for 2010, which locations are reported to have over 40% of their correctional facilities under private management?",1.0,1,1.0,1.0,1.0,1.0,1.0,473.38
legal,baseline_clip,3,"In the context of the BIIAB's educational program, which substances are identified as frequently connected to unlawful acts on licensed locations?",1.0,1,1.0,1.0,1.0,1.0,1.0,492.04
legal,baseline_clip,4,For what reason is the Ombudsperson initiative by SOS Children’s Villages being established worldwide to aid individuals affected by abuse?,1.0,1,1.0,1.0,1.0,1.0,1.0,493.56
legal,baseline_clip,5,"In the 2020 authority request disclosure document, where is the discussion on Telenor Pakistan found?",2.0,2-5,0.0,1.0,1.0,0.5,0.5,490.84
legal,baseline_clip,6,"During the period from 2006 to 2016, when did the most courts establish an online presence?",1.0,1,1.0,1.0,1.0,1.0,1.0,487.89
legal,baseline_clip,7,When does the agreement between Mastar Florida Corp. and InforSense.com end according to the overview of contracts dashboard?,4.0,2-5,0.0,1.0,1.0,0.25,0.25,493.29
legal,baseline_clip,8,On what date did the Active Non-Disclosure Agreement titled 'Mutual Confidentiality Agreement' between Mastar Barcelona S.A. and Access Limited become effective?,3.0,2-5,0.0,1.0,1.0,0.3333333333333333,0.3333333333333333,490.35
legal,baseline_clip,9,"If an urgent legal document requires alt text and consent is given for later inclusion, what should the drafter do?",1.0,1,0.5,1.0,1.0,1.0,1.0,499.62
legal,baseline_clip,10,"In the contract signed by Mr. Washburn, what date is found within the termination provision?",1.0,1,1.0,1.0,1.0,1.0,1.0,499.43
legal,baseline_clip,11,"According to the Australian Institute of Criminology, what elements increase the risk of repeat sexual offenses by child sex offenders as time progresses?",1.0,1,0.25,1.0,1.0,1.0,1.0,489.04
legal,baseline_clip,12,How do the feature sets and subscription models of LegiNation's BillTrack50 compare to those of TrackBill for tracking legislative activities?,1.0,1,0.3333333333333333,1.0,1.0,1.0,1.0,486.95
legal,baseline_clip,13,Can you provide the start and end dates for the active agreements listed in the Contracts - Purchase contracts dashboard related to NDAs?,2.0,2-5,0.0,1.0,1.0,0.5,0.5,744.34
legal,baseline_clip,14,How is a significant transaction defined when it involves an Issuer borrowing or lending amounts exceeding 10% of its market value?,1.0,1,1.0,1.0,1.0,1.0,1.0,477.36
legal,baseline_clip,15,In how many instances involving claims of domestic mistreatment is unrestricted interaction with the child determined?,1.0,1,1.0,1.0,1.0,1.0,1.0,491.89
legal,baseline_clip,16,How might the use of digital trading systems introduce potential hazards according to the banking risk assessment?,1.0,1,0.5,1.0,1.0,1.0,1.0,489.73
legal,baseline_clip,17,"In Arizona's right of way, what infrastructure, associated with the Small Cell Act of 2018, is utilized for telecommunication purposes?",1.0,1,1.0,1.0,1.0,1.0,1.0,508.91
legal,baseline_clip,18,"Which conditions must a business meet in terms of revenue reduction and workforce size to qualify for the Ontario Small Business Support Grant starting December 26, 2020?",1.0,1,0.5,1.0,1.0,1.0,1.0,477.19
legal,baseline_clip,19,In what way does the Risk Assessment report illustrate the compliance conditions of different file categories?,1.0,1,1.0,1.0,1.0,1.0,1.0,488.02
legal,baseline_clip,20,What was the trend in serious road injuries in Durham from 2016 through 2020?,1.0,1,0.25,1.0,1.0,1.0,1.0,520.25
legal,baseline_clip,21,"In the context of the Half-way House program, how do rearrest, reconviction, and re-imprisonment rates differ between those who completed the program successfully and those who did not?",1.0,1,1.0,1.0,1.0,1.0,1.0,460.14
legal,baseline_clip,22,"In the recidivism analysis, how do the re-arrest percentages for those who did not complete their programs differ between the half-way house and day reporting?",1.0,1,1.0,1.0,1.0,1.0,1.0,499.88
legal,baseline_clip,23,"Where does 3M possess a trio of operations: sales, manufacturing, and technical expertise?",1.0,1,1.0,1.0,1.0,1.0,1.0,489.71
legal,baseline_clip,24,"How many people follow the Yuba County Sheriff's profiles on Facebook, Twitter, and Instagram?",1.0,1,1.0,1.0,1.0,1.0,1.0,487.21
legal,baseline_clip,25,What is the difference in the proportion of insured people between the age groups 45 to 54 and 55 to 64 based on the 2020 data from the U.S. Census Bureau?,1.0,1,1.0,1.0,1.0,1.0,1.0,490.74
legal,baseline_clip,26,"In the context of federally funded initiatives, which activities are considered suitable for direct cost allocation, including research data management and extensive administrative effort?",1.0,1,0.5,1.0,1.0,1.0,1.0,505.37
legal,baseline_clip,27,"Which subjects are covered in the Amnesty International document discussing changes to Poland's judicial system, addressing issues like the Supreme Court?",1.0,1,0.3333333333333333,1.0,1.0,1.0,1.0,480.79
legal,baseline_clip,28,Who are the law enforcement officers at the trial of Richard Daschbach in Oecusse?,1.0,1,1.0,1.0,1.0,1.0,1.0,503.59
legal,baseline_clip,29,"How old, on average, are the individuals involved in the report from the Specialized Dockets Section of Ohio's Supreme Court?",1.0,1,0.5,1.0,1.0,1.0,1.0,475.82
legal,baseline_clip,30,When do the agreements involving Master International and Wolters Kluwer Belgium start and end?,1.0,1,1.0,1.0,1.0,1.0,1.0,503.54
legal,baseline_clip,31,Which accolade did Entain receive in 2020 for its commitment to responsible gambling at the EGR event?,1.0,1,1.0,1.0,1.0,1.0,1.0,481.83
legal,baseline_clip,32,"In the context of Rueda and Emmenegger's findings, how does one's employment condition impact their propensity to support major right-wing parties?",1.0,1,1.0,1.0,1.0,1.0,1.0,496.57
legal,baseline_clip,33,How does European Directive 2014/59/EU describe the dangers linked to investing in unsecured credit institution instruments?,1.0,1,0.5,1.0,1.0,1.0,1.0,487.3
legal,baseline_clip,34,When does the contract named 'BUSINESS AGREEMENT' between Mastar Florida Corp. and InforSense.com terminate according to the contract overview?,5.0,2-5,0.0,1.0,1.0,0.2,0.2,493.1
legal,baseline_clip,35,"In the 2020 report on authority requests, which pages cover Telenor's activities in both Bangladesh and Norway?",1.0,1,0.5,1.0,1.0,1.0,1.0,493.66
legal,baseline_clip,36,"When is the shareholder assembly for the Natural Gas Services Group, Inc. set to occur, including its specific time?",1.0,1,1.0,1.0,1.0,1.0,1.0,493.22
legal,baseline_clip,37,"What led to the court's decision to overturn and return the case involving Maimouna Barry against US Airways Group, Inc.?",1.0,1,0.3333333333333333,1.0,1.0,1.0,1.0,487.14
legal,baseline_clip,38,"In the 'Collaborating for Freedom' analysis, which funding type decreased from 2017 to 2019?",1.0,1,1.0,1.0,1.0,1.0,1.0,492.17
legal,baseline_clip,39,"Until what date could businesses apply for the Ontario grant supporting small enterprises impacted by the shutdown starting on December 26, 2020?",1.0,1,0.5,1.0,1.0,1.0,1.0,490.61
legal,baseline_clip,40,Who is listed as the approver for the CCTV Policy's implementation at the Tower Learning Centre in the review details?,1.0,1,1.0,1.0,1.0,1.0,1.0,494.41
legal,baseline_clip,41,Which organization is connected to the Sprout Anarchist group located in Grand Rapids?,1.0,1,1.0,1.0,1.0,1.0,1.0,486.37
legal,baseline_clip,42,"For the NFA group modeled with a Mixture Exponential distribution, how does the chance of arrest in the upcoming year, given it hasn't happened yet, change over the first eight years?",1.0,1,1.0,1.0,1.0,1.0,1.0,496.63
legal,baseline_clip,43,"Among U.S. adolescents, what is the proportion that favors Snapchat over other platforms like YouTube?",1.0,1,1.0,1.0,1.0,1.0,1.0,487.35
legal,baseline_clip,44,At what stage is alt text required for images in a principal or amending Bill according to the Federal Register procedures?,1.0,1,0.5,1.0,1.0,1.0,1.0,492.67
legal,baseline_clip,45,"As of March 31, 2021, what is the cumulative balance for the Chamber of Tax Consultants accounting for all specified memberships and designated funds?",1.0,1,0.3333333333333333,1.0,1.0,1.0,1.0,496.33
legal,baseline_clip,46,How were the mobile devices affected following their seizure by Croatian authorities using aerial assistance?,1.0,1,1.0,1.0,1.0,1.0,1.0,488.04
legal,baseline_clip,47,How does understanding of coercive control vary among different age groups?,1.0,1,1.0,1.0,1.0,1.0,1.0,490.53
legal,baseline_clip,48,"At what time and through what method will the Governance Committee of Sullivan County Infrastructure LDC convene on December 23, 2020?",1.0,1,0.3333333333333333,1.0,1.0,1.0,1.0,493.16
legal,baseline_clip,49,How do the initial costs and ongoing fees compare between Retirement Village and Sterling New Life for elderly accommodation options?,1.0,1,1.0,1.0,1.0,1.0,1.0,489.67
legal,baseline_clip,50,"What is mentioned concerning gender terminology in the Council's policy reapproved in May 2021, based on a September 2018 directive?",1.0,1,0.3333333333333333,0.6666666666666666,1.0,1.0,0.8333333333333334,492.67
legal,baseline_clip,51,When does the corporate software license agreement between Master International Holding B.V. and Wolters Kluwer Belgium conclude?,3.0,2-5,0.0,1.0,1.0,0.3333333333333333,0.3333333333333333,500.33
legal,baseline_clip,52,How many people are employed worldwide by 3M in the current year?,1.0,1,1.0,1.0,1.0,1.0,1.0,494.19
legal,baseline_clip,53,"According to the 2020 data from the American Community Survey, what is the insured percentage for those aged 65 and above?",1.0,1,1.0,1.0,1.0,1.0,1.0,491.17
legal,baseline_clip,54,What inquiry is made to the electorate concerning the possible merger of the Mesa Water District with the Costa Mesa Sanitary District in the advisory ballot?,1.0,1,0.5,1.0,1.0,1.0,1.0,490.92
legal,baseline_clip,55,What were the reasons for partially upholding and partially overturning the ruling in the Wal-Mart vs. Sweasy case labeled 2008-CA-001571-WC?,1.0,1,0.3333333333333333,1.0,1.0,1.0,1.0,482.05
legal,baseline_clip,56,"What key approaches are utilized by SOS Children’s Villages to aid young individuals affected by mistreatment, such as the safeguarding and empowerment initiatives?",1.0,1,1.0,1.0,1.0,1.0,1.0,494.06
legal,baseline_clip,57,"In the disciplinary procedure, what is the function of the Headteacher alongside the Chair of Governors at the Written Warning Meeting stage?",1.0,1,1.0,1.0,1.0,1.0,1.0,488.13
legal,baseline_clip,58,What was the total amount assigned to the legal referral initiative by the Law Foundation of Newfoundland and Labrador over the years 1980 to 2014?,1.0,1,0.5,1.0,1.0,1.0,1.0,495.25
legal,baseline_clip,59,What is the date when the preliminary inquiry was submitted in Case C-20/21 against a Polish airline company?,1.0,1,1.0,1.0,1.0,1.0,1.0,486.21
legal,baseline_clip,60,"In business risk evaluations, what weaknesses are connected to the absence of fire detection mechanisms?",1.0,1,1.0,1.0,1.0,1.0,1.0,495.63
legal,baseline_clip,61,"What was the transformation in Peru's economic output from 1970, set as the baseline, to 2010?",1.0,1,1.0,1.0,1.0,1.0,1.0,496.39
legal,baseline_clip,62,What differences are observed in the detection of amphetamine when comparing 'high spiked' and 'low spiked' marks in fingermark analysis at m/z 368.4?,1.0,1,1.0,1.0,1.0,1.0,1.0,484.36
legal,baseline_clip,63,"How did the availability of N95 masks change for healthcare staff in Ontario on October 8, 2020, amid the pandemic?",1.0,1,0.25,1.0,1.0,1.0,0.95,492.81
legal,baseline_clip,64,Which principal topics are highlighted in the second section of the Ninth Programme of Law Reform by the Scottish Law Commission?,1.0,1,0.3333333333333333,0.6666666666666666,0.6666666666666666,1.0,1.0,495.22
legal,baseline_clip,65,"Based on the July 2021 report from the Australian Institute of Criminology, what factors and periods are linked to sexual reoffending in child sex offenders?",1.0,1,0.25,1.0,1.0,1.0,1.0,489.49
legal,baseline_clip,66,"What were the conclusions or decisions in the dispute between Mark Steven Thomas and Rita Rose Thomas, case number 2008-CA-001036-ME, regarding the opinion result?",1.0,1,0.3333333333333333,1.0,1.0,1.0,1.0,491.22
legal,baseline_clip,67,How does the whistleblowing policy document describe the guiding principle of Slindon College?,1.0,1,1.0,1.0,1.0,1.0,1.0,492.76
legal,baseline_clip,68,Which standards connected to the Wise Giving Alliance are referenced in the Legal Review by the Native American Rights Fund?,1.0,1,1.0,1.0,1.0,1.0,1.0,489.72
legal,baseline_clip,69,"How are CSOs involved in initiatives such as FSC, FLEGT, EITI, and the Kimberley Process concerning resource governance?",1.0,1,0.5,1.0,1.0,1.0,1.0,498.2
legal,baseline_clip,70,"What was the outcome determined by the Kentucky appellate court regarding the legal matter involving James Wesley Heady, identified as case number 2008-CA-001976-MR?",1.0,1,0.3333333333333333,1.0,1.0,1.0,1.0,486.71
legal,baseline_clip,71,What details are specified on the tags of standard DuraPro connectors for toilet tanks featuring plastic coupling nuts?,1.0,1,1.0,1.0,1.0,1.0,1.0,542.45
legal,baseline_clip,72,"What responsibilities are outlined in the proxy voting procedure for choosing directors and deciding on executive pay at Natural Gas Services Group, Inc.'s 2021 meeting?",1.0,1,0.25,1.0,1.0,1.0,1.0,446.54
legal,baseline_clip,73,"According to the evaluation chart, what risk classification corresponds to a score of 80.7% on social media performance?",1.0,1,1.0,1.0,1.0,1.0,1.0,492.73
legal,baseline_clip,74,"What shifts occurred in the participation of various entities in anti-slavery collaborations from 2017 to 2019, focusing on the contributions of non-governmental organizations, local government bodies, and law enforcement?",1.0,1,1.0,1.0,1.0,1.0,1.0,728.79
legal,baseline_clip,75,How did 3M allocate its supplier spending globally from 2016 to 2020?,1.0,1,1.0,1.0,1.0,1.0,1.0,497.38
legal,baseline_clip,76,How does the prescription rate of psychotropic drugs differ between male and female youths in Virginia's juvenile detention facilities?,1.0,1,1.0,1.0,1.0,1.0,1.0,511.49
legal,baseline_clip,77,"In instances involving claims of domestic abuse, how often was no contact directive issued?",1.0,1,1.0,1.0,1.0,1.0,1.0,699.76
legal,baseline_clip,78,What impact did the events from the T Day Ordinance through Takeshima Days between 2005 and 2015 have on material conflicts between Japan and South Korea?,1.0,1,1.0,1.0,1.0,1.0,1.0,509.48
legal,baseline_clip,79,How does the Sterling New Life plan financially benefit seniors as opposed to conventional retirement communities?,1.0,1,1.0,1.0,1.0,1.0,1.0,491.38
legal,baseline_clip,80,When did the contractual agreement with ABC Inc. regarding Corporate software start?,1.0,1,1.0,1.0,1.0,1.0,1.0,499.8
legal,baseline_clip,81,What is the difference in total hours between disciplinary and other cases as specified in Provision 7's subdivisions (d)(1) through (d)(4)?,1.0,1,1.0,1.0,1.0,1.0,1.0,486.81
legal,baseline_clip,82,What are the key objectives outlined for groups focused on freeing occupied regions and dismantling adversary nations?,1.0,1,0.3333333333333333,1.0,1.0,1.0,0.9166666666666666,497.43
legal,baseline_clip,83,What causes unsecured bond investors to face drawbacks versus depositors under the EU directive related to financial institution recovery?,1.0,1,0.5,1.0,1.0,1.0,1.0,730.05
legal,baseline_clip,84,"Which parties are appealing in the cases identified by the numbers 20027685 and 20027841, associated with Costco and BRE RC Maui Kapalua LLC?",1.0,1,1.0,1.0,1.0,1.0,1.0,516.8
legal,baseline_clip,85,What ruling was made in the case numbered 2008-CA-001571-WC related to Wal-Mart Stores and a workers' compensation dispute?,1.0,1,0.3333333333333333,1.0,1.0,1.0,0.9166666666666666,464.81
legal,baseline_clip,86,Identify the appellant company linked to TMK 3-8-079-022-0000 in the case number 20027685.,1.0,1,1.0,1.0,1.0,1.0,1.0,494.22
legal,baseline_clip,87,"How does Ontario's Main Street Relief Grant assist enterprises affected by the public health restrictions declared on October 9, 2020?",1.0,1,0.5,1.0,1.0,1.0,1.0,488.23
legal,baseline_clip,88,"According to the risk evaluation dated August 4, 2025, what percentage represents the candidate's LinkedIn social risk level?",1.0,1,1.0,1.0,1.0,1.0,1.0,499.35
legal,baseline_clip,89,"What amount was collected over the year as Life Membership Fees based on the financial report of the Chamber of Tax Consultants ending March 31, 2021?",1.0,1,0.3333333333333333,1.0,1.0,1.0,1.0,487.77
legal,baseline_clip,90,"How long, on average, was the abuse committed by priests in relation to the count of victims affected?",1.0,1,1.0,1.0,1.0,1.0,1.0,486.72
legal,baseline_clip,91,What is the signing date of the contract between Mr. Washburn and the City of Osage Beach?,1.0,1,1.0,1.0,1.0,1.0,1.0,487.53
legal,baseline_clip,92,Which parts are listed under the coaching segment for intramural matches in the 2013 Fall guide of the Valley Stream Soccer Club for parents and coaches?,1.0,1,0.5,1.0,1.0,1.0,1.0,495.65
legal,baseline_clip,93,"Between 2017 and 2019, which funding source for partnerships saw the biggest decline, specifically in terms of government contributions?",1.0,1,1.0,1.0,1.0,1.0,1.0,500.73
legal,baseline_clip,94,Identify the chapter titles and numbers listed in the first section of ISO/IEC 17021–1:2015.,1.0,1,1.0,1.0,1.0,1.0,1.0,491.33
legal,baseline_clip,95,"When does the business contract between Mastar Denmark AB and its associated party conclude, according to the Contracts dashboard details?",4.0,2-5,0.0,1.0,1.0,0.25,0.25,483.09
legal,baseline_clip,96,How does the insurance rate differ between those aged 26 to 34 and those from 35 to 44 based on census data?,1.0,1,1.0,1.0,1.0,1.0,1.0,494.47
legal,baseline_clip,97,"According to Baltic International Bank's financial instruments details, what potential losses arise from conducting trades beyond standard session times?",1.0,1,0.5,1.0,1.0,1.0,1.0,491.76
legal,baseline_clip,98,What are the comparative statistics for racial groups between the general U.S. demographics and those incarcerated?,1.0,1,1.0,1.0,1.0,1.0,1.0,489.11
legal,baseline_clip,99,What was the total number of service calls managed by the YCSO in 2018 based on their records?,1.0,1,1.0,1.0,1.0,1.0,1.0,489.01
legal,baseline_ocr,0,"In 2020, how much did the Maine Insurance Guaranty Association collect from each recovery category?",,>10,0.0,0.0,0.0,0.0,0.0,1014.04
legal,baseline_ocr,1,"In the 2020 MIGA Annual Report, how much assessment ability was estimated for 'Other' categories using 2% of the 2019 net direct written premiums?",,>10,0.0,0.0,0.0,0.0,0.0,754.13
legal,baseline_ocr,2,"In the data compiled for 2010, which locations are reported to have over 40% of their correctional facilities under private management?",,>10,0.0,0.0,0.0,0.0,0.0,344.99
legal,baseline_ocr,3,"In the context of the BIIAB's educational program, which substances are identified as frequently connected to unlawful acts on licensed locations?",,>10,0.0,0.0,0.0,0.0,0.0,3205.38
legal,baseline_ocr,4,For what reason is the Ombudsperson initiative by SOS Children’s Villages being established worldwide to aid individuals affected by abuse?,,>10,0.0,0.0,0.0,0.0,0.0,260.06
legal,baseline_ocr,5,"In the 2020 authority request disclosure document, where is the discussion on Telenor Pakistan found?",,>10,0.0,0.0,0.0,0.0,0.0,318.08
legal,baseline_ocr,6,"During the period from 2006 to 2016, when did the most courts establish an online presence?",,>10,0.0,0.0,0.0,0.0,0.0,324.72
legal,baseline_ocr,7,When does the agreement between Mastar Florida Corp. and InforSense.com end according to the overview of contracts dashboard?,,>10,0.0,0.0,0.0,0.0,0.0,834.96
legal,baseline_ocr,8,On what date did the Active Non-Disclosure Agreement titled 'Mutual Confidentiality Agreement' between Mastar Barcelona S.A. and Access Limited become effective?,8.0,6-10,0.0,0.0,1.0,0.125,0.125,709.46
legal,baseline_ocr,9,"If an urgent legal document requires alt text and consent is given for later inclusion, what should the drafter do?",,>10,0.0,0.0,0.0,0.0,0.0,383.71
legal,baseline_ocr,10,"In the contract signed by Mr. Washburn, what date is found within the termination provision?",,>10,0.0,0.0,0.0,0.0,0.0,317.06
legal,baseline_ocr,11,"According to the Australian Institute of Criminology, what elements increase the risk of repeat sexual offenses by child sex offenders as time progresses?",,>10,0.0,0.0,0.0,0.0,0.0,1140.38
legal,baseline_ocr,12,How do the feature sets and subscription models of LegiNation's BillTrack50 compare to those of TrackBill for tracking legislative activities?,,>10,0.0,0.0,0.0,0.0,0.0,360.32
legal,baseline_ocr,13,Can you provide the start and end dates for the active agreements listed in the Contracts - Purchase contracts dashboard related to NDAs?,,>10,0.0,0.0,0.0,0.0,0.0,321.15
legal,baseline_ocr,14,How is a significant transaction defined when it involves an Issuer borrowing or lending amounts exceeding 10% of its market value?,7.0,6-10,0.0,0.0,1.0,0.14285714285714285,0.14285714285714285,1269.57
legal,baseline_ocr,15,In how many instances involving claims of domestic mistreatment is unrestricted interaction with the child determined?,,>10,0.0,0.0,0.0,0.0,0.0,471.65
legal,baseline_ocr,16,How might the use of digital trading systems introduce potential hazards according to the banking risk assessment?,,>10,0.0,0.0,0.0,0.0,0.0,333.9
legal,baseline_ocr,17,"In Arizona's right of way, what infrastructure, associated with the Small Cell Act of 2018, is utilized for telecommunication purposes?",,>10,0.0,0.0,0.0,0.0,0.0,423.29
legal,baseline_ocr,18,"Which conditions must a business meet in terms of revenue reduction and workforce size to qualify for the Ontario Small Business Support Grant starting December 26, 2020?",,>10,0.0,0.0,0.0,0.0,0.0,252.85
legal,baseline_ocr,19,In what way does the Risk Assessment report illustrate the compliance conditions of different file categories?,,>10,0.0,0.0,0.0,0.0,0.0,297.43
legal,baseline_ocr,20,What was the trend in serious road injuries in Durham from 2016 through 2020?,,>10,0.0,0.0,0.0,0.0,0.0,1594.42
legal,baseline_ocr,21,"In the context of the Half-way House program, how do rearrest, reconviction, and re-imprisonment rates differ between those who completed the program successfully and those who did not?",,>10,0.0,0.0,0.0,0.0,0.0,1336.73
legal,baseline_ocr,22,"In the recidivism analysis, how do the re-arrest percentages for those who did not complete their programs differ between the half-way house and day reporting?",,>10,0.0,0.0,0.0,0.0,0.0,344.69
legal,baseline_ocr,23,"Where does 3M possess a trio of operations: sales, manufacturing, and technical expertise?",,>10,0.0,0.0,0.0,0.0,0.0,293.03
legal,baseline_ocr,24,"How many people follow the Yuba County Sheriff's profiles on Facebook, Twitter, and Instagram?",4.0,2-5,0.0,1.0,1.0,0.25,0.25,316.3
legal,baseline_ocr,25,What is the difference in the proportion of insured people between the age groups 45 to 54 and 55 to 64 based on the 2020 data from the U.S. Census Bureau?,,>10,0.0,0.0,0.0,0.0,0.0,603.38
legal,baseline_ocr,26,"In the context of federally funded initiatives, which activities are considered suitable for direct cost allocation, including research data management and extensive administrative effort?",,>10,0.0,0.0,0.0,0.0,0.0,1825.17
legal,baseline_ocr,27,"Which subjects are covered in the Amnesty International document discussing changes to Poland's judicial system, addressing issues like the Supreme Court?",3.0,2-5,0.0,0.3333333333333333,0.3333333333333333,0.3333333333333333,0.3333333333333333,271.38
legal,baseline_ocr,28,Who are the law enforcement officers at the trial of Richard Daschbach in Oecusse?,,>10,0.0,0.0,0.0,0.0,0.0,327.52
legal,baseline_ocr,29,"How old, on average, are the individuals involved in the report from the Specialized Dockets Section of Ohio's Supreme Court?",,>10,0.0,0.0,0.0,0.0,0.0,1173.95
legal,baseline_ocr,30,When do the agreements involving Master International and Wolters Kluwer Belgium start and end?,,>10,0.0,0.0,0.0,0.0,0.0,390.58
legal,baseline_ocr,31,Which accolade did Entain receive in 2020 for its commitment to responsible gambling at the EGR event?,,>10,0.0,0.0,0.0,0.0,0.0,309.01
legal,baseline_ocr,32,"In the context of Rueda and Emmenegger's findings, how does one's employment condition impact their propensity to support major right-wing parties?",,>10,0.0,0.0,0.0,0.0,0.0,1045.68
legal,baseline_ocr,33,How does European Directive 2014/59/EU describe the dangers linked to investing in unsecured credit institution instruments?,,>10,0.0,0.0,0.0,0.0,0.0,285.39
legal,baseline_ocr,34,When does the contract named 'BUSINESS AGREEMENT' between Mastar Florida Corp. and InforSense.com terminate according to the contract overview?,,>10,0.0,0.0,0.0,0.0,0.0,948.98
legal,baseline_ocr,35,"In the 2020 report on authority requests, which pages cover Telenor's activities in both Bangladesh and Norway?",,>10,0.0,0.0,0.0,0.0,0.0,300.69
legal,baseline_ocr,36,"When is the shareholder assembly for the Natural Gas Services Group, Inc. set to occur, including its specific time?",2.0,2-5,0.0,1.0,1.0,0.5,0.5,592.03
legal,baseline_ocr,37,"What led to the court's decision to overturn and return the case involving Maimouna Barry against US Airways Group, Inc.?",,>10,0.0,0.0,0.0,0.0,0.0,402.76
legal,baseline_ocr,38,"In the 'Collaborating for Freedom' analysis, which funding type decreased from 2017 to 2019?",,>10,0.0,0.0,0.0,0.0,0.0,308.68
legal,baseline_ocr,39,"Until what date could businesses apply for the Ontario grant supporting small enterprises impacted by the shutdown starting on December 26, 2020?",,>10,0.0,0.0,0.0,0.0,0.0,265.92
legal,baseline_ocr,40,Who is listed as the approver for the CCTV Policy's implementation at the Tower Learning Centre in the review details?,,>10,0.0,0.0,0.0,0.0,0.0,445.21
legal,baseline_ocr,41,Which organization is connected to the Sprout Anarchist group located in Grand Rapids?,1.0,1,1.0,1.0,1.0,1.0,1.0,263.52
legal,baseline_ocr,42,"For the NFA group modeled with a Mixture Exponential distribution, how does the chance of arrest in the upcoming year, given it hasn't happened yet, change over the first eight years?",,>10,0.0,0.0,0.0,0.0,0.0,291.16
legal,baseline_ocr,43,"Among U.S. adolescents, what is the proportion that favors Snapchat over other platforms like YouTube?",,>10,0.0,0.0,0.0,0.0,0.0,690.75
legal,baseline_ocr,44,At what stage is alt text required for images in a principal or amending Bill according to the Federal Register procedures?,,>10,0.0,0.0,0.0,0.0,0.0,304.51
legal,baseline_ocr,45,"As of March 31, 2021, what is the cumulative balance for the Chamber of Tax Consultants accounting for all specified memberships and designated funds?",,>10,0.0,0.0,0.0,0.0,0.0,408.58
legal,baseline_ocr,46,How were the mobile devices affected following their seizure by Croatian authorities using aerial assistance?,,>10,0.0,0.0,0.0,0.0,0.0,576.23
legal,baseline_ocr,47,How does understanding of coercive control vary among different age groups?,,>10,0.0,0.0,0.0,0.0,0.0,319.06
legal,baseline_ocr,48,"At what time and through what method will the Governance Committee of Sullivan County Infrastructure LDC convene on December 23, 2020?",,>10,0.0,0.0,0.0,0.0,0.0,249.53
legal,baseline_ocr,49,How do the initial costs and ongoing fees compare between Retirement Village and Sterling New Life for elderly accommodation options?,,>10,0.0,0.0,0.0,0.0,0.0,1691.39
legal,baseline_ocr,50,"What is mentioned concerning gender terminology in the Council's policy reapproved in May 2021, based on a September 2018 directive?",6.0,6-10,0.0,0.0,0.3333333333333333,0.16666666666666666,0.16666666666666666,395.51
legal,baseline_ocr,51,When does the corporate software license agreement between Master International Holding B.V. and Wolters Kluwer Belgium conclude?,8.0,6-10,0.0,0.0,1.0,0.125,0.125,1445.47
legal,baseline_ocr,52,How many people are employed worldwide by 3M in the current year?,,>10,0.0,0.0,0.0,0.0,0.0,1336.0
legal,baseline_ocr,53,"According to the 2020 data from the American Community Survey, what is the insured percentage for those aged 65 and above?",,>10,0.0,0.0,0.0,0.0,0.0,316.07
legal,baseline_ocr,54,What inquiry is made to the electorate concerning the possible merger of the Mesa Water District with the Costa Mesa Sanitary District in the advisory ballot?,,>10,0.0,0.0,0.0,0.0,0.0,272.22
legal,baseline_ocr,55,What were the reasons for partially upholding and partially overturning the ruling in the Wal-Mart vs. Sweasy case labeled 2008-CA-001571-WC?,,>10,0.0,0.0,0.0,0.0,0.0,255.19
legal,baseline_ocr,56,"What key approaches are utilized by SOS Children’s Villages to aid young individuals affected by mistreatment, such as the safeguarding and empowerment initiatives?",,>10,0.0,0.0,0.0,0.0,0.0,268.09
legal,baseline_ocr,57,"In the disciplinary procedure, what is the function of the Headteacher alongside the Chair of Governors at the Written Warning Meeting stage?",,>10,0.0,0.0,0.0,0.0,0.0,379.3
legal,baseline_ocr,58,What was the total amount assigned to the legal referral initiative by the Law Foundation of Newfoundland and Labrador over the years 1980 to 2014?,,>10,0.0,0.0,0.0,0.0,0.0,5876.51
legal,baseline_ocr,59,What is the date when the preliminary inquiry was submitted in Case C-20/21 against a Polish airline company?,,>10,0.0,0.0,0.0,0.0,0.0,279.55
legal,baseline_ocr,60,"In business risk evaluations, what weaknesses are connected to the absence of fire detection mechanisms?",10.0,6-10,0.0,0.0,1.0,0.1,0.1,345.83
legal,baseline_ocr,61,"What was the transformation in Peru's economic output from 1970, set as the baseline, to 2010?",,>10,0.0,0.0,0.0,0.0,0.0,1421.73
legal,baseline_ocr,62,What differences are observed in the detection of amphetamine when comparing 'high spiked' and 'low spiked' marks in fingermark analysis at m/z 368.4?,,>10,0.0,0.0,0.0,0.0,0.0,467.75
legal,baseline_ocr,63,"How did the availability of N95 masks change for healthcare staff in Ontario on October 8, 2020, amid the pandemic?",,>10,0.0,0.0,0.0,0.0,0.0,289.82
legal,baseline_ocr,64,Which principal topics are highlighted in the second section of the Ninth Programme of Law Reform by the Scottish Law Commission?,,>10,0.0,0.0,0.0,0.0,0.0,240.14
legal,baseline_ocr,65,"Based on the July 2021 report from the Australian Institute of Criminology, what factors and periods are linked to sexual reoffending in child sex offenders?",,>10,0.0,0.0,0.0,0.0,0.0,373.71
legal,baseline_ocr,66,"What were the conclusions or decisions in the dispute between Mark Steven Thomas and Rita Rose Thomas, case number 2008-CA-001036-ME, regarding the opinion result?",,>10,0.0,0.0,0.0,0.0,0.0,282.34
legal,baseline_ocr,67,How does the whistleblowing policy document describe the guiding principle of Slindon College?,,>10,0.0,0.0,0.0,0.0,0.0,373.96
legal,baseline_ocr,68,Which standards connected to the Wise Giving Alliance are referenced in the Legal Review by the Native American Rights Fund?,,>10,0.0,0.0,0.0,0.0,0.0,4405.14
legal,baseline_ocr,69,"How are CSOs involved in initiatives such as FSC, FLEGT, EITI, and the Kimberley Process concerning resource governance?",9.0,6-10,0.0,0.0,0.5,0.1111111111111111,0.1111111111111111,269.36
legal,baseline_ocr,70,"What was the outcome determined by the Kentucky appellate court regarding the legal matter involving James Wesley Heady, identified as case number 2008-CA-001976-MR?",,>10,0.0,0.0,0.0,0.0,0.0,304.81
legal,baseline_ocr,71,What details are specified on the tags of standard DuraPro connectors for toilet tanks featuring plastic coupling nuts?,,>10,0.0,0.0,0.0,0.0,0.0,1043.45
legal,baseline_ocr,72,"What responsibilities are outlined in the proxy voting procedure for choosing directors and deciding on executive pay at Natural Gas Services Group, Inc.'s 2021 meeting?",2.0,2-5,0.0,0.25,0.25,0.5,0.5,323.41
legal,baseline_ocr,73,"According to the evaluation chart, what risk classification corresponds to a score of 80.7% on social media performance?",,>10,0.0,0.0,0.0,0.0,0.0,503.55
legal,baseline_ocr,74,"What shifts occurred in the participation of various entities in anti-slavery collaborations from 2017 to 2019, focusing on the contributions of non-governmental organizations, local government bodies, and law enforcement?",,>10,0.0,0.0,0.0,0.0,0.0,331.82
legal,baseline_ocr,75,How did 3M allocate its supplier spending globally from 2016 to 2020?,,>10,0.0,0.0,0.0,0.0,0.0,373.03
legal,baseline_ocr,76,How does the prescription rate of psychotropic drugs differ between male and female youths in Virginia's juvenile detention facilities?,,>10,0.0,0.0,0.0,0.0,0.0,276.05
legal,baseline_ocr,77,"In instances involving claims of domestic abuse, how often was no contact directive issued?",,>10,0.0,0.0,0.0,0.0,0.0,578.3
legal,baseline_ocr,78,What impact did the events from the T Day Ordinance through Takeshima Days between 2005 and 2015 have on material conflicts between Japan and South Korea?,5.0,2-5,0.0,1.0,1.0,0.2,0.2,726.29
legal,baseline_ocr,79,How does the Sterling New Life plan financially benefit seniors as opposed to conventional retirement communities?,,>10,0.0,0.0,0.0,0.0,0.0,313.24
legal,baseline_ocr,80,When did the contractual agreement with ABC Inc. regarding Corporate software start?,,>10,0.0,0.0,0.0,0.0,0.0,928.94
legal,baseline_ocr,81,What is the difference in total hours between disciplinary and other cases as specified in Provision 7's subdivisions (d)(1) through (d)(4)?,,>10,0.0,0.0,0.0,0.0,0.0,295.98
legal,baseline_ocr,82,What are the key objectives outlined for groups focused on freeing occupied regions and dismantling adversary nations?,,>10,0.0,0.0,0.0,0.0,0.0,927.98
legal,baseline_ocr,83,What causes unsecured bond investors to face drawbacks versus depositors under the EU directive related to financial institution recovery?,,>10,0.0,0.0,0.0,0.0,0.0,248.3
legal,baseline_ocr,84,"Which parties are appealing in the cases identified by the numbers 20027685 and 20027841, associated with Costco and BRE RC Maui Kapalua LLC?",,>10,0.0,0.0,0.0,0.0,0.0,358.11
legal,baseline_ocr,85,What ruling was made in the case numbered 2008-CA-001571-WC related to Wal-Mart Stores and a workers' compensation dispute?,,>10,0.0,0.0,0.0,0.0,0.0,2079.33
legal,baseline_ocr,86,Identify the appellant company linked to TMK 3-8-079-022-0000 in the case number 20027685.,,>10,0.0,0.0,0.0,0.0,0.0,1626.91
legal,baseline_ocr,87,"How does Ontario's Main Street Relief Grant assist enterprises affected by the public health restrictions declared on October 9, 2020?",,>10,0.0,0.0,0.0,0.0,0.0,326.36
legal,baseline_ocr,88,"According to the risk evaluation dated August 4, 2025, what percentage represents the candidate's LinkedIn social risk level?",,>10,0.0,0.0,0.0,0.0,0.0,298.05
legal,baseline_ocr,89,"What amount was collected over the year as Life Membership Fees based on the financial report of the Chamber of Tax Consultants ending March 31, 2021?",,>10,0.0,0.0,0.0,0.0,0.0,336.73
legal,baseline_ocr,90,"How long, on average, was the abuse committed by priests in relation to the count of victims affected?",,>10,0.0,0.0,0.0,0.0,0.0,294.12
legal,baseline_ocr,91,What is the signing date of the contract between Mr. Washburn and the City of Osage Beach?,,>10,0.0,0.0,0.0,0.0,0.0,343.55
legal,baseline_ocr,92,Which parts are listed under the coaching segment for intramural matches in the 2013 Fall guide of the Valley Stream Soccer Club for parents and coaches?,,>10,0.0,0.0,0.0,0.0,0.0,266.5
legal,baseline_ocr,93,"Between 2017 and 2019, which funding source for partnerships saw the biggest decline, specifically in terms of government contributions?",,>10,0.0,0.0,0.0,0.0,0.0,258.58
legal,baseline_ocr,94,Identify the chapter titles and numbers listed in the first section of ISO/IEC 17021–1:2015.,,>10,0.0,0.0,0.0,0.0,0.0,437.36
legal,baseline_ocr,95,"When does the business contract between Mastar Denmark AB and its associated party conclude, according to the Contracts dashboard details?",,>10,0.0,0.0,0.0,0.0,0.0,493.2
legal,baseline_ocr,96,How does the insurance rate differ between those aged 26 to 34 and those from 35 to 44 based on census data?,,>10,0.0,0.0,0.0,0.0,0.0,3162.8
legal,baseline_ocr,97,"According to Baltic International Bank's financial instruments details, what potential losses arise from conducting trades beyond standard session times?",,>10,0.0,0.0,0.0,0.0,0.0,510.21
legal,baseline_ocr,98,What are the comparative statistics for racial groups between the general U.S. demographics and those incarcerated?,,>10,0.0,0.0,0.0,0.0,0.0,331.33
legal,baseline_ocr,99,What was the total number of service calls managed by the YCSO in 2018 based on their records?,4.0,2-5,0.0,1.0,1.0,0.25,0.25,781.86
legal,proposed,0,"In 2020, how much did the Maine Insurance Guaranty Association collect from each recovery category?",1.0,1,0.3333333333333333,0.6666666666666666,0.6666666666666666,1.0,1.0,1153.26
legal,proposed,1,"In the 2020 MIGA Annual Report, how much assessment ability was estimated for 'Other' categories using 2% of the 2019 net direct written premiums?",1.0,1,0.5,1.0,1.0,1.0,1.0,701.53
legal,proposed,2,"In the data compiled for 2010, which locations are reported to have over 40% of their correctional facilities under private management?",1.0,1,1.0,1.0,1.0,1.0,1.0,293.34
legal,proposed,3,"In the context of the BIIAB's educational program, which substances are identified as frequently connected to unlawful acts on licensed locations?",1.0,1,1.0,1.0,1.0,1.0,1.0,289.56
legal,proposed,4,For what reason is the Ombudsperson initiative by SOS Children’s Villages being established worldwide to aid individuals affected by abuse?,1.0,1,1.0,1.0,1.0,1.0,1.0,389.94
legal,proposed,5,"In the 2020 authority request disclosure document, where is the discussion on Telenor Pakistan found?",1.0,1,1.0,1.0,1.0,1.0,1.0,605.1
legal,proposed,6,"During the period from 2006 to 2016, when did the most courts establish an online presence?",1.0,1,1.0,1.0,1.0,1.0,1.0,273.66
legal,proposed,7,When does the agreement between Mastar Florida Corp. and InforSense.com end according to the overview of contracts dashboard?,1.0,1,1.0,1.0,1.0,1.0,1.0,309.04
legal,proposed,8,On what date did the Active Non-Disclosure Agreement titled 'Mutual Confidentiality Agreement' between Mastar Barcelona S.A. and Access Limited become effective?,,>10,0.0,0.0,0.0,0.0,0.0,277.3
legal,proposed,9,"If an urgent legal document requires alt text and consent is given for later inclusion, what should the drafter do?",1.0,1,0.5,1.0,1.0,1.0,1.0,285.48
legal,proposed,10,"In the contract signed by Mr. Washburn, what date is found within the termination provision?",1.0,1,1.0,1.0,1.0,1.0,1.0,478.46
legal,proposed,11,"According to the Australian Institute of Criminology, what elements increase the risk of repeat sexual offenses by child sex offenders as time progresses?",1.0,1,0.25,1.0,1.0,1.0,1.0,397.79
legal,proposed,12,How do the feature sets and subscription models of LegiNation's BillTrack50 compare to those of TrackBill for tracking legislative activities?,1.0,1,0.3333333333333333,1.0,1.0,1.0,1.0,558.21
legal,proposed,13,Can you provide the start and end dates for the active agreements listed in the Contracts - Purchase contracts dashboard related to NDAs?,3.0,2-5,0.0,1.0,1.0,0.3333333333333333,0.3333333333333333,529.44
legal,proposed,14,How is a significant transaction defined when it involves an Issuer borrowing or lending amounts exceeding 10% of its market value?,1.0,1,1.0,1.0,1.0,1.0,1.0,291.11
legal,proposed,15,In how many instances involving claims of domestic mistreatment is unrestricted interaction with the child determined?,1.0,1,1.0,1.0,1.0,1.0,1.0,257.05
legal,proposed,16,How might the use of digital trading systems introduce potential hazards according to the banking risk assessment?,1.0,1,0.5,1.0,1.0,1.0,1.0,443.75
legal,proposed,17,"In Arizona's right of way, what infrastructure, associated with the Small Cell Act of 2018, is utilized for telecommunication purposes?",1.0,1,1.0,1.0,1.0,1.0,1.0,290.66
legal,proposed,18,"Which conditions must a business meet in terms of revenue reduction and workforce size to qualify for the Ontario Small Business Support Grant starting December 26, 2020?",1.0,1,0.5,1.0,1.0,1.0,1.0,415.93
legal,proposed,19,In what way does the Risk Assessment report illustrate the compliance conditions of different file categories?,1.0,1,1.0,1.0,1.0,1.0,1.0,253.58
legal,proposed,20,What was the trend in serious road injuries in Durham from 2016 through 2020?,1.0,1,0.25,1.0,1.0,1.0,1.0,307.25
legal,proposed,21,"In the context of the Half-way House program, how do rearrest, reconviction, and re-imprisonment rates differ between those who completed the program successfully and those who did not?",1.0,1,1.0,1.0,1.0,1.0,1.0,279.59
legal,proposed,22,"In the recidivism analysis, how do the re-arrest percentages for those who did not complete their programs differ between the half-way house and day reporting?",1.0,1,1.0,1.0,1.0,1.0,1.0,283.5
legal,proposed,23,"Where does 3M possess a trio of operations: sales, manufacturing, and technical expertise?",1.0,1,1.0,1.0,1.0,1.0,1.0,320.91
legal,proposed,24,"How many people follow the Yuba County Sheriff's profiles on Facebook, Twitter, and Instagram?",1.0,1,1.0,1.0,1.0,1.0,1.0,1392.88
legal,proposed,25,What is the difference in the proportion of insured people between the age groups 45 to 54 and 55 to 64 based on the 2020 data from the U.S. Census Bureau?,1.0,1,1.0,1.0,1.0,1.0,1.0,310.76
legal,proposed,26,"In the context of federally funded initiatives, which activities are considered suitable for direct cost allocation, including research data management and extensive administrative effort?",1.0,1,0.5,1.0,1.0,1.0,1.0,247.1
legal,proposed,27,"Which subjects are covered in the Amnesty International document discussing changes to Poland's judicial system, addressing issues like the Supreme Court?",1.0,1,0.3333333333333333,0.6666666666666666,1.0,1.0,0.8095238095238094,320.0
legal,proposed,28,Who are the law enforcement officers at the trial of Richard Daschbach in Oecusse?,1.0,1,1.0,1.0,1.0,1.0,1.0,741.76
legal,proposed,29,"How old, on average, are the individuals involved in the report from the Specialized Dockets Section of Ohio's Supreme Court?",1.0,1,0.5,1.0,1.0,1.0,1.0,282.22
legal,proposed,30,When do the agreements involving Master International and Wolters Kluwer Belgium start and end?,,>10,0.0,0.0,0.0,0.0,0.0,480.95
legal,proposed,31,Which accolade did Entain receive in 2020 for its commitment to responsible gambling at the EGR event?,1.0,1,1.0,1.0,1.0,1.0,1.0,1137.25
legal,proposed,32,"In the context of Rueda and Emmenegger's findings, how does one's employment condition impact their propensity to support major right-wing parties?",1.0,1,1.0,1.0,1.0,1.0,1.0,948.41
legal,proposed,33,How does European Directive 2014/59/EU describe the dangers linked to investing in unsecured credit institution instruments?,1.0,1,0.5,1.0,1.0,1.0,1.0,350.12
legal,proposed,34,When does the contract named 'BUSINESS AGREEMENT' between Mastar Florida Corp. and InforSense.com terminate according to the contract overview?,1.0,1,1.0,1.0,1.0,1.0,1.0,308.27
legal,proposed,35,"In the 2020 report on authority requests, which pages cover Telenor's activities in both Bangladesh and Norway?",1.0,1,0.5,1.0,1.0,1.0,1.0,307.18
legal,proposed,36,"When is the shareholder assembly for the Natural Gas Services Group, Inc. set to occur, including its specific time?",3.0,2-5,0.0,1.0,1.0,0.3333333333333333,0.3333333333333333,515.04
legal,proposed,37,"What led to the court's decision to overturn and return the case involving Maimouna Barry against US Airways Group, Inc.?",2.0,2-5,0.0,1.0,1.0,0.5,0.6388888888888888,622.43
legal,proposed,38,"In the 'Collaborating for Freedom' analysis, which funding type decreased from 2017 to 2019?",1.0,1,1.0,1.0,1.0,1.0,1.0,300.46
legal,proposed,39,"Until what date could businesses apply for the Ontario grant supporting small enterprises impacted by the shutdown starting on December 26, 2020?",1.0,1,0.5,1.0,1.0,1.0,1.0,275.09
legal,proposed,40,Who is listed as the approver for the CCTV Policy's implementation at the Tower Learning Centre in the review details?,1.0,1,1.0,1.0,1.0,1.0,1.0,316.68
legal,proposed,41,Which organization is connected to the Sprout Anarchist group located in Grand Rapids?,1.0,1,1.0,1.0,1.0,1.0,1.0,294.69
legal,proposed,42,"For the NFA group modeled with a Mixture Exponential distribution, how does the chance of arrest in the upcoming year, given it hasn't happened yet, change over the first eight years?",1.0,1,1.0,1.0,1.0,1.0,1.0,273.13
legal,proposed,43,"Among U.S. adolescents, what is the proportion that favors Snapchat over other platforms like YouTube?",2.0,2-5,0.0,1.0,1.0,0.5,0.5,282.54
legal,proposed,44,At what stage is alt text required for images in a principal or amending Bill according to the Federal Register procedures?,1.0,1,0.5,1.0,1.0,1.0,1.0,317.63
legal,proposed,45,"As of March 31, 2021, what is the cumulative balance for the Chamber of Tax Consultants accounting for all specified memberships and designated funds?",1.0,1,0.3333333333333333,1.0,1.0,1.0,1.0,570.0
legal,proposed,46,How were the mobile devices affected following their seizure by Croatian authorities using aerial assistance?,1.0,1,1.0,1.0,1.0,1.0,1.0,337.58
legal,proposed,47,How does understanding of coercive control vary among different age groups?,1.0,1,1.0,1.0,1.0,1.0,1.0,302.7
legal,proposed,48,"At what time and through what method will the Governance Committee of Sullivan County Infrastructure LDC convene on December 23, 2020?",1.0,1,0.3333333333333333,1.0,1.0,1.0,1.0,2417.55
legal,proposed,49,How do the initial costs and ongoing fees compare between Retirement Village and Sterling New Life for elderly accommodation options?,1.0,1,1.0,1.0,1.0,1.0,1.0,316.56
legal,proposed,50,"What is mentioned concerning gender terminology in the Council's policy reapproved in May 2021, based on a September 2018 directive?",1.0,1,0.3333333333333333,1.0,1.0,1.0,1.0,330.66
legal,proposed,51,When does the corporate software license agreement between Master International Holding B.V. and Wolters Kluwer Belgium conclude?,6.0,6-10,0.0,0.0,1.0,0.16666666666666666,0.16666666666666666,275.0
legal,proposed,52,How many people are employed worldwide by 3M in the current year?,1.0,1,1.0,1.0,1.0,1.0,1.0,378.8
legal,proposed,53,"According to the 2020 data from the American Community Survey, what is the insured percentage for those aged 65 and above?",1.0,1,1.0,1.0,1.0,1.0,1.0,288.61
legal,proposed,54,What inquiry is made to the electorate concerning the possible merger of the Mesa Water District with the Costa Mesa Sanitary District in the advisory ballot?,1.0,1,0.5,1.0,1.0,1.0,1.0,396.55
legal,proposed,55,What were the reasons for partially upholding and partially overturning the ruling in the Wal-Mart vs. Sweasy case labeled 2008-CA-001571-WC?,1.0,1,0.3333333333333333,1.0,1.0,1.0,1.0,256.1
legal,proposed,56,"What key approaches are utilized by SOS Children’s Villages to aid young individuals affected by mistreatment, such as the safeguarding and empowerment initiatives?",1.0,1,1.0,1.0,1.0,1.0,1.0,257.87
legal,proposed,57,"In the disciplinary procedure, what is the function of the Headteacher alongside the Chair of Governors at the Written Warning Meeting stage?",1.0,1,1.0,1.0,1.0,1.0,1.0,1289.48
legal,proposed,58,What was the total amount assigned to the legal referral initiative by the Law Foundation of Newfoundland and Labrador over the years 1980 to 2014?,1.0,1,0.5,1.0,1.0,1.0,1.0,383.22
legal,proposed,59,What is the date when the preliminary inquiry was submitted in Case C-20/21 against a Polish airline company?,1.0,1,1.0,1.0,1.0,1.0,1.0,280.32
legal,proposed,60,"In business risk evaluations, what weaknesses are connected to the absence of fire detection mechanisms?",1.0,1,1.0,1.0,1.0,1.0,1.0,733.5
legal,proposed,61,"What was the transformation in Peru's economic output from 1970, set as the baseline, to 2010?",1.0,1,1.0,1.0,1.0,1.0,1.0,755.47
legal,proposed,62,What differences are observed in the detection of amphetamine when comparing 'high spiked' and 'low spiked' marks in fingermark analysis at m/z 368.4?,1.0,1,1.0,1.0,1.0,1.0,1.0,309.16
legal,proposed,63,"How did the availability of N95 masks change for healthcare staff in Ontario on October 8, 2020, amid the pandemic?",1.0,1,0.25,0.75,1.0,1.0,0.8541666666666666,276.1
legal,proposed,64,Which principal topics are highlighted in the second section of the Ninth Programme of Law Reform by the Scottish Law Commission?,1.0,1,0.3333333333333333,0.6666666666666666,0.6666666666666666,1.0,1.0,384.83
legal,proposed,65,"Based on the July 2021 report from the Australian Institute of Criminology, what factors and periods are linked to sexual reoffending in child sex offenders?",1.0,1,0.25,1.0,1.0,1.0,1.0,248.09
legal,proposed,66,"What were the conclusions or decisions in the dispute between Mark Steven Thomas and Rita Rose Thomas, case number 2008-CA-001036-ME, regarding the opinion result?",1.0,1,0.3333333333333333,1.0,1.0,1.0,1.0,323.01
legal,proposed,67,How does the whistleblowing policy document describe the guiding principle of Slindon College?,1.0,1,1.0,1.0,1.0,1.0,1.0,1244.88
legal,proposed,68,Which standards connected to the Wise Giving Alliance are referenced in the Legal Review by the Native American Rights Fund?,1.0,1,1.0,1.0,1.0,1.0,1.0,274.1
legal,proposed,69,"How are CSOs involved in initiatives such as FSC, FLEGT, EITI, and the Kimberley Process concerning resource governance?",1.0,1,0.5,1.0,1.0,1.0,1.0,280.74
legal,proposed,70,"What was the outcome determined by the Kentucky appellate court regarding the legal matter involving James Wesley Heady, identified as case number 2008-CA-001976-MR?",1.0,1,0.3333333333333333,1.0,1.0,1.0,1.0,341.32
legal,proposed,71,What details are specified on the tags of standard DuraPro connectors for toilet tanks featuring plastic coupling nuts?,1.0,1,1.0,1.0,1.0,1.0,1.0,1175.34
legal,proposed,72,"What responsibilities are outlined in the proxy voting procedure for choosing directors and deciding on executive pay at Natural Gas Services Group, Inc.'s 2021 meeting?",1.0,1,0.25,1.0,1.0,1.0,1.0,275.27
legal,proposed,73,"According to the evaluation chart, what risk classification corresponds to a score of 80.7% on social media performance?",1.0,1,1.0,1.0,1.0,1.0,1.0,288.08
legal,proposed,74,"What shifts occurred in the participation of various entities in anti-slavery collaborations from 2017 to 2019, focusing on the contributions of non-governmental organizations, local government bodies, and law enforcement?",1.0,1,1.0,1.0,1.0,1.0,1.0,323.68
legal,proposed,75,How did 3M allocate its supplier spending globally from 2016 to 2020?,1.0,1,1.0,1.0,1.0,1.0,1.0,1101.48
legal,proposed,76,How does the prescription rate of psychotropic drugs differ between male and female youths in Virginia's juvenile detention facilities?,1.0,1,1.0,1.0,1.0,1.0,1.0,250.38
legal,proposed,77,"In instances involving claims of domestic abuse, how often was no contact directive issued?",1.0,1,1.0,1.0,1.0,1.0,1.0,258.54
legal,proposed,78,What impact did the events from the T Day Ordinance through Takeshima Days between 2005 and 2015 have on material conflicts between Japan and South Korea?,1.0,1,1.0,1.0,1.0,1.0,1.0,257.33
legal,proposed,79,How does the Sterling New Life plan financially benefit seniors as opposed to conventional retirement communities?,1.0,1,1.0,1.0,1.0,1.0,1.0,551.77
legal,proposed,80,When did the contractual agreement with ABC Inc. regarding Corporate software start?,2.0,2-5,0.0,1.0,1.0,0.5,0.5,297.15
legal,proposed,81,What is the difference in total hours between disciplinary and other cases as specified in Provision 7's subdivisions (d)(1) through (d)(4)?,1.0,1,1.0,1.0,1.0,1.0,1.0,268.73
legal,proposed,82,What are the key objectives outlined for groups focused on freeing occupied regions and dismantling adversary nations?,1.0,1,0.3333333333333333,1.0,1.0,1.0,0.8666666666666667,1127.78
legal,proposed,83,What causes unsecured bond investors to face drawbacks versus depositors under the EU directive related to financial institution recovery?,1.0,1,0.5,1.0,1.0,1.0,1.0,289.87
legal,proposed,84,"Which parties are appealing in the cases identified by the numbers 20027685 and 20027841, associated with Costco and BRE RC Maui Kapalua LLC?",1.0,1,1.0,1.0,1.0,1.0,1.0,277.63
legal,proposed,85,What ruling was made in the case numbered 2008-CA-001571-WC related to Wal-Mart Stores and a workers' compensation dispute?,1.0,1,0.3333333333333333,1.0,1.0,1.0,1.0,239.14
legal,proposed,86,Identify the appellant company linked to TMK 3-8-079-022-0000 in the case number 20027685.,1.0,1,1.0,1.0,1.0,1.0,1.0,291.2
legal,proposed,87,"How does Ontario's Main Street Relief Grant assist enterprises affected by the public health restrictions declared on October 9, 2020?",1.0,1,0.5,1.0,1.0,1.0,1.0,265.85
legal,proposed,88,"According to the risk evaluation dated August 4, 2025, what percentage represents the candidate's LinkedIn social risk level?",1.0,1,1.0,1.0,1.0,1.0,1.0,360.17
legal,proposed,89,"What amount was collected over the year as Life Membership Fees based on the financial report of the Chamber of Tax Consultants ending March 31, 2021?",1.0,1,0.3333333333333333,1.0,1.0,1.0,1.0,708.98
legal,proposed,90,"How long, on average, was the abuse committed by priests in relation to the count of victims affected?",1.0,1,1.0,1.0,1.0,1.0,1.0,286.63
legal,proposed,91,What is the signing date of the contract between Mr. Washburn and the City of Osage Beach?,1.0,1,1.0,1.0,1.0,1.0,1.0,326.51
legal,proposed,92,Which parts are listed under the coaching segment for intramural matches in the 2013 Fall guide of the Valley Stream Soccer Club for parents and coaches?,1.0,1,0.5,1.0,1.0,1.0,1.0,319.56
legal,proposed,93,"Between 2017 and 2019, which funding source for partnerships saw the biggest decline, specifically in terms of government contributions?",1.0,1,1.0,1.0,1.0,1.0,1.0,903.15
legal,proposed,94,Identify the chapter titles and numbers listed in the first section of ISO/IEC 17021–1:2015.,1.0,1,1.0,1.0,1.0,1.0,1.0,318.49
legal,proposed,95,"When does the business contract between Mastar Denmark AB and its associated party conclude, according to the Contracts dashboard details?",1.0,1,1.0,1.0,1.0,1.0,1.0,1012.69
legal,proposed,96,How does the insurance rate differ between those aged 26 to 34 and those from 35 to 44 based on census data?,1.0,1,1.0,1.0,1.0,1.0,1.0,1182.05
legal,proposed,97,"According to Baltic International Bank's financial instruments details, what potential losses arise from conducting trades beyond standard session times?",1.0,1,0.5,1.0,1.0,1.0,1.0,403.1
legal,proposed,98,What are the comparative statistics for racial groups between the general U.S. demographics and those incarcerated?,1.0,1,1.0,1.0,1.0,1.0,1.0,335.71
legal,proposed,99,What was the total number of service calls managed by the YCSO in 2018 based on their records?,1.0,1,1.0,1.0,1.0,1.0,1.0,318.34
